ISO-10303-21;
HEADER;
FILE_DESCRIPTION (( 'STEP AP214' ),
    '1' );
FILE_NAME ('T3397-600.STEP',
    '2023-02-26T11:46:08',
    ( 'ADMIN' ),
    ( '' ),
    'SwSTEP 2.0',
    'SolidWorks 2016',
    '' );
FILE_SCHEMA (( 'AUTOMOTIVE_DESIGN' ));
ENDSEC;

DATA;
#1 = CARTESIAN_POINT ( 'NONE',  ( -51.32238325557922600, -5.991623239962826200, 8.171826876284193000 ) ) ;
#2 =( NAMED_UNIT ( * ) SI_UNIT ( $, .STERADIAN. ) SOLID_ANGLE_UNIT ( ) );
#3 = EDGE_CURVE ( 'NONE', #6910, #82, #9244, .T. ) ;
#4 = DIRECTION ( 'NONE',  ( -0.8829475928589505300, -0.1984072558012505400, -0.4254857331450750400 ) ) ;
#5 = CARTESIAN_POINT ( 'NONE',  ( -49.62238325557927300, -9.137516936461088000, 1.762674078905580600 ) ) ;
#6 = VERTEX_POINT ( 'NONE', #3383 ) ;
#7 = AXIS2_PLACEMENT_3D ( 'NONE', #1471, #1076, #6565 ) ;
#8 = FACE_OUTER_BOUND ( 'NONE', #9742, .T. ) ;
#9 = EDGE_LOOP ( 'NONE', ( #9560, #3581, #1600, #11012 ) ) ;
#10 = CYLINDRICAL_SURFACE ( 'NONE', #4108, 7.750000000007136500 ) ;
#11 = LINE ( 'NONE', #1647, #6309 ) ;
#12 = ADVANCED_FACE ( 'F275', ( #2459 ), #3549, .T. ) ;
#13 = FACE_OUTER_BOUND ( 'NONE', #8921, .T. ) ;
#15 = DIRECTION ( 'NONE',  ( -0.0000000000000000000, -0.4226182617407007200, -0.9063077870366492700 ) ) ;
#14 = DIRECTION ( 'NONE',  ( 1.000000000000000000, 2.009809788925401600E-013, 2.645964783881782400E-014 ) ) ;
#16 = ORIENTED_EDGE ( 'NONE', *, *, #2481, .F. ) ;
#17 = VECTOR ( 'NONE', #6769, 1000.000000000000000 ) ;
#18 = ORIENTED_EDGE ( 'NONE', *, *, #10096, .F. ) ;
#19 = CARTESIAN_POINT ( 'NONE',  ( -51.62238325557900300, -5.891769348552800000, 9.857117602826400900 ) ) ;
#20 = LINE ( 'NONE', #5762, #6589 ) ;
#21 = ORIENTED_EDGE ( 'NONE', *, *, #9740, .F. ) ;
#22 = CARTESIAN_POINT ( 'NONE',  ( -43.12238325557900300, -3.251112787854700100, 11.63849878703599900 ) ) ;
#23 = CARTESIAN_POINT ( 'NONE',  ( -51.32238325557899800, -9.119842775773248500, 8.281152887635540700 ) ) ;
#24 = VERTEX_POINT ( 'NONE', #3580 ) ;
#25 = EDGE_CURVE ( 'NONE', #9469, #3212, #6179, .T. ) ;
#26 = STYLED_ITEM ( 'NONE', ( #5162 ), #6887 ) ;
#27 = FACE_OUTER_BOUND ( 'NONE', #928, .T. ) ;
#28 = EDGE_CURVE ( 'NONE', #10081, #4849, #3960, .T. ) ;
#29 = FACE_BOUND ( 'NONE', #2610, .T. ) ;
#30 = CARTESIAN_POINT ( 'NONE',  ( -39.82238325557899100, -4.980643189124251100, 7.837845432904499500 ) ) ;
#31 = DIRECTION ( 'NONE',  ( 7.836868409123277900E-013, 0.0000000000000000000, -1.000000000000000000 ) ) ;
#32 = ORIENTED_EDGE ( 'NONE', *, *, #4136, .T. ) ;
#33 = FACE_BOUND ( 'NONE', #10277, .T. ) ;
#34 = CARTESIAN_POINT ( 'NONE',  ( -30.82238325557900500, -3.105255223089199200, 5.602845086874334700 ) ) ;
#35 = DIRECTION ( 'NONE',  ( -0.0000000000000000000, 0.4226182617407087100, 0.9063077870366458300 ) ) ;
#36 = VERTEX_POINT ( 'NONE', #1631 ) ;
#37 = CARTESIAN_POINT ( 'NONE',  ( -53.12238325557899500, -11.70884666412930000, 12.12058214781050000 ) ) ;
#38 = AXIS2_PLACEMENT_3D ( 'NONE', #2685, #4673, #1587 ) ;
#39 = DIRECTION ( 'NONE',  ( -7.836868409118702800E-013, 0.0000000000000000000, -1.000000000000000000 ) ) ;
#40 = B_SPLINE_CURVE_WITH_KNOTS ( 'NONE', 3,
 ( #7862, #9584, #3601, #9539 ),
 .UNSPECIFIED., .F., .F.,
 ( 4, 4 ),
 ( 0.0000000000000000000, 1.000000000000000000 ),
 .UNSPECIFIED. ) ;
#41 = CARTESIAN_POINT ( 'NONE',  ( -51.32238325557899800, -11.11803839845496700, 5.652349654472375900 ) ) ;
#42 = CARTESIAN_POINT ( 'NONE',  ( -32.62238325557900300, -4.807103841705799900, 12.91575829094900000 ) ) ;
#43 = LINE ( 'NONE', #8621, #4378 ) ;
#44 = LINE ( 'NONE', #5669, #6867 ) ;
#45 = ORIENTED_EDGE ( 'NONE', *, *, #5808, .T. ) ;
#46 = CARTESIAN_POINT ( 'NONE',  ( -51.32238325557899800, -10.37728606835116300, 6.294417519499387700 ) ) ;
#47 = LINE ( 'NONE', #827, #8860 ) ;
#48 = ADVANCED_FACE ( 'F309', ( #5906 ), #10186, .T. ) ;
#49 = ORIENTED_EDGE ( 'NONE', *, *, #4274, .F. ) ;
#50 = AXIS2_PLACEMENT_3D ( 'NONE', #6366, #6244, #6176 ) ;
#51 = CARTESIAN_POINT ( 'NONE',  ( -31.42238325557900000, -4.468841275216100000, 0.06917779765836699900 ) ) ;
#52 = LINE ( 'NONE', #3110, #2098 ) ;
#53 = CARTESIAN_POINT ( 'NONE',  ( -37.32238325557828800, -17.74074303513774000, 5.706278267109453000 ) ) ;
#54 = ORIENTED_EDGE ( 'NONE', *, *, #9389, .T. ) ;
#55 = VECTOR ( 'NONE', #7548, 1000.000000000000000 ) ;
#56 = DIRECTION ( 'NONE',  ( -0.0000000000000000000, 0.4226182617407860400, 0.9063077870366096400 ) ) ;
#57 = CARTESIAN_POINT ( 'NONE',  ( -41.52238325557900100, -7.925382846887164800, 11.55254094634845100 ) ) ;
#58 = CARTESIAN_POINT ( 'NONE',  ( -51.97238325557899700, -5.644295877602799800, 3.051418449571199800 ) ) ;
#59 =( GEOMETRIC_REPRESENTATION_CONTEXT ( 3 ) GLOBAL_UNCERTAINTY_ASSIGNED_CONTEXT ( ( #4660 ) ) GLOBAL_UNIT_ASSIGNED_CONTEXT ( ( #2983, #8910, #3863 ) ) REPRESENTATION_CONTEXT ( 'NONE', 'WORKASPACE' ) );
#60 = ORIENTED_EDGE ( 'NONE', *, *, #3406, .T. ) ;
#61 = ORIENTED_EDGE ( 'NONE', *, *, #2332, .F. ) ;
#62 = ORIENTED_EDGE ( 'NONE', *, *, #4850, .F. ) ;
#63 = DIRECTION ( 'NONE',  ( -7.073195076234402900E-014, 0.0000000000000000000, 1.000000000000000000 ) ) ;
#64 = PLANE ( 'NONE',  #5781 ) ;
#65 = EDGE_CURVE ( 'NONE', #7117, #3481, #7597, .T. ) ;
#66 = DIRECTION ( 'NONE',  ( 0.0000000000000000000, 0.9063077870366472700, -0.4226182617407052100 ) ) ;
#67 = EDGE_CURVE ( 'NONE', #10478, #749, #3682, .T. ) ;
#68 = CARTESIAN_POINT ( 'NONE',  ( -40.42238325557900000, -9.123429179502013000, 2.239647782982505200 ) ) ;
#69 = CARTESIAN_POINT ( 'NONE',  ( -51.32238325557886300, -9.970373907084404400, 6.220562832116839600 ) ) ;
#70 = ADVANCED_FACE ( 'F199', ( #2734 ), #1114, .F. ) ;
#71 = EDGE_LOOP ( 'NONE', ( #6608, #11034, #9616, #2875 ) ) ;
#72 = DIRECTION ( 'NONE',  ( -6.133738584346914900E-031, -0.9063077870366264000, 0.4226182617407498500 ) ) ;
#73 = ORIENTED_EDGE ( 'NONE', *, *, #9232, .T. ) ;
#74 = EDGE_CURVE ( 'NONE', #10953, #5320, #3407, .T. ) ;
#75 = ORIENTED_EDGE ( 'NONE', *, *, #892, .F. ) ;
#76 = AXIS2_PLACEMENT_3D ( 'NONE', #1016, #1843, #4693 ) ;
#77 = CARTESIAN_POINT ( 'NONE',  ( -40.92238325557900700, -18.19004867136099800, 8.232886555953699700 ) ) ;
#78 = CARTESIAN_POINT ( 'NONE',  ( -51.62238325557900300, -12.81387191729899800, 12.02058214781100000 ) ) ;
#79 = ORIENTED_EDGE ( 'NONE', *, *, #9949, .F. ) ;
#80 = FACE_OUTER_BOUND ( 'NONE', #2642, .T. ) ;
#81 = CARTESIAN_POINT ( 'NONE',  ( -39.82238325557899800, -6.457431091337500800, 10.06452986892505100 ) ) ;
#82 = VERTEX_POINT ( 'NONE', #2705 ) ;
#83 = DIRECTION ( 'NONE',  ( 1.000000000000000000, 0.0000000000000000000, 0.0000000000000000000 ) ) ;
#84 = EDGE_CURVE ( 'NONE', #9507, #648, #7616, .T. ) ;
#85 = CARTESIAN_POINT ( 'NONE',  ( -41.22238325557900400, -12.84466960175634200, 1.712956931506757200 ) ) ;
#86 = VERTEX_POINT ( 'NONE', #3474 ) ;
#87 = ORIENTED_EDGE ( 'NONE', *, *, #1604, .F. ) ;
#88 = DIRECTION ( 'NONE',  ( 0.0000000000000000000, -0.8191520442890231100, -0.5735764363510013100 ) ) ;
#89 = EDGE_CURVE ( 'NONE', #9279, #4358, #9924, .T. ) ;
#90 = PLANE ( 'NONE',  #7599 ) ;
#91 = LINE ( 'NONE', #6677, #4686 ) ;
#92 = MECHANICAL_DESIGN_GEOMETRIC_PRESENTATION_REPRESENTATION (  '', ( #9474 ), #676 ) ;
#93 = VERTEX_POINT ( 'NONE', #2776 ) ;
#94 = UNCERTAINTY_MEASURE_WITH_UNIT (LENGTH_MEASURE( 1.000000000000000100E-005 ), #10481, 'distance_accuracy_value', 'NONE');
#95 = DIRECTION ( 'NONE',  ( -0.0000000000000000000, 0.7660444431190051000, 0.6427876096865070600 ) ) ;
#96 = PLANE ( 'NONE',  #9879 ) ;
#97 = DIRECTION ( 'NONE',  ( -3.339473067880405900E-014, 0.4226182617408430500, 0.9063077870365831000 ) ) ;
#98 = EDGE_LOOP ( 'NONE', ( #1430, #4032, #9939, #7538 ) ) ;
#99 = VERTEX_POINT ( 'NONE', #2371 ) ;
#100 = ORIENTED_EDGE ( 'NONE', *, *, #3788, .F. ) ;
#101 = FACE_OUTER_BOUND ( 'NONE', #4031, .T. ) ;
#102 = VERTEX_POINT ( 'NONE', #2605 ) ;
#103 = DIRECTION ( 'NONE',  ( 1.000000000000000000, -0.0000000000000000000, -0.0000000000000000000 ) ) ;
#104 = EDGE_CURVE ( 'NONE', #7258, #5322, #9657, .T. ) ;
#105 = ADVANCED_FACE ( 'F97', ( #5655 ), #2404, .T. ) ;
#106 = DIRECTION ( 'NONE',  ( -0.0000000000000000000, 0.7660444431190051000, 0.6427876096865070600 ) ) ;
#107 =( NAMED_UNIT ( * ) SI_UNIT ( $, .STERADIAN. ) SOLID_ANGLE_UNIT ( ) );
#108 = AXIS2_PLACEMENT_3D ( 'NONE', #2617, #4352, #39 ) ;
#109 = EDGE_CURVE ( 'NONE', #7984, #7141, #5126, .T. ) ;
#110 = CARTESIAN_POINT ( 'NONE',  ( -54.32238325557887700, -8.536769409500779600, 10.24141823171816800 ) ) ;
#111 = VERTEX_POINT ( 'NONE', #1029 ) ;
#112 = CARTESIAN_POINT ( 'NONE',  ( -51.62238325557900300, -5.845175363062699200, 9.801589053225297800 ) ) ;
#113 = ORIENTED_EDGE ( 'NONE', *, *, #3873, .F. ) ;
#114 = CARTESIAN_POINT ( 'NONE',  ( -37.52238325557900100, -3.913587620778200100, 7.499612421946800100 ) ) ;
#115 = DIRECTION ( 'NONE',  ( 0.0000000000000000000, 0.9063077870365755500, -0.4226182617408593700 ) ) ;
#116 =( GEOMETRIC_REPRESENTATION_CONTEXT ( 3 ) GLOBAL_UNCERTAINTY_ASSIGNED_CONTEXT ( ( #9263 ) ) GLOBAL_UNIT_ASSIGNED_CONTEXT ( ( #5020, #4610, #4570 ) ) REPRESENTATION_CONTEXT ( 'NONE', 'WORKASPACE' ) );
#117 = CARTESIAN_POINT ( 'NONE',  ( -47.37238325557901000, -10.66415241746427600, 2.958098827941829000 ) ) ;
#118 = ORIENTED_EDGE ( 'NONE', *, *, #130, .F. ) ;
#119 = LINE ( 'NONE', #1579, #6676 ) ;
#120 = CARTESIAN_POINT ( 'NONE',  ( -29.82238325557900200, -16.53249533852699900, 5.694552072712799200 ) ) ;
#121 = ORIENTED_EDGE ( 'NONE', *, *, #5394, .T. ) ;
#122 = AXIS2_PLACEMENT_3D ( 'NONE', #7478, #10940, #5828 ) ;
#123 = CARTESIAN_POINT ( 'NONE',  ( -37.32238325557889200, -16.81324172836780700, 10.23897794014605900 ) ) ;
#124 = CARTESIAN_POINT ( 'NONE',  ( -54.32238325557899800, -11.42924294139900000, 17.43141801386600400 ) ) ;
#125 = VECTOR ( 'NONE', #5596, 1000.000000000000000 ) ;
#126 = ORIENTED_EDGE ( 'NONE', *, *, #2693, .F. ) ;
#128 = SURFACE_STYLE_USAGE ( .BOTH. , #5279 ) ;
#127 = CARTESIAN_POINT ( 'NONE',  ( -32.32238325557899800, -4.614547938994699700, 0.1371219308225400100 ) ) ;
#129 = PRESENTATION_STYLE_ASSIGNMENT (( #172 ) ) ;
#130 = EDGE_CURVE ( 'NONE', #7040, #4036, #7361, .T. ) ;
#131 = COLOUR_RGB ( '',1.000000000000000000, 0.0000000000000000000, 0.0000000000000000000 ) ;
#132 = EDGE_CURVE ( 'NONE', #6123, #7883, #3139, .T. ) ;
#133 = LINE ( 'NONE', #9044, #4200 ) ;
#134 = DIRECTION ( 'NONE',  ( -5.920288589536064300E-014, 0.4226182617406329400, 0.9063077870366810200 ) ) ;
#135 = CARTESIAN_POINT ( 'NONE',  ( -50.82238325557884900, -4.620648734188021600, 8.342255044036242900 ) ) ;
#136 = ORIENTED_EDGE ( 'NONE', *, *, #2105, .T. ) ;
#137 = CARTESIAN_POINT ( 'NONE',  ( -51.32238325557913300, -10.90382141096313800, 11.42058214876516200 ) ) ;
#138 = PRESENTATION_STYLE_ASSIGNMENT (( #4420 ) ) ;
#139 = DIRECTION ( 'NONE',  ( 0.0000000000000000000, 0.4226182617406849500, 0.9063077870366567100 ) ) ;
#140 = EDGE_LOOP ( 'NONE', ( #2780, #923, #2179, #7824 ) ) ;
#141 = PLANE ( 'NONE',  #6710 ) ;
#142 = PLANE ( 'NONE',  #10038 ) ;
#143 = VECTOR ( 'NONE', #4176, 1000.000000000000200 ) ;
#144 = DIRECTION ( 'NONE',  ( 0.0000000000000000000, -0.9063077870366493800, 0.4226182617407007700 ) ) ;
#145 = CONICAL_SURFACE ( 'NONE', #8209, 1.074999999999290300, 0.7853981633980432500 ) ;
#146 = B_SPLINE_CURVE_WITH_KNOTS ( 'NONE', 3,
 ( #10157, #4225, #5893, #779 ),
 .UNSPECIFIED., .F., .F.,
 ( 4, 4 ),
 ( 0.0000000000000000000, 1.000000000000000000 ),
 .UNSPECIFIED. ) ;
#147 = EDGE_CURVE ( 'NONE', #9744, #6699, #2864, .T. ) ;
#148 = EDGE_CURVE ( 'NONE', #5919, #8156, #7094, .T. ) ;
#149 = VERTEX_POINT ( 'NONE', #604 ) ;
#150 = VECTOR ( 'NONE', #3639, 1000.000000000000100 ) ;
#151 = CARTESIAN_POINT ( 'NONE',  ( -37.32238320644655300, -20.56359987333833300, 0.9540194743452422600 ) ) ;
#152 = EDGE_LOOP ( 'NONE', ( #2094, #4548, #1390, #211 ) ) ;
#153 = B_SPLINE_CURVE_WITH_KNOTS ( 'NONE', 3,
 ( #5510, #8803, #5505, #6163 ),
 .UNSPECIFIED., .F., .F.,
 ( 4, 4 ),
 ( 0.0000000000000000000, 1.000000000000000000 ),
 .UNSPECIFIED. ) ;
#154 = CARTESIAN_POINT ( 'NONE',  ( -51.32238325557899800, -6.309460544991868100, 9.421468290661335800 ) ) ;
#155 = PRESENTATION_STYLE_ASSIGNMENT (( #4584 ) ) ;
#156 = FACE_OUTER_BOUND ( 'NONE', #645, .T. ) ;
#157 = CARTESIAN_POINT ( 'NONE',  ( -53.12238325557945700, -11.82569358225205400, 9.044347730077504400 ) ) ;
#158 = FACE_OUTER_BOUND ( 'NONE', #10093, .T. ) ;
#159 = EDGE_CURVE ( 'NONE', #1476, #8899, #563, .T. ) ;
#160 = CARTESIAN_POINT ( 'NONE',  ( -42.42238325557900700, -8.943816418262200000, 2.624828592473100300 ) ) ;
#161 = PRESENTATION_LAYER_ASSIGNMENT (  '', '', ( #10698 ) ) ;
#162 = ADVANCED_FACE ( 'F144', ( #9103 ), #10, .T. ) ;
#163 = CARTESIAN_POINT ( 'NONE',  ( -32.62238325557900300, -11.70640637255645800, 3.444109828943726200 ) ) ;
#164 = ORIENTED_EDGE ( 'NONE', *, *, #4095, .T. ) ;
#165 = LINE ( 'NONE', #8975, #8985 ) ;
#166 = VERTEX_POINT ( 'NONE', #357 ) ;
#167 = FILL_AREA_STYLE_COLOUR ( '', #4097 ) ;
#168 =( LENGTH_UNIT ( ) NAMED_UNIT ( * ) SI_UNIT ( .MILLI., .METRE. ) );
#169 = DIRECTION ( 'NONE',  ( 0.0000000000000000000, -0.9063077870366567100, 0.4226182617406849500 ) ) ;
#170 = FACE_OUTER_BOUND ( 'NONE', #9455, .T. ) ;
#171 =( NAMED_UNIT ( * ) SI_UNIT ( $, .STERADIAN. ) SOLID_ANGLE_UNIT ( ) );
#173 = SURFACE_STYLE_USAGE ( .BOTH. , #5312 ) ;
#172 = SURFACE_STYLE_USAGE ( .BOTH. , #5311 ) ;
#174 = B_SPLINE_CURVE_WITH_KNOTS ( 'NONE', 3,
 ( #5534, #9786, #6384, #1285, #7218, #2143, #8081, #3018, #8938, #3890 ),
 .UNSPECIFIED., .F., .F.,
 ( 4, 2, 2, 2, 4 ),
 ( 0.0000000000000000000, 0.2500000000000000000, 0.5000000000000000000, 0.7500000000000000000, 1.000000000000000000 ),
 .UNSPECIFIED. ) ;
#175 = CARTESIAN_POINT ( 'NONE',  ( -53.12238325557835600, -7.339698907860858800, 6.952494058966770800 ) ) ;
#176 = CARTESIAN_POINT ( 'NONE',  ( -33.92238325557900000, -10.72375950607598400, 0.2274492724353623700 ) ) ;
#177 = VERTEX_POINT ( 'NONE', #325 ) ;
#178 = VECTOR ( 'NONE', #6860, 1000.000000000000200 ) ;
#179 = VECTOR ( 'NONE', #2500, 1000.000000000000000 ) ;
#180 = ORIENTED_EDGE ( 'NONE', *, *, #7810, .F. ) ;
#181 = FACE_OUTER_BOUND ( 'NONE', #459, .T. ) ;
#182 = UNCERTAINTY_MEASURE_WITH_UNIT (LENGTH_MEASURE( 1.000000000000000100E-005 ), #10353, 'distance_accuracy_value', 'NONE');
#183 = CARTESIAN_POINT ( 'NONE',  ( -53.12238325557866100, -11.70884666412944200, 11.72058214781121400 ) ) ;
#184 = CARTESIAN_POINT ( 'NONE',  ( -50.62238325557901000, -8.885488883370724600, 14.81754046878194800 ) ) ;
#185 = DIRECTION ( 'NONE',  ( 0.9659258262891902100, -0.2345697160093926400, 0.1093816549464218200 ) ) ;
#186 = ORIENTED_EDGE ( 'NONE', *, *, #10690, .F. ) ;
#187 = FACE_OUTER_BOUND ( 'NONE', #611, .T. ) ;
#188 = CYLINDRICAL_SURFACE ( 'NONE', #3071, 0.9750000000000564900 ) ;
#189 = ORIENTED_EDGE ( 'NONE', *, *, #5104, .T. ) ;
#190 = FACE_OUTER_BOUND ( 'NONE', #4093, .T. ) ;
#191 = DIRECTION ( 'NONE',  ( 0.0000000000000000000, -0.6427876096865071700, 0.7660444431190051000 ) ) ;
#192 = CARTESIAN_POINT ( 'NONE',  ( -37.28484386395701500, -20.56364577726838000, 0.9540408796993112800 ) ) ;
#193 = DIRECTION ( 'NONE',  ( 0.0000000000000000000, 0.4226182617407054900, 0.9063077870366471600 ) ) ;
#194 = VERTEX_POINT ( 'NONE', #369 ) ;
#195 = CARTESIAN_POINT ( 'NONE',  ( -37.79080237997386900, -17.06160902949027000, 10.35479351469387900 ) ) ;
#196 = AXIS2_PLACEMENT_3D ( 'NONE', #8002, #2934, #8852 ) ;
#197 = EDGE_CURVE ( 'NONE', #2244, #979, #2325, .T. ) ;
#198 = ADVANCED_FACE ( 'F91', ( #4611 ), #204, .T. ) ;
#199 = ORIENTED_EDGE ( 'NONE', *, *, #8381, .T. ) ;
#200 = DIRECTION ( 'NONE',  ( 0.0000000000000000000, -0.9063077870365829900, 0.4226182617408431000 ) ) ;
#201 = ORIENTED_EDGE ( 'NONE', *, *, #10257, .F. ) ;
#202 = CARTESIAN_POINT ( 'NONE',  ( -51.62238325557900300, -12.95884666413300000, 11.42058214781100000 ) ) ;
#203 = DIRECTION ( 'NONE',  ( 0.0000000000000000000, -0.4226182617404751800, -0.9063077870367545200 ) ) ;
#204 = PLANE ( 'NONE',  #4672 ) ;
#205 = VERTEX_POINT ( 'NONE', #53 ) ;
#206 = ORIENTED_EDGE ( 'NONE', *, *, #4136, .F. ) ;
#207 = CARTESIAN_POINT ( 'NONE',  ( -33.92238325557900000, -12.17812567429900000, 5.153636342444799300 ) ) ;
#208 = AXIS2_PLACEMENT_3D ( 'NONE', #202, #6188, #1086 ) ;
#209 = DIRECTION ( 'NONE',  ( 0.0000000000000000000, -0.6427876096860158900, 0.7660444431194172200 ) ) ;
#210 = VECTOR ( 'NONE', #1759, 1000.000000000000200 ) ;
#211 = ORIENTED_EDGE ( 'NONE', *, *, #5068, .F. ) ;
#212 = DIRECTION ( 'NONE',  ( 5.500510726409450900E-013, -0.7660444431191825200, -0.6427876096862957800 ) ) ;
#213 = ADVANCED_FACE ( 'F56', ( #4344 ), #64, .T. ) ;
#214 = CARTESIAN_POINT ( 'NONE',  ( -32.62238325557900300, -7.449200067275399700, 9.734276312872699700 ) ) ;
#215 = EDGE_CURVE ( 'NONE', #8929, #7776, #2057, .T. ) ;
#216 = DIRECTION ( 'NONE',  ( 0.0000000000000000000, -0.7071067811865577900, 0.7071067811865373600 ) ) ;
#217 = EDGE_CURVE ( 'NONE', #2288, #3723, #6579, .T. ) ;
#218 = DIRECTION ( 'NONE',  ( 1.000000000000000000, 0.0000000000000000000, 0.0000000000000000000 ) ) ;
#219 =( NAMED_UNIT ( * ) PLANE_ANGLE_UNIT ( ) SI_UNIT ( $, .RADIAN. ) );
#220 = ORIENTED_EDGE ( 'NONE', *, *, #10236, .T. ) ;
#221 = CARTESIAN_POINT ( 'NONE',  ( -44.82238325557901200, -17.38853814899729900, 14.92075474264379900 ) ) ;
#222 = ORIENTED_EDGE ( 'NONE', *, *, #4009, .F. ) ;
#223 = EDGE_CURVE ( 'NONE', #10920, #502, #2588, .T. ) ;
#224 = AXIS2_PLACEMENT_3D ( 'NONE', #6381, #8884, #3834 ) ;
#225 = CARTESIAN_POINT ( 'NONE',  ( -39.82238325557899800, -6.291896519370451000, 10.33397059614300100 ) ) ;
#226 = CARTESIAN_POINT ( 'NONE',  ( -49.62238325557867600, -16.24038559931338800, 13.83367345651467800 ) ) ;
#227 = DIRECTION ( 'NONE',  ( 0.0000000000000000000, -0.9063077870366471600, 0.4226182617407054900 ) ) ;
#228 = VERTEX_POINT ( 'NONE', #8502 ) ;
#229 =( NAMED_UNIT ( * ) PLANE_ANGLE_UNIT ( ) SI_UNIT ( $, .RADIAN. ) );
#230 = ORIENTED_EDGE ( 'NONE', *, *, #9826, .T. ) ;
#231 = ORIENTED_EDGE ( 'NONE', *, *, #7082, .T. ) ;
#232 = CIRCLE ( 'NONE', #1040, 1.199999999999809700 ) ;
#233 = VERTEX_POINT ( 'NONE', #8463 ) ;
#234 = DIRECTION ( 'NONE',  ( 0.0000000000000000000, -0.9063077870366447200, 0.4226182617407107700 ) ) ;
#235 = DIRECTION ( 'NONE',  ( -1.000000000000000000, -0.0000000000000000000, -0.0000000000000000000 ) ) ;
#236 = EDGE_CURVE ( 'NONE', #9052, #5411, #10588, .T. ) ;
#237 = DIRECTION ( 'NONE',  ( -1.000000000000000000, 0.0000000000000000000, 0.0000000000000000000 ) ) ;
#238 = AXIS2_PLACEMENT_3D ( 'NONE', #10998, #5878, #767 ) ;
#239 = DIRECTION ( 'NONE',  ( -1.000000000000000000, -0.0000000000000000000, -0.0000000000000000000 ) ) ;
#240 = ORIENTED_EDGE ( 'NONE', *, *, #2539, .F. ) ;
#241 = ORIENTED_EDGE ( 'NONE', *, *, #9690, .T. ) ;
#242 = LINE ( 'NONE', #1869, #6793 ) ;
#243 = DIRECTION ( 'NONE',  ( 0.0000000000000000000, 0.9063077870366338400, -0.4226182617407341400 ) ) ;
#244 = LINE ( 'NONE', #5413, #2286 ) ;
#245 = ORIENTED_EDGE ( 'NONE', *, *, #8223, .F. ) ;
#246 = PLANE ( 'NONE',  #2149 ) ;
#247 = VERTEX_POINT ( 'NONE', #8721 ) ;
#248 = CARTESIAN_POINT ( 'NONE',  ( -31.42238325557900000, -9.515755838622249400, 1.043370309925600900 ) ) ;
#249 = ORIENTED_EDGE ( 'NONE', *, *, #8592, .F. ) ;
#250 = VECTOR ( 'NONE', #8598, 1000.000000000000100 ) ;
#251 = ADVANCED_FACE ( 'F126', ( #6308 ), #1522, .F. ) ;
#252 = DIRECTION ( 'NONE',  ( 0.0000000000000000000, 0.0000000000000000000, -1.000000000000000000 ) ) ;
#253 = EDGE_CURVE ( 'NONE', #594, #3157, #3820, .T. ) ;
#254 = FACE_OUTER_BOUND ( 'NONE', #1164, .T. ) ;
#255 = CARTESIAN_POINT ( 'NONE',  ( -51.32238325557899100, -6.796357144027876300, 5.331554563747618000 ) ) ;
#256 = CARTESIAN_POINT ( 'NONE',  ( -51.32238325557899100, -7.194835021996949500, 5.296692266759299300 ) ) ;
#257 = CARTESIAN_POINT ( 'NONE',  ( -51.32238325557899800, -4.627603292940800200, 7.728253633671002400 ) ) ;
#258 = LINE ( 'NONE', #3412, #7334 ) ;
#259 = ORIENTED_EDGE ( 'NONE', *, *, #10305, .T. ) ;
#260 = VECTOR ( 'NONE', #360, 1000.000000000000000 ) ;
#261 = CARTESIAN_POINT ( 'NONE',  ( -28.92238325557900300, -17.45634698168899800, 6.125351168918601100 ) ) ;
#262 = CARTESIAN_POINT ( 'NONE',  ( -37.25278269837421900, -20.56681567595306200, 0.9555190277315520600 ) ) ;
#263 = VECTOR ( 'NONE', #8966, 1000.000000000000000 ) ;
#264 = CARTESIAN_POINT ( 'NONE',  ( -35.97238325557899700, -16.07410869409718400, 15.60997638036208500 ) ) ;
#265 = FACE_OUTER_BOUND ( 'NONE', #3331, .T. ) ;
#266 = ADVANCED_FACE ( 'F169', ( #10859 ), #8914, .T. ) ;
#267 = PLANE ( 'NONE',  #4184 ) ;
#268 = CARTESIAN_POINT ( 'NONE',  ( -51.32238325557886300, -9.165808997185154200, 7.069341948271865100 ) ) ;
#269 = AXIS2_PLACEMENT_3D ( 'NONE', #2412, #862, #904 ) ;
#270 = ORIENTED_EDGE ( 'NONE', *, *, #6864, .T. ) ;
#271 = CARTESIAN_POINT ( 'NONE',  ( -37.18749475448223100, -20.57850267375945900, 0.9609687643095192700 ) ) ;
#272 = LINE ( 'NONE', #3388, #6826 ) ;
#273 = DIRECTION ( 'NONE',  ( 1.000000000000000000, 0.0000000000000000000, 0.0000000000000000000 ) ) ;
#274 = VECTOR ( 'NONE', #6093, 1000.000000000000100 ) ;
#275 = AXIS2_PLACEMENT_3D ( 'NONE', #3514, #2684, #8619 ) ;
#276 = CARTESIAN_POINT ( 'NONE',  ( -51.32238325557899800, -5.529456594539099400, 2.395717057588600000 ) ) ;
#277 = CARTESIAN_POINT ( 'NONE',  ( -51.32238325557899800, -6.101790167226100800, 9.796265902627702400 ) ) ;
#278 = CARTESIAN_POINT ( 'NONE',  ( -47.57238325557924700, -9.336446514473209400, 7.580024512671971400 ) ) ;
#279 = DIRECTION ( 'NONE',  ( -7.103455424048832200E-015, 0.4226182617407321900, 0.9063077870366347300 ) ) ;
#281 = DIRECTION ( 'NONE',  ( 0.9659258262892367300, -0.2345697160093561900, 0.1093816549460888000 ) ) ;
#280 = PLANE ( 'NONE',  #9257 ) ;
#282 = ORIENTED_EDGE ( 'NONE', *, *, #3469, .F. ) ;
#283 = EDGE_CURVE ( 'NONE', #2585, #1324, #6037, .T. ) ;
#284 = EDGE_LOOP ( 'NONE', ( #6893, #783, #6044, #5189 ) ) ;
#285 = CARTESIAN_POINT ( 'NONE',  ( -31.42238325557900000, -7.068480784466100200, -0.9253462286610302200 ) ) ;
#286 = VECTOR ( 'NONE', #978, 1000.000000000000200 ) ;
#287 = EDGE_CURVE ( 'NONE', #10104, #1192, #8031, .T. ) ;
#288 = VECTOR ( 'NONE', #663, 1000.000000000000000 ) ;
#289 = LINE ( 'NONE', #4026, #2327 ) ;
#290 = VECTOR ( 'NONE', #9480, 1000.000000000000100 ) ;
#291 = DIRECTION ( 'NONE',  ( 0.0000000000000000000, -0.9063077870365828800, 0.4226182617408434900 ) ) ;
#292 = DIRECTION ( 'NONE',  ( 0.0000000000000000000, 0.8191520442889826900, 0.5735764363510591500 ) ) ;
#293 = EDGE_CURVE ( 'NONE', #194, #11063, #5776, .T. ) ;
#294 = ORIENTED_EDGE ( 'NONE', *, *, #8745, .T. ) ;
#295 =( GEOMETRIC_REPRESENTATION_CONTEXT ( 3 ) GLOBAL_UNCERTAINTY_ASSIGNED_CONTEXT ( ( #8486 ) ) GLOBAL_UNIT_ASSIGNED_CONTEXT ( ( #2373, #2354, #2316 ) ) REPRESENTATION_CONTEXT ( 'NONE', 'WORKASPACE' ) );
#296 = LINE ( 'NONE', #11065, #2334 ) ;
#297 = CARTESIAN_POINT ( 'NONE',  ( -39.82238325557899800, -6.227617758401801300, 10.25736615183100000 ) ) ;
#298 = VERTEX_POINT ( 'NONE', #9838 ) ;
#299 = PLANE ( 'NONE',  #10053 ) ;
#300 = ORIENTED_EDGE ( 'NONE', *, *, #6670, .F. ) ;
#301 = VERTEX_POINT ( 'NONE', #9403 ) ;
#302 = FACE_OUTER_BOUND ( 'NONE', #2229, .T. ) ;
#303 = SURFACE_STYLE_USAGE ( .BOTH. , #5436 ) ;
#304 = COLOUR_RGB ( '',1.000000000000000000, 0.6588235294117647000, 0.0000000000000000000 ) ;
#305 = B_SPLINE_CURVE_WITH_KNOTS ( 'NONE', 3,
 ( #8575, #3506, #6050, #943 ),
 .UNSPECIFIED., .F., .F.,
 ( 4, 4 ),
 ( 0.0000000000000000000, 1.000000000000000000 ),
 .UNSPECIFIED. ) ;
#306 = EDGE_CURVE ( 'NONE', #1223, #9012, #7756, .T. ) ;
#307 = EDGE_CURVE ( 'NONE', #8906, #9469, #10317, .T. ) ;
#308 = CARTESIAN_POINT ( 'NONE',  ( -51.62238325557900300, -11.47677931914010300, 3.226686159183599600 ) ) ;
#309 = ORIENTED_EDGE ( 'NONE', *, *, #7630, .F. ) ;
#310 = VERTEX_POINT ( 'NONE', #8123 ) ;
#311 = VECTOR ( 'NONE', #203, 1000.000000000000100 ) ;
#312 = PLANE ( 'NONE',  #10562 ) ;
#313 = LINE ( 'NONE', #4487, #6855 ) ;
#314 = ORIENTED_EDGE ( 'NONE', *, *, #3873, .T. ) ;
#315 = EDGE_CURVE ( 'NONE', #1187, #1490, #9935, .T. ) ;
#316 = MECHANICAL_DESIGN_GEOMETRIC_PRESENTATION_REPRESENTATION (  '', ( #10264 ), #898 ) ;
#317 = ADVANCED_FACE ( 'F98', ( #1131, #5670 ), #565, .T. ) ;
#318 = AXIS2_PLACEMENT_3D ( 'NONE', #7760, #2687, #8623 ) ;
#319 = CARTESIAN_POINT ( 'NONE',  ( -37.15565651659387900, -20.58716446191211700, 0.9650078224584224300 ) ) ;
#320 = DIRECTION ( 'NONE',  ( -1.000000000000000000, 0.0000000000000000000, -0.0000000000000000000 ) ) ;
#321 = ORIENTED_EDGE ( 'NONE', *, *, #9903, .T. ) ;
#322 = DIRECTION ( 'NONE',  ( 0.0000000000000000000, -0.9063077870365046100, 0.4226182617410110800 ) ) ;
#323 = DIRECTION ( 'NONE',  ( 1.000000000000000000, 0.0000000000000000000, 0.0000000000000000000 ) ) ;
#324 = VECTOR ( 'NONE', #1786, 1000.000000000000100 ) ;
#325 = CARTESIAN_POINT ( 'NONE',  ( -51.62238325557900300, -10.60382141096300200, 12.02058214781100000 ) ) ;
#326 = LINE ( 'NONE', #3112, #6610 ) ;
#327 = VERTEX_POINT ( 'NONE', #8014 ) ;
#328 = CARTESIAN_POINT ( 'NONE',  ( -54.42238325557900000, -10.30468286585200000, 2.900813215047600500 ) ) ;
#330 = CARTESIAN_POINT ( 'NONE',  ( -32.62238325557900300, -6.208897088501019300, -1.326176688914739900 ) ) ;
#329 = CARTESIAN_POINT ( 'NONE',  ( -51.32238325557899800, -12.97472872745576900, 12.02058214781100200 ) ) ;
#331 = UNCERTAINTY_MEASURE_WITH_UNIT (LENGTH_MEASURE( 1.000000000000000100E-005 ), #9276, 'distance_accuracy_value', 'NONE');
#332 = CARTESIAN_POINT ( 'NONE',  ( -33.92238325557900000, -12.28378023973406900, 4.927059395685690300 ) ) ;
#333 = CARTESIAN_POINT ( 'NONE',  ( -32.02238325557899400, -11.41185634176999900, 3.306758893877800100 ) ) ;
#334 = PLANE ( 'NONE',  #8875 ) ;
#335 = VERTEX_POINT ( 'NONE', #2677 ) ;
#336 = CARTESIAN_POINT ( 'NONE',  ( -51.32238325557899800, -13.12551333079566800, 11.32058214781100200 ) ) ;
#337 = ORIENTED_EDGE ( 'NONE', *, *, #4722, .T. ) ;
#338 = CARTESIAN_POINT ( 'NONE',  ( -41.83292810458891600, -9.440392875807557300, 1.559916942705027900 ) ) ;
#339 = LINE ( 'NONE', #6682, #4653 ) ;
#340 = ORIENTED_EDGE ( 'NONE', *, *, #480, .T. ) ;
#341 = ORIENTED_EDGE ( 'NONE', *, *, #104, .F. ) ;
#342 = DIRECTION ( 'NONE',  ( -0.0000000000000000000, 0.4226182617407690000, 0.9063077870366175200 ) ) ;
#343 = VERTEX_POINT ( 'NONE', #2639 ) ;
#344 = ORIENTED_EDGE ( 'NONE', *, *, #7357, .T. ) ;
#345 = CARTESIAN_POINT ( 'NONE',  ( -37.09359150893244800, -20.61012461671635900, 0.9757143184760676000 ) ) ;
#346 = CARTESIAN_POINT ( 'NONE',  ( -51.32238325557929700, -12.03826202746782000, 9.881461844700817600 ) ) ;
#347 = AXIS2_PLACEMENT_3D ( 'NONE', #9727, #8878, #3831 ) ;
#348 = ORIENTED_EDGE ( 'NONE', *, *, #3928, .T. ) ;
#349 = DIRECTION ( 'NONE',  ( 0.0000000000000000000, 0.9063077870366502700, -0.4226182617406987200 ) ) ;
#350 = DIRECTION ( 'NONE',  ( 0.0000000000000000000, -0.9063077870366435000, 0.4226182617407132600 ) ) ;
#351 = ORIENTED_EDGE ( 'NONE', *, *, #1261, .F. ) ;
#352 = CARTESIAN_POINT ( 'NONE',  ( -37.06755881670385100, -20.62247967095450500, 0.9814755748842379800 ) ) ;
#353 = ORIENTED_EDGE ( 'NONE', *, *, #3803, .T. ) ;
#354 = EDGE_CURVE ( 'NONE', #9874, #1277, #5404, .T. ) ;
#355 = ORIENTED_EDGE ( 'NONE', *, *, #1673, .T. ) ;
#356 = CARTESIAN_POINT ( 'NONE',  ( -50.62238325557900300, -9.413761710546600300, 13.68465573498600000 ) ) ;
#357 = CARTESIAN_POINT ( 'NONE',  ( -51.32238325557899800, -13.48864023356728700, 8.368249783137461200 ) ) ;
#358 = FILL_AREA_STYLE ('',( #3501 ) ) ;
#359 = ORIENTED_EDGE ( 'NONE', *, *, #3714, .T. ) ;
#360 = DIRECTION ( 'NONE',  ( -0.0000000000000000000, 0.4226182617406859000, 0.9063077870366562600 ) ) ;
#361 = EDGE_LOOP ( 'NONE', ( #2282, #3541, #8896, #2432 ) ) ;
#362 = SURFACE_STYLE_USAGE ( .BOTH. , #406 ) ;
#363 = ORIENTED_EDGE ( 'NONE', *, *, #7212, .T. ) ;
#364 = VECTOR ( 'NONE', #1890, 1000.000000000000000 ) ;
#365 = CARTESIAN_POINT ( 'NONE',  ( -36.92238325557900700, -7.778259198206669100, -1.146060078221934800 ) ) ;
#366 = ADVANCED_FACE ( 'F259', ( #3156 ), #5169, .T. ) ;
#367 = EDGE_LOOP ( 'NONE', ( #5281, #3296, #7991, #9918 ) ) ;
#368 = FILL_AREA_STYLE ('',( #1250 ) ) ;
#369 = CARTESIAN_POINT ( 'NONE',  ( -50.62238325557900300, -4.807103841705771400, 12.91575829094898600 ) ) ;
#370 = EDGE_CURVE ( 'NONE', #7895, #6529, #9670, .T. ) ;
#371 = EDGE_CURVE ( 'NONE', #1809, #10081, #1246, .T. ) ;
#372 = CARTESIAN_POINT ( 'NONE',  ( -32.62238325557900300, -7.170633082159729300, -4.808347132910386200 ) ) ;
#373 = CARTESIAN_POINT ( 'NONE',  ( -37.32238325557737100, -20.15577425341472700, 0.7638472645828526800 ) ) ;
#374 = ORIENTED_EDGE ( 'NONE', *, *, #523, .T. ) ;
#375 = CARTESIAN_POINT ( 'NONE',  ( -39.42238325557900000, -7.778259198206700200, -1.146060078222000100 ) ) ;
#376 = CARTESIAN_POINT ( 'NONE',  ( -54.32238325557919000, -8.795680687242194700, 2.495744281036905900 ) ) ;
#377 = EDGE_LOOP ( 'NONE', ( #4999, #10654, #2319, #10615 ) ) ;
#378 = EDGE_CURVE ( 'NONE', #6633, #9230, #7372, .T. ) ;
#379 = ORIENTED_EDGE ( 'NONE', *, *, #8363, .T. ) ;
#380 = VECTOR ( 'NONE', #10267, 1000.000000000000100 ) ;
#381 = AXIS2_PLACEMENT_3D ( 'NONE', #328, #2226, #4568 ) ;
#382 = ORIENTED_EDGE ( 'NONE', *, *, #5526, .T. ) ;
#383 = CARTESIAN_POINT ( 'NONE',  ( -30.82238325557900200, -9.765175359090198600, 6.897232696681900400 ) ) ;
#384 = DIRECTION ( 'NONE',  ( 1.000000000000000000, 0.0000000000000000000, 0.0000000000000000000 ) ) ;
#385 = DIRECTION ( 'NONE',  ( -0.0000000000000000000, 0.4226182617407135400, 0.9063077870366433900 ) ) ;
#386 = DIRECTION ( 'NONE',  ( 0.0000000000000000000, 0.9063077870365754400, -0.4226182617408589200 ) ) ;
#387 = EDGE_LOOP ( 'NONE', ( #6351, #2141, #5256, #3051, #10409, #8027, #7967, #4069, #9426, #5342, #573, #9312, #6024, #9549, #1062, #4879, #6375, #240, #7231 ) ) ;
#388 = DIRECTION ( 'NONE',  ( 0.9659258262892197500, -0.2345697160093520600, 0.1093816549462474400 ) ) ;
#389 = ORIENTED_EDGE ( 'NONE', *, *, #7955, .F. ) ;
#390 = CARTESIAN_POINT ( 'NONE',  ( -37.01606891735569600, -20.65193219052191900, 0.9952095103104838800 ) ) ;
#391 = SURFACE_STYLE_FILL_AREA ( #9738 ) ;
#392 = CARTESIAN_POINT ( 'NONE',  ( -42.42238325557900700, -14.10977080437150000, 5.033752684395100400 ) ) ;
#393 =( NAMED_UNIT ( * ) PLANE_ANGLE_UNIT ( ) SI_UNIT ( $, .RADIAN. ) );
#394 = FILL_AREA_STYLE ('',( #10646 ) ) ;
#395 = AXIS2_PLACEMENT_3D ( 'NONE', #6689, #1595, #7524 ) ;
#396 = PLANE ( 'NONE',  #224 ) ;
#397 = VECTOR ( 'NONE', #10508, 1000.000000000000000 ) ;
#398 = EDGE_LOOP ( 'NONE', ( #9016, #45, #9334, #5004, #1980, #8650, #6697 ) ) ;
#400 = DIRECTION ( 'NONE',  ( 0.0000000000000000000, 0.9063077870366526000, -0.4226182617406938300 ) ) ;
#399 = CARTESIAN_POINT ( 'NONE',  ( -37.32238325557666800, -17.82367729925073300, 10.37913840923081600 ) ) ;
#401 = LINE ( 'NONE', #1545, #9209 ) ;
#402 = ORIENTED_EDGE ( 'NONE', *, *, #8931, .F. ) ;
#403 = FACE_OUTER_BOUND ( 'NONE', #9024, .T. ) ;
#404 = DIRECTION ( 'NONE',  ( 0.0000000000000000000, -0.9063077870366484900, 0.4226182617407026600 ) ) ;
#405 = PLANE ( 'NONE',  #11006 ) ;
#406 = SURFACE_SIDE_STYLE ('',( #9938 ) ) ;
#407 = DIRECTION ( 'NONE',  ( 1.000000000000000000, -7.807046758806955900E-013, -6.830280870083328900E-014 ) ) ;
#408 = CARTESIAN_POINT ( 'NONE',  ( -37.32238325557889200, -15.63504160522073000, 9.689574199882923000 ) ) ;
#409 = AXIS2_PLACEMENT_3D ( 'NONE', #2945, #10608, #10625 ) ;
#410 = VECTOR ( 'NONE', #9779, 1000.000000000000000 ) ;
#411 = ORIENTED_EDGE ( 'NONE', *, *, #3109, .T. ) ;
#412 = VECTOR ( 'NONE', #1018, 1000.000000000000000 ) ;
#413 = DIRECTION ( 'NONE',  ( 0.0000000000000000000, 0.9961946980917220100, 0.08715574274792735300 ) ) ;
#414 = ORIENTED_EDGE ( 'NONE', *, *, #1117, .T. ) ;
#415 = VECTOR ( 'NONE', #10854, 1000.000000000000100 ) ;
#416 = CARTESIAN_POINT ( 'NONE',  ( -40.42238325557900000, -9.987963198679199900, 4.408191287200373200 ) ) ;
#417 = ORIENTED_EDGE ( 'NONE', *, *, #10560, .F. ) ;
#418 = VECTOR ( 'NONE', #4967, 1000.000000000000100 ) ;
#419 = CARTESIAN_POINT ( 'NONE',  ( -36.99187562274309500, -20.66864304037564200, 1.003001907571557900 ) ) ;
#420 = ORIENTED_EDGE ( 'NONE', *, *, #5807, .F. ) ;
#421 = FACE_OUTER_BOUND ( 'NONE', #11040, .T. ) ;
#422 = CARTESIAN_POINT ( 'NONE',  ( -32.02238325557899400, -20.10123566271228400, 3.849695876772011100 ) ) ;
#423 = DIRECTION ( 'NONE',  ( -0.0000000000000000000, 0.7660444431190051000, 0.6427876096865070600 ) ) ;
#424 = CYLINDRICAL_SURFACE ( 'NONE', #11071, 0.8500000000000053100 ) ;
#425 = DIRECTION ( 'NONE',  ( 8.446290927817065700E-014, 0.4226182617408593100, 0.9063077870365754400 ) ) ;
#426 = DIRECTION ( 'NONE',  ( 0.0000000000000000000, -0.4226182617407859300, -0.9063077870366096400 ) ) ;
#427 = ADVANCED_FACE ( 'F228', ( #9388 ), #246, .T. ) ;
#428 = DIRECTION ( 'NONE',  ( -0.9962405881956771800, 0.05568444403121501600, -0.06636213622590379800 ) ) ;
#429 = CARTESIAN_POINT ( 'NONE',  ( -36.95791316341642800, -20.69668620026127200, 1.016078647785096900 ) ) ;
#430 = VERTEX_POINT ( 'NONE', #332 ) ;
#431 = EDGE_LOOP ( 'NONE', ( #2321, #7406, #3785, #3547 ) ) ;
#432 = LINE ( 'NONE', #225, #4214 ) ;
#433 = EDGE_LOOP ( 'NONE', ( #1304, #9732, #379, #825 ) ) ;
#434 = LINE ( 'NONE', #8461, #5008 ) ;
#435 = DIRECTION ( 'NONE',  ( 7.510332225405469700E-014, 0.0000000000000000000, 1.000000000000000000 ) ) ;
#436 = SURFACE_STYLE_FILL_AREA ( #3288 ) ;
#437 = CARTESIAN_POINT ( 'NONE',  ( -37.32238325557829500, -2.244344051754011600, 3.445389382663213600 ) ) ;
#438 = FACE_OUTER_BOUND ( 'NONE', #10868, .T. ) ;
#439 = DIRECTION ( 'NONE',  ( -1.000000000000000000, -0.0000000000000000000, -0.0000000000000000000 ) ) ;
#440 = VECTOR ( 'NONE', #3617, 1000.000000000000000 ) ;
#441 = CARTESIAN_POINT ( 'NONE',  ( -28.92238325557900300, -15.79768861317399800, 5.351906069417101000 ) ) ;
#442 = EDGE_CURVE ( 'NONE', #6902, #4186, #7110, .T. ) ;
#443 = EDGE_CURVE ( 'NONE', #9279, #7401, #2878, .T. ) ;
#444 = CARTESIAN_POINT ( 'NONE',  ( -44.82238325557901200, -12.76295202690835900, 1.178340361352127100 ) ) ;
#445 = ORIENTED_EDGE ( 'NONE', *, *, #2774, .F. ) ;
#446 = CIRCLE ( 'NONE', #9717, 7.749999999999970700 ) ;
#447 = EDGE_LOOP ( 'NONE', ( #5026, #1311, #118, #10354 ) ) ;
#448 = LINE ( 'NONE', #9095, #9259 ) ;
#449 = DIRECTION ( 'NONE',  ( 0.0000000000000000000, -0.9063077870366490500, 0.4226182617407014400 ) ) ;
#450 = DIRECTION ( 'NONE',  ( 0.0000000000000000000, -0.9063077870366390600, 0.4226182617407228100 ) ) ;
#451 = EDGE_CURVE ( 'NONE', #10193, #4358, #4887, .T. ) ;
#452 = DIRECTION ( 'NONE',  ( 1.129040364025541300E-013, -1.000000000000000000, 0.0000000000000000000 ) ) ;
#453 = CARTESIAN_POINT ( 'NONE',  ( -51.32238325557872800, -10.98189897449448300, 9.146869239626212800 ) ) ;
#454 = AXIS2_PLACEMENT_3D ( 'NONE', #10432, #9890, #8867 ) ;
#455 = DIRECTION ( 'NONE',  ( -0.7071067811859104200, -0.7071067811871847300, 0.0000000000000000000 ) ) ;
#456 = ORIENTED_EDGE ( 'NONE', *, *, #7673, .F. ) ;
#457 = DIRECTION ( 'NONE',  ( 1.000000000000000000, 0.0000000000000000000, 0.0000000000000000000 ) ) ;
#458 = LINE ( 'NONE', #1634, #179 ) ;
#459 = EDGE_LOOP ( 'NONE', ( #817, #1977, #10944, #10741, #4162, #10429, #10896, #8919, #1239, #7528, #3917, #1661, #1460, #6290, #2917, #7571, #5137, #2796, #9501, #731, #3347, #7695, #10858, #5443, #2176, #1140, #7849, #3716, #9843 ) ) ;
#460 = CARTESIAN_POINT ( 'NONE',  ( -41.92238325557900000, -13.51222463822700000, 4.286176715461899700 ) ) ;
#461 = EDGE_CURVE ( 'NONE', #9744, #10086, #9121, .T. ) ;
#462 = PLANE ( 'NONE',  #1807 ) ;
#463 = CARTESIAN_POINT ( 'NONE',  ( -37.32238325557867900, -4.251663386367244600, -0.5837828745750415200 ) ) ;
#464 = FILL_AREA_STYLE ('',( #4761 ) ) ;
#465 = EDGE_CURVE ( 'NONE', #6655, #8480, #4629, .T. ) ;
#466 = CIRCLE ( 'NONE', #984, 6.999999999999811700 ) ;
#467 = DIRECTION ( 'NONE',  ( 1.000000000000000000, 0.0000000000000000000, 0.0000000000000000000 ) ) ;
#468 = ORIENTED_EDGE ( 'NONE', *, *, #6877, .T. ) ;
#469 = CARTESIAN_POINT ( 'NONE',  ( -36.94449347081054200, -20.70873998515547500, 1.021699419991017000 ) ) ;
#470 = CARTESIAN_POINT ( 'NONE',  ( -53.12238325557899500, -13.45884666412900000, 12.12058214781100100 ) ) ;
#471 = ORIENTED_EDGE ( 'NONE', *, *, #5168, .F. ) ;
#472 = CARTESIAN_POINT ( 'NONE',  ( -40.42238325557900000, -9.900588106886150500, 2.602042942425200100 ) ) ;
#473 = DIRECTION ( 'NONE',  ( -1.000000000000000000, -2.997966268482209200E-012, -3.946897469279887500E-013 ) ) ;
#474 = DIRECTION ( 'NONE',  ( 1.000000000000000000, 1.124744024573817900E-013, 9.840235151880140300E-015 ) ) ;
#475 = CARTESIAN_POINT ( 'NONE',  ( -53.12238325557899500, -13.48864023429700000, 8.368249784179601700 ) ) ;
#476 = ADVANCED_FACE ( 'F83', ( #29, #6597 ), #1243, .T. ) ;
#478 = DIRECTION ( 'NONE',  ( -5.920288589536063100E-014, 0.4226182617406328800, 0.9063077870366809100 ) ) ;
#477 = CARTESIAN_POINT ( 'NONE',  ( -53.12238325557899500, -7.101402242377099900, 8.818236007179999400 ) ) ;
#479 = ORIENTED_EDGE ( 'NONE', *, *, #2124, .F. ) ;
#480 = EDGE_CURVE ( 'NONE', #4670, #864, #3548, .T. ) ;
#481 = VECTOR ( 'NONE', #6431, 1000.000000000000000 ) ;
#482 = DIRECTION ( 'NONE',  ( 0.0000000000000000000, 0.9063077870366448300, -0.4226182617407103800 ) ) ;
#483 = SURFACE_STYLE_USAGE ( .BOTH. , #3090 ) ;
#484 = EDGE_LOOP ( 'NONE', ( #1593, #2829, #8346, #4171 ) ) ;
#485 = CARTESIAN_POINT ( 'NONE',  ( -29.52238325557900100, -7.725553930067730900, -0.6189479888989857200 ) ) ;
#486 = ADVANCED_FACE ( 'F124', ( #5788 ), #9802, .F. ) ;
#487 = EDGE_LOOP ( 'NONE', ( #2368, #7051, #21, #2262 ) ) ;
#488 = CARTESIAN_POINT ( 'NONE',  ( -53.12238325557899500, -13.45884666412900000, 11.32058214781100100 ) ) ;
#489 = DIRECTION ( 'NONE',  ( 1.000000000000000000, -6.830280870090087800E-014, 7.807046758812214700E-013 ) ) ;
#490 = VERTEX_POINT ( 'NONE', #2236 ) ;
#491 = CARTESIAN_POINT ( 'NONE',  ( -37.32238325557911200, -7.444807540227122500, -5.163373856329759100 ) ) ;
#492 = CARTESIAN_POINT ( 'NONE',  ( -39.42238325557900000, -16.88127741904149900, 5.360671764350899900 ) ) ;
#493 = VECTOR ( 'NONE', #1542, 1000.000000000000100 ) ;
#494 = EDGE_LOOP ( 'NONE', ( #4380, #2552, #2333, #6227 ) ) ;
#495 = AXIS2_PLACEMENT_3D ( 'NONE', #599, #97, #516 ) ;
#496 = DIRECTION ( 'NONE',  ( -1.697635250873307900E-014, -0.4226182617407079900, -0.9063077870366461600 ) ) ;
#497 = CARTESIAN_POINT ( 'NONE',  ( -36.92094059257720300, -20.73231027757527700, 1.032690427851324300 ) ) ;
#498 = CARTESIAN_POINT ( 'NONE',  ( -32.62238325557900300, -7.068480784466101100, -0.9253462286610301100 ) ) ;
#499 = VERTEX_POINT ( 'NONE', #4777 ) ;
#500 = CARTESIAN_POINT ( 'NONE',  ( -31.42238325557900000, -4.304242034004389900, -2.214331926970131800 ) ) ;
#501 = AXIS2_PLACEMENT_3D ( 'NONE', #4703, #10655, #5539 ) ;
#502 = VERTEX_POINT ( 'NONE', #4664 ) ;
#503 = VECTOR ( 'NONE', #5499, 1000.000000000000200 ) ;
#504 = DIRECTION ( 'NONE',  ( 1.000000000000000000, 1.124744024573817900E-013, 9.840235151880140300E-015 ) ) ;
#505 = VERTEX_POINT ( 'NONE', #4332 ) ;
#506 = CARTESIAN_POINT ( 'NONE',  ( -32.62238325557900300, -7.068480784466101100, -0.9253462286610301100 ) ) ;
#507 = EDGE_CURVE ( 'NONE', #2751, #4620, #1260, .T. ) ;
#508 = EDGE_CURVE ( 'NONE', #9160, #6902, #10064, .T. ) ;
#509 = DIRECTION ( 'NONE',  ( 1.212404037481728500E-013, 0.4226182617407725500, 0.9063077870366158500 ) ) ;
#510 = CARTESIAN_POINT ( 'NONE',  ( -51.32238325557904800, -7.931854265994402000, 7.581220880912368900 ) ) ;
#511 = CARTESIAN_POINT ( 'NONE',  ( -44.82238325557856500, -8.536769409501372900, 10.24141823171911100 ) ) ;
#512 = ORIENTED_EDGE ( 'NONE', *, *, #6021, .T. ) ;
#513 = VERTEX_POINT ( 'NONE', #2522 ) ;
#514 = ORIENTED_EDGE ( 'NONE', *, *, #109, .T. ) ;
#515 = ORIENTED_EDGE ( 'NONE', *, *, #9848, .T. ) ;
#516 = DIRECTION ( 'NONE',  ( 0.0000000000000000000, -0.9063077870365829900, 0.4226182617408431000 ) ) ;
#517 = ORIENTED_EDGE ( 'NONE', *, *, #5163, .F. ) ;
#518 = VERTEX_POINT ( 'NONE', #2444 ) ;
#519 = DIRECTION ( 'NONE',  ( -7.073195076234402900E-014, 0.0000000000000000000, 1.000000000000000000 ) ) ;
#520 = EDGE_CURVE ( 'NONE', #1969, #2372, #7493, .T. ) ;
#521 = VECTOR ( 'NONE', #1926, 1000.000000000000000 ) ;
#522 = CARTESIAN_POINT ( 'NONE',  ( -53.12238325557899500, -7.499880121613549600, 8.783373710080848400 ) ) ;
#523 = EDGE_CURVE ( 'NONE', #93, #865, #5267, .T. ) ;
#524 = FACE_OUTER_BOUND ( 'NONE', #2837, .T. ) ;
#525 = UNCERTAINTY_MEASURE_WITH_UNIT (LENGTH_MEASURE( 1.000000000000000100E-005 ), #5364, 'distance_accuracy_value', 'NONE');
#526 = EDGE_LOOP ( 'NONE', ( #8039, #4417, #1963, #8858, #4839, #6197 ) ) ;
#527 = DIRECTION ( 'NONE',  ( 0.0000000000000000000, -0.08715574274758826300, 0.9961946980917516500 ) ) ;
#528 = UNCERTAINTY_MEASURE_WITH_UNIT (LENGTH_MEASURE( 1.000000000000000100E-005 ), #168, 'distance_accuracy_value', 'NONE');
#529 = DIRECTION ( 'NONE',  ( 0.0000000000000000000, -0.9063077870366417200, 0.4226182617407172600 ) ) ;
#530 = EDGE_CURVE ( 'NONE', #5843, #3136, #706, .T. ) ;
#531 = MECHANICAL_DESIGN_GEOMETRIC_PRESENTATION_REPRESENTATION (  '', ( #8747 ), #1118 ) ;
#532 = ORIENTED_EDGE ( 'NONE', *, *, #9089, .F. ) ;
#533 = ADVANCED_FACE ( 'F171', ( #9522 ), #9246, .F. ) ;
#534 = VECTOR ( 'NONE', #6810, 1000.000000000000000 ) ;
#535 = ORIENTED_EDGE ( 'NONE', *, *, #508, .T. ) ;
#536 = AXIS2_PLACEMENT_3D ( 'NONE', #4866, #5706, #576 ) ;
#537 = DIRECTION ( 'NONE',  ( 0.0000000000000000000, -0.9063077870366441600, 0.4226182617407120400 ) ) ;
#538 = LINE ( 'NONE', #5652, #2297 ) ;
#539 = DIRECTION ( 'NONE',  ( -1.000000000000000000, 0.0000000000000000000, 0.0000000000000000000 ) ) ;
#540 = ADVANCED_FACE ( 'F282', ( #986, #2737, #5013 ), #3211, .T. ) ;
#541 = LINE ( 'NONE', #9303, #4851 ) ;
#542 = ORIENTED_EDGE ( 'NONE', *, *, #4002, .F. ) ;
#543 = LINE ( 'NONE', #6346, #2838 ) ;
#544 = CARTESIAN_POINT ( 'NONE',  ( -37.32238325557846500, -19.56026042968249400, 4.347977324406920200 ) ) ;
#545 = ORIENTED_EDGE ( 'NONE', *, *, #2626, .T. ) ;
#546 = FACE_OUTER_BOUND ( 'NONE', #10034, .T. ) ;
#547 = EDGE_CURVE ( 'NONE', #6542, #9891, #6971, .T. ) ;
#548 = PLANE ( 'NONE',  #5615 ) ;
#549 = SURFACE_STYLE_FILL_AREA ( #6165 ) ;
#550 = ORIENTED_EDGE ( 'NONE', *, *, #4011, .T. ) ;
#551 = UNCERTAINTY_MEASURE_WITH_UNIT (LENGTH_MEASURE( 1.000000000000000100E-005 ), #2889, 'distance_accuracy_value', 'NONE');
#552 = LINE ( 'NONE', #9559, #7080 ) ;
#553 = VECTOR ( 'NONE', #7772, 1000.000000000000200 ) ;
#554 = LINE ( 'NONE', #5734, #2855 ) ;
#555 = CARTESIAN_POINT ( 'NONE',  ( -51.97238325557899700, -8.277858131759400000, 17.98709218239900000 ) ) ;
#556 = AXIS2_PLACEMENT_3D ( 'NONE', #3901, #3754, #4234 ) ;
#557 = CARTESIAN_POINT ( 'NONE',  ( -49.52238325557945600, -8.536769409501634000, 10.24141823172522200 ) ) ;
#558 = CARTESIAN_POINT ( 'NONE',  ( -53.12238325557899500, -9.958846664129000100, 11.32058214780999900 ) ) ;
#559 = VERTEX_POINT ( 'NONE', #3978 ) ;
#560 = ORIENTED_EDGE ( 'NONE', *, *, #3994, .T. ) ;
#561 = CARTESIAN_POINT ( 'NONE',  ( -37.32238325557807500, -5.120407100651466000, -0.1786810276302776600 ) ) ;
#562 = LINE ( 'NONE', #4408, #4870 ) ;
#563 = CIRCLE ( 'NONE', #2366, 5.900000000000218000 ) ;
#564 = LINE ( 'NONE', #6563, #2589 ) ;
#565 = PLANE ( 'NONE',  #9795 ) ;
#566 = CARTESIAN_POINT ( 'NONE',  ( -30.12238325557900300, -16.53249533852699900, 5.694552072712799200 ) ) ;
#567 = AXIS2_PLACEMENT_3D ( 'NONE', #1794, #7722, #2653 ) ;
#568 = EDGE_CURVE ( 'NONE', #1870, #5913, #3012, .T. ) ;
#569 = DIRECTION ( 'NONE',  ( 1.000000000000000000, -0.0000000000000000000, 0.0000000000000000000 ) ) ;
#570 = ORIENTED_EDGE ( 'NONE', *, *, #3200, .T. ) ;
#571 = FACE_OUTER_BOUND ( 'NONE', #9076, .T. ) ;
#572 = EDGE_CURVE ( 'NONE', #490, #10696, #2464, .T. ) ;
#573 = ORIENTED_EDGE ( 'NONE', *, *, #8298, .F. ) ;
#574 = ORIENTED_EDGE ( 'NONE', *, *, #5748, .T. ) ;
#575 = LINE ( 'NONE', #934, #7108 ) ;
#576 = DIRECTION ( 'NONE',  ( 0.0000000000000000000, 1.000000000000000000, -2.859815558967970100E-013 ) ) ;
#577 = VECTOR ( 'NONE', #2145, 1000.000000000000000 ) ;
#578 = CARTESIAN_POINT ( 'NONE',  ( -37.59724419723669100, -20.63249667597080300, 0.9861465810351193200 ) ) ;
#579 = ORIENTED_EDGE ( 'NONE', *, *, #2547, .F. ) ;
#580 = ORIENTED_EDGE ( 'NONE', *, *, #9577, .T. ) ;
#581 = LINE ( 'NONE', #4505, #311 ) ;
#582 = CARTESIAN_POINT ( 'NONE',  ( -47.57238325557931800, -5.189019224855196700, 7.930605939412156000 ) ) ;
#583 = LINE ( 'NONE', #6168, #9394 ) ;
#584 = EDGE_LOOP ( 'NONE', ( #8841, #11053 ) ) ;
#585 = CARTESIAN_POINT ( 'NONE',  ( -51.32238325557899800, -6.183152695550775000, 10.35994713414023300 ) ) ;
#586 = ADVANCED_FACE ( 'F105', ( #6709 ), #4740, .T. ) ;
#587 = VECTOR ( 'NONE', #10619, 1000.000000000000000 ) ;
#588 = EDGE_CURVE ( 'NONE', #3654, #3745, #1001, .T. ) ;
#589 = EDGE_CURVE ( 'NONE', #8125, #3095, #4478, .T. ) ;
#590 = ORIENTED_EDGE ( 'NONE', *, *, #9827, .F. ) ;
#591 = LINE ( 'NONE', #949, #10886 ) ;
#592 = CIRCLE ( 'NONE', #8177, 5.900000000000218000 ) ;
#593 = ADVANCED_FACE ( 'F132', ( #8979 ), #5002, .T. ) ;
#594 = VERTEX_POINT ( 'NONE', #4962 ) ;
#595 = EDGE_CURVE ( 'NONE', #7895, #8433, #10987, .T. ) ;
#596 = AXIS2_PLACEMENT_3D ( 'NONE', #5061, #3913, #9845 ) ;
#597 = FILL_AREA_STYLE ('',( #9975 ) ) ;
#598 = EDGE_LOOP ( 'NONE', ( #6261, #3829, #3760, #3927, #5939, #10815, #5133, #10234, #5848 ) ) ;
#599 = CARTESIAN_POINT ( 'NONE',  ( -37.32238325557853600, -18.71502390620080900, 6.160592898480084400 ) ) ;
#600 = VERTEX_POINT ( 'NONE', #5764 ) ;
#601 = ORIENTED_EDGE ( 'NONE', *, *, #1467, .F. ) ;
#602 = PLANE ( 'NONE',  #6361 ) ;
#603 = VECTOR ( 'NONE', #5860, 1000.000000000000100 ) ;
#604 = CARTESIAN_POINT ( 'NONE',  ( -54.32238325557901200, -13.06586805311107300, 4.078037221554484200 ) ) ;
#605 = CARTESIAN_POINT ( 'NONE',  ( -43.92238325557900000, -18.97431540913349900, 15.06934680862450000 ) ) ;
#606 = EDGE_LOOP ( 'NONE', ( #8419, #1571, #8927, #570, #8765 ) ) ;
#607 = EDGE_CURVE ( 'NONE', #10369, #7788, #2200, .T. ) ;
#608 = AXIS2_PLACEMENT_3D ( 'NONE', #8885, #1267, #8068 ) ;
#609 = CARTESIAN_POINT ( 'NONE',  ( -53.12238325557899500, -7.745835451041700500, 7.005170691320899800 ) ) ;
#610 = CARTESIAN_POINT ( 'NONE',  ( -37.52238325557900100, -6.815801946210646300, 10.02490247464287900 ) ) ;
#611 = EDGE_LOOP ( 'NONE', ( #2762, #2089, #245, #5773 ) ) ;
#612 = VERTEX_POINT ( 'NONE', #5657 ) ;
#613 = ORIENTED_EDGE ( 'NONE', *, *, #5524, .F. ) ;
#614 = CARTESIAN_POINT ( 'NONE',  ( -37.80376882177131400, -21.23005429846962900, 1.264792276595298100 ) ) ;
#615 = LINE ( 'NONE', #9993, #5179 ) ;
#616 = CARTESIAN_POINT ( 'NONE',  ( -39.82238325557899800, -6.815801946210646300, 10.02490247464287900 ) ) ;
#617 = EDGE_LOOP ( 'NONE', ( #9007, #6603, #4293, #2216, #11025, #4153, #8180, #7676 ) ) ;
#618 = CARTESIAN_POINT ( 'NONE',  ( -51.32238325557911900, -12.38679073076035000, 12.25568702287930600 ) ) ;
#619 = ORIENTED_EDGE ( 'NONE', *, *, #2547, .T. ) ;
#620 = AXIS2_PLACEMENT_3D ( 'NONE', #2326, #4506, #1888 ) ;
#621 = ORIENTED_EDGE ( 'NONE', *, *, #7212, .F. ) ;
#622 = ORIENTED_EDGE ( 'NONE', *, *, #9470, .F. ) ;
#623 = LINE ( 'NONE', #3015, #5450 ) ;
#624 = AXIS2_PLACEMENT_3D ( 'NONE', #9804, #4757, #10699 ) ;
#625 = ORIENTED_EDGE ( 'NONE', *, *, #4274, .T. ) ;
#626 = CARTESIAN_POINT ( 'NONE',  ( -50.62238325557900300, -10.86440483709400000, 11.10613686712499900 ) ) ;
#627 = PRODUCT_DEFINITION_SHAPE ( 'NONE', 'NONE',  #9156 ) ;
#628 = CARTESIAN_POINT ( 'NONE',  ( -41.83292810458900100, -12.15931623691730000, 2.827771727927150400 ) ) ;
#629 = DIRECTION ( 'NONE',  ( -1.000000000000000000, -2.874238418593461300E-013, 3.425383961318446200E-013 ) ) ;
#630 = ORIENTED_EDGE ( 'NONE', *, *, #4433, .T. ) ;
#631 = DIRECTION ( 'NONE',  ( -0.0000000000000000000, 0.9063077870366476100, -0.4226182617407043300 ) ) ;
#632 = CARTESIAN_POINT ( 'NONE',  ( -32.62238325557900300, -7.449200041972904500, 9.734276367134087900 ) ) ;
#633 = CARTESIAN_POINT ( 'NONE',  ( -43.12238325557900300, 0.4914037080890599800, 7.847613338562400300 ) ) ;
#634 = EDGE_LOOP ( 'NONE', ( #3013, #5324, #10437, #5051 ) ) ;
#635 = FACE_OUTER_BOUND ( 'NONE', #284, .T. ) ;
#636 = ADVANCED_FACE ( 'F241', ( #4217, #10733 ), #5859, .T. ) ;
#637 = VERTEX_POINT ( 'NONE', #6047 ) ;
#638 = DIRECTION ( 'NONE',  ( 1.000000000000000000, 0.0000000000000000000, 0.0000000000000000000 ) ) ;
#639 = CARTESIAN_POINT ( 'NONE',  ( -52.82238325557838000, -8.536769409482701600, 10.24141823170062800 ) ) ;
#640 = DIRECTION ( 'NONE',  ( 0.0000000000000000000, 0.9063077870366461600, -0.4226182617407077100 ) ) ;
#641 = DIRECTION ( 'NONE',  ( 0.0000000000000000000, -0.4226182617407031600, -0.9063077870366482700 ) ) ;
#642 = ORIENTED_EDGE ( 'NONE', *, *, #7889, .F. ) ;
#643 = ADVANCED_FACE ( 'F59', ( #158 ), #6386, .T. ) ;
#644 = CARTESIAN_POINT ( 'NONE',  ( -40.42238325557900000, -10.46062760120515200, 3.394559204904950400 ) ) ;
#645 = EDGE_LOOP ( 'NONE', ( #5571, #1889, #9796, #4021 ) ) ;
#646 = ORIENTED_EDGE ( 'NONE', *, *, #9080, .T. ) ;
#647 = CIRCLE ( 'NONE', #660, 0.8499999999995091500 ) ;
#648 = VERTEX_POINT ( 'NONE', #6305 ) ;
#649 = EDGE_CURVE ( 'NONE', #9451, #2674, #10097, .T. ) ;
#650 = EDGE_CURVE ( 'NONE', #7559, #10627, #3963, .T. ) ;
#651 = CARTESIAN_POINT ( 'NONE',  ( -36.88779611676397300, -20.76900829635119200, 1.049802995045657500 ) ) ;
#652 = DIRECTION ( 'NONE',  ( 1.320382972902144600E-013, 0.4226182617408431000, 0.9063077870365831000 ) ) ;
#653 = VERTEX_POINT ( 'NONE', #6753 ) ;
#654 = DIRECTION ( 'NONE',  ( 0.0000000000000000000, -0.9063077870366362800, 0.4226182617407286400 ) ) ;
#655 = ORIENTED_EDGE ( 'NONE', *, *, #7360, .T. ) ;
#656 = EDGE_CURVE ( 'NONE', #10523, #5514, #1655, .T. ) ;
#657 = LINE ( 'NONE', #3135, #2968 ) ;
#658 = DIRECTION ( 'NONE',  ( 0.0000000000000000000, -0.4226182617404623000, -0.9063077870367605100 ) ) ;
#659 = VECTOR ( 'NONE', #10923, 1000.000000000000000 ) ;
#660 = AXIS2_PLACEMENT_3D ( 'NONE', #9710, #4628, #10563 ) ;
#661 = DIRECTION ( 'NONE',  ( -0.0000000000000000000, 0.6427876096865492400, -0.7660444431189696900 ) ) ;
#662 = SURFACE_STYLE_FILL_AREA ( #10544 ) ;
#663 = DIRECTION ( 'NONE',  ( 1.000000000000000000, -0.0000000000000000000, -0.0000000000000000000 ) ) ;
#664 = ORIENTED_EDGE ( 'NONE', *, *, #8880, .T. ) ;
#665 = CIRCLE ( 'NONE', #5627, 0.6999999999997695800 ) ;
#666 = EDGE_CURVE ( 'NONE', #3355, #1046, #6181, .T. ) ;
#667 = ORIENTED_EDGE ( 'NONE', *, *, #2475, .T. ) ;
#668 = CARTESIAN_POINT ( 'NONE',  ( -40.42238325557900000, -11.03021715377145100, 4.894202288202198900 ) ) ;
#669 = VECTOR ( 'NONE', #7440, 1000.000000000000000 ) ;
#670 = CARTESIAN_POINT ( 'NONE',  ( -37.32238325557829500, -3.218624922819033800, 3.899704014034822500 ) ) ;
#671 = FACE_OUTER_BOUND ( 'NONE', #6358, .T. ) ;
#672 = DIRECTION ( 'NONE',  ( -0.0000000000000000000, -0.4226182617407007700, -0.9063077870366493800 ) ) ;
#673 = DIRECTION ( 'NONE',  ( -8.572991164407694800E-014, 0.3420201433261518800, -0.9396926207857325700 ) ) ;
#674 = EDGE_CURVE ( 'NONE', #430, #7408, #8704, .T. ) ;
#675 = STYLED_ITEM ( 'NONE', ( #129 ), #6108 ) ;
#676 =( GEOMETRIC_REPRESENTATION_CONTEXT ( 3 ) GLOBAL_UNCERTAINTY_ASSIGNED_CONTEXT ( ( #5618 ) ) GLOBAL_UNIT_ASSIGNED_CONTEXT ( ( #2990, #8912, #3868 ) ) REPRESENTATION_CONTEXT ( 'NONE', 'WORKASPACE' ) );
#677 = DIRECTION ( 'NONE',  ( 0.0000000000000000000, 0.9063077870366511600, -0.4226182617406967800 ) ) ;
#678 = LINE ( 'NONE', #392, #9498 ) ;
#679 = ORIENTED_EDGE ( 'NONE', *, *, #5730, .T. ) ;
#680 = VECTOR ( 'NONE', #95, 1000.000000000000000 ) ;
#681 = DIRECTION ( 'NONE',  ( -1.000000000000000000, 1.894329224052927800E-014, -7.065709858444556600E-014 ) ) ;
#682 = PLANE ( 'NONE',  #395 ) ;
#683 = CARTESIAN_POINT ( 'NONE',  ( -28.92238325557900700, -5.956465763422688300, 0.7628684889680164000 ) ) ;
#684 = LINE ( 'NONE', #5593, #9503 ) ;
#685 = DIRECTION ( 'NONE',  ( 0.0000000000000000000, 0.9063077870366472700, -0.4226182617407052100 ) ) ;
#686 = DIRECTION ( 'NONE',  ( 0.0000000000000000000, -0.4226182617406978900, -0.9063077870366507100 ) ) ;
#687 = DIRECTION ( 'NONE',  ( 1.000000000000000000, 0.0000000000000000000, 0.0000000000000000000 ) ) ;
#688 = ORIENTED_EDGE ( 'NONE', *, *, #9446, .F. ) ;
#689 = EDGE_CURVE ( 'NONE', #3708, #10231, #8174, .T. ) ;
#690 = LINE ( 'NONE', #5834, #8959 ) ;
#691 = ORIENTED_EDGE ( 'NONE', *, *, #7875, .F. ) ;
#692 = VECTOR ( 'NONE', #7937, 1000.000000000000000 ) ;
#693 = AXIS2_PLACEMENT_3D ( 'NONE', #1841, #2695, #10323 ) ;
#694 = CARTESIAN_POINT ( 'NONE',  ( -44.82238325557901200, -13.74486680591700100, 1.912059222199900200 ) ) ;
#695 = FACE_OUTER_BOUND ( 'NONE', #4623, .T. ) ;
#696 = CARTESIAN_POINT ( 'NONE',  ( -53.12238325557876800, -11.44076012357532000, 9.802190875056723500 ) ) ;
#697 = ADVANCED_FACE ( 'F103', ( #5910 ), #7631, .T. ) ;
#698 = CARTESIAN_POINT ( 'NONE',  ( -28.92238325557900300, 2.299802781503200100, 9.794844442572399500 ) ) ;
#699 = VERTEX_POINT ( 'NONE', #7589 ) ;
#700 = VERTEX_POINT ( 'NONE', #9035 ) ;
#701 = CYLINDRICAL_SURFACE ( 'NONE', #693, 7.749999999991633400 ) ;
#702 = ORIENTED_EDGE ( 'NONE', *, *, #89, .F. ) ;
#703 = EDGE_LOOP ( 'NONE', ( #1332, #5793, #5731, #9686 ) ) ;
#704 = FACE_BOUND ( 'NONE', #7393, .T. ) ;
#705 = ADVANCED_FACE ( 'F76', ( #1397 ), #10230, .T. ) ;
#706 = LINE ( 'NONE', #2992, #7240 ) ;
#707 = DIRECTION ( 'NONE',  ( 1.000000000000000000, -6.830280870090087800E-014, 7.807046758812214700E-013 ) ) ;
#708 = CARTESIAN_POINT ( 'NONE',  ( -29.52238325557900100, -15.94339527695300200, 5.419850202581301300 ) ) ;
#709 = DIRECTION ( 'NONE',  ( -0.0000000000000000000, 0.7660444431190077700, 0.6427876096865039500 ) ) ;
#710 = VERTEX_POINT ( 'NONE', #10127 ) ;
#711 = FACE_OUTER_BOUND ( 'NONE', #3430, .T. ) ;
#712 = ORIENTED_EDGE ( 'NONE', *, *, #8219, .T. ) ;
#713 = CARTESIAN_POINT ( 'NONE',  ( -33.32238325557899800, -18.03480500760949900, 4.188334738401449500 ) ) ;
#714 = CARTESIAN_POINT ( 'NONE',  ( -54.32238325557887700, -8.536769409500779600, 10.24141823171816800 ) ) ;
#715 = AXIS2_PLACEMENT_3D ( 'NONE', #11087, #5973, #861 ) ;
#716 = VECTOR ( 'NONE', #3130, 1000.000000000000100 ) ;
#717 = EDGE_CURVE ( 'NONE', #10763, #10907, #7097, .T. ) ;
#718 = EDGE_CURVE ( 'NONE', #3500, #8759, #4875, .T. ) ;
#719 = ORIENTED_EDGE ( 'NONE', *, *, #10690, .T. ) ;
#720 = CARTESIAN_POINT ( 'NONE',  ( -30.82238325557900200, -3.077202554305699800, 5.389763912589100600 ) ) ;
#721 = DIRECTION ( 'NONE',  ( 0.0000000000000000000, -0.9063077870366190700, 0.4226182617407656100 ) ) ;
#722 = LINE ( 'NONE', #8368, #9541 ) ;
#723 = ORIENTED_EDGE ( 'NONE', *, *, #3004, .F. ) ;
#724 = DIRECTION ( 'NONE',  ( -0.0000000000000000000, -0.9063077870366494900, 0.4226182617407002200 ) ) ;
#725 = CARTESIAN_POINT ( 'NONE',  ( -44.62238325557912300, -5.080275400059284700, 7.956582478224429000 ) ) ;
#726 = CARTESIAN_POINT ( 'NONE',  ( -52.82238325557900500, -2.120066549923148400, 7.249260548191912800 ) ) ;
#727 = CARTESIAN_POINT ( 'NONE',  ( -40.42238325557900000, -14.28938356561101500, 4.648571874904505700 ) ) ;
#728 = VERTEX_POINT ( 'NONE', #6934 ) ;
#729 = LINE ( 'NONE', #4198, #2758 ) ;
#730 = CARTESIAN_POINT ( 'NONE',  ( -49.62238325557869000, -15.56065475903603500, 13.51670976020801600 ) ) ;
#731 = ORIENTED_EDGE ( 'NONE', *, *, #10620, .T. ) ;
#732 = EDGE_CURVE ( 'NONE', #5475, #9274, #2590, .T. ) ;
#733 = EDGE_CURVE ( 'NONE', #10112, #7180, #4182, .T. ) ;
#734 = DIRECTION ( 'NONE',  ( 1.000000000000000000, -0.0000000000000000000, -0.0000000000000000000 ) ) ;
#735 = EDGE_LOOP ( 'NONE', ( #6207, #5186, #10144, #7471 ) ) ;
#736 = ORIENTED_EDGE ( 'NONE', *, *, #2632, .T. ) ;
#737 = CARTESIAN_POINT ( 'NONE',  ( -32.62238325557899500, -15.78143261196799900, 11.42058214781100200 ) ) ;
#738 = EDGE_CURVE ( 'NONE', #7322, #6830, #9107, .T. ) ;
#739 = CARTESIAN_POINT ( 'NONE',  ( -38.17238325557900000, -8.447239960716915500, 3.689740242241170300 ) ) ;
#740 = ORIENTED_EDGE ( 'NONE', *, *, #1106, .T. ) ;
#741 = CARTESIAN_POINT ( 'NONE',  ( -36.92238325557900000, -10.19927232954983200, 3.955037393682360000 ) ) ;
#742 = MECHANICAL_DESIGN_GEOMETRIC_PRESENTATION_REPRESENTATION (  '', ( #10698 ), #1340 ) ;
#743 = LINE ( 'NONE', #7270, #5046 ) ;
#744 = SURFACE_STYLE_USAGE ( .BOTH. , #5858 ) ;
#745 = CARTESIAN_POINT ( 'NONE',  ( -43.02238325557900100, -7.057605493408599900, 13.41349548634704700 ) ) ;
#746 = CARTESIAN_POINT ( 'NONE',  ( -47.37238325557900300, -13.19265353163399900, 3.806144885443600000 ) ) ;
#747 = FILL_AREA_STYLE ('',( #4297 ) ) ;
#748 = VERTEX_POINT ( 'NONE', #1262 ) ;
#749 = VERTEX_POINT ( 'NONE', #1368 ) ;
#750 = DIRECTION ( 'NONE',  ( 1.000000000000000000, -6.003389496264595400E-013, 5.037441912129634800E-013 ) ) ;
#751 = EDGE_LOOP ( 'NONE', ( #2182, #5575, #7156, #9881 ) ) ;
#752 = DIRECTION ( 'NONE',  ( 0.0000000000000000000, 1.000000000000000000, 0.0000000000000000000 ) ) ;
#753 = CARTESIAN_POINT ( 'NONE',  ( -50.82238325557802500, -5.424133246293516600, 9.299810597932062000 ) ) ;
#754 = AXIS2_PLACEMENT_3D ( 'NONE', #7543, #2482, #8417 ) ;
#755 = CARTESIAN_POINT ( 'NONE',  ( -32.62238325557900300, -3.341743566558544200, 11.68076061320998700 ) ) ;
#756 = LINE ( 'NONE', #2947, #9572 ) ;
#757 = EDGE_CURVE ( 'NONE', #3894, #6237, #6583, .T. ) ;
#758 = ADVANCED_FACE ( 'F306', ( #13 ), #6310, .F. ) ;
#759 = VERTEX_POINT ( 'NONE', #8021 ) ;
#760 = DIRECTION ( 'NONE',  ( 1.000000000000000000, -0.0000000000000000000, -0.0000000000000000000 ) ) ;
#761 = CARTESIAN_POINT ( 'NONE',  ( -36.86120616556124900, -20.80973405556580500, 1.068793728451609400 ) ) ;
#762 = ORIENTED_EDGE ( 'NONE', *, *, #10042, .F. ) ;
#763 = CARTESIAN_POINT ( 'NONE',  ( -53.12238325557899500, -6.948879692568799400, 7.074895285519249700 ) ) ;
#764 = CARTESIAN_POINT ( 'NONE',  ( -43.02238325557900100, -23.18549157783000700, 6.038450371369999700 ) ) ;
#765 = EDGE_LOOP ( 'NONE', ( #11060, #9392, #3599, #1739 ) ) ;
#766 = FACE_BOUND ( 'NONE', #10667, .T. ) ;
#767 = DIRECTION ( 'NONE',  ( -1.000000000000000000, 2.222373519779176800E-012, 0.0000000000000000000 ) ) ;
#768 = PLANE ( 'NONE',  #3477 ) ;
#769 = VERTEX_POINT ( 'NONE', #4708 ) ;
#770 = AXIS2_PLACEMENT_3D ( 'NONE', #6005, #6083, #6153 ) ;
#771 = ORIENTED_EDGE ( 'NONE', *, *, #891, .F. ) ;
#772 = EDGE_LOOP ( 'NONE', ( #9865, #1648, #6883, #5480 ) ) ;
#773 = CARTESIAN_POINT ( 'NONE',  ( -36.92238325557900000, -2.340412475986772400, -3.681769648666140000 ) ) ;
#774 = ORIENTED_EDGE ( 'NONE', *, *, #8865, .F. ) ;
#775 = EDGE_CURVE ( 'NONE', #177, #7658, #2060, .T. ) ;
#776 =( NAMED_UNIT ( * ) PLANE_ANGLE_UNIT ( ) SI_UNIT ( $, .RADIAN. ) );
#777 = VERTEX_POINT ( 'NONE', #4935 ) ;
#779 = CARTESIAN_POINT ( 'NONE',  ( -51.32238325557888500, -5.189019224855156800, 7.930605939411925000 ) ) ;
#778 = CARTESIAN_POINT ( 'NONE',  ( -44.82238325557908400, -12.49715579297711400, 4.469474045087905800 ) ) ;
#780 = DIRECTION ( 'NONE',  ( -0.0000000000000000000, -0.9063077870366440500, 0.4226182617407120400 ) ) ;
#781 = CARTESIAN_POINT ( 'NONE',  ( -47.37611206065550800, -10.23384666413299900, 12.02058214781100000 ) ) ;
#782 = PLANE ( 'NONE',  #269 ) ;
#783 = ORIENTED_EDGE ( 'NONE', *, *, #8675, .F. ) ;
#784 = ORIENTED_EDGE ( 'NONE', *, *, #6530, .F. ) ;
#785 = AXIS2_PLACEMENT_3D ( 'NONE', #9773, #9637, #9615 ) ;
#786 = VECTOR ( 'NONE', #2130, 999.9999999999998900 ) ;
#787 = LINE ( 'NONE', #5595, #9061 ) ;
#788 = EDGE_LOOP ( 'NONE', ( #512, #6468, #6097, #7197 ) ) ;
#789 = DIRECTION ( 'NONE',  ( 1.000000000000000000, 6.807801527363549800E-014, -6.743438870400674900E-014 ) ) ;
#790 = AXIS2_PLACEMENT_3D ( 'NONE', #8785, #3736, #9665 ) ;
#791 = CARTESIAN_POINT ( 'NONE',  ( -30.82238325557900200, -18.86155542827300400, 6.508198718745999800 ) ) ;
#792 = VERTEX_POINT ( 'NONE', #7755 ) ;
#793 = LINE ( 'NONE', #2545, #534 ) ;
#794 = DIRECTION ( 'NONE',  ( 6.040919398694632200E-013, 1.000000000000000000, 0.0000000000000000000 ) ) ;
#795 = ORIENTED_EDGE ( 'NONE', *, *, #7329, .T. ) ;
#796 = EDGE_CURVE ( 'NONE', #6699, #728, #8831, .T. ) ;
#797 = EDGE_CURVE ( 'NONE', #8373, #2986, #6840, .T. ) ;
#798 = LINE ( 'NONE', #9002, #9621 ) ;
#799 = CARTESIAN_POINT ( 'NONE',  ( -53.12238325557837000, -7.803543594157861000, 7.664777785436824000 ) ) ;
#800 = CARTESIAN_POINT ( 'NONE',  ( -36.83898589743216000, -20.85314497507284800, 1.089036572665307100 ) ) ;
#801 = CARTESIAN_POINT ( 'NONE',  ( -53.12238325557899500, -10.62160807928600000, 10.37576731140800000 ) ) ;
#802 = DIRECTION ( 'NONE',  ( 1.000000000000000000, -6.830280870090087800E-014, 7.807046758812214700E-013 ) ) ;
#803 = DIRECTION ( 'NONE',  ( 1.000000000000000000, -6.003389496264595400E-013, 5.037441912129634800E-013 ) ) ;
#804 = EDGE_CURVE ( 'NONE', #968, #3377, #2329, .T. ) ;
#805 = VECTOR ( 'NONE', #4172, 1000.000000000000100 ) ;
#806 = ORIENTED_EDGE ( 'NONE', *, *, #2190, .T. ) ;
#807 = FACE_OUTER_BOUND ( 'NONE', #6756, .T. ) ;
#808 = DIRECTION ( 'NONE',  ( -0.0000000000000000000, 0.4226182617407134900, 0.9063077870366433900 ) ) ;
#809 = AXIS2_PLACEMENT_3D ( 'NONE', #2027, #7971, #6201 ) ;
#810 = LINE ( 'NONE', #9555, #2843 ) ;
#811 = UNCERTAINTY_MEASURE_WITH_UNIT (LENGTH_MEASURE( 1.000000000000000100E-005 ), #10996, 'distance_accuracy_value', 'NONE');
#812 = ADVANCED_FACE ( 'F179', ( #1793 ), #10319, .F. ) ;
#813 = CARTESIAN_POINT ( 'NONE',  ( -28.92238325557900300, -16.67820200230411800, 5.762496205876542100 ) ) ;
#814 = DIRECTION ( 'NONE',  ( 0.0000000000000000000, 0.9063077870365048300, -0.4226182617410109100 ) ) ;
#815 = FILL_AREA_STYLE ('',( #10736 ) ) ;
#816 = LINE ( 'NONE', #3594, #5370 ) ;
#817 = ORIENTED_EDGE ( 'NONE', *, *, #6475, .T. ) ;
#819 = CARTESIAN_POINT ( 'NONE',  ( -54.32238325557818800, -15.53676940950059100, 10.24141823171816800 ) ) ;
#818 = PLANE ( 'NONE',  #7740 ) ;
#820 = LINE ( 'NONE', #2399, #5113 ) ;
#821 = VECTOR ( 'NONE', #8707, 1000.000000000000200 ) ;
#822 = DIRECTION ( 'NONE',  ( 0.0000000000000000000, -0.9063077870366493800, 0.4226182617407007700 ) ) ;
#823 = DIRECTION ( 'NONE',  ( -0.08662961636490706900, -0.6403711063590756800, 0.7631645665968267400 ) ) ;
#824 = EDGE_CURVE ( 'NONE', #8433, #10871, #1525, .T. ) ;
#825 = ORIENTED_EDGE ( 'NONE', *, *, #5953, .T. ) ;
#826 = ORIENTED_EDGE ( 'NONE', *, *, #10447, .F. ) ;
#827 = CARTESIAN_POINT ( 'NONE',  ( -47.57238325557914700, -7.006587835685061300, 7.734502379635060300 ) ) ;
#828 = PRESENTATION_STYLE_ASSIGNMENT (( #8882 ) ) ;
#829 = DIRECTION ( 'NONE',  ( -3.420548494710057900E-013, -0.4226182617410114100, -0.9063077870365045000 ) ) ;
#830 = VERTEX_POINT ( 'NONE', #683 ) ;
#831 = DIRECTION ( 'NONE',  ( 0.0000000000000000000, -0.9063077870366437200, 0.4226182617407128200 ) ) ;
#832 = VECTOR ( 'NONE', #8567, 1000.000000000000000 ) ;
#833 = CARTESIAN_POINT ( 'NONE',  ( -30.12238325557900300, -16.23794530773999900, 5.557201137647050300 ) ) ;
#834 = VECTOR ( 'NONE', #2517, 1000.000000000000000 ) ;
#835 = VECTOR ( 'NONE', #9084, 1000.000000000000000 ) ;
#836 = CARTESIAN_POINT ( 'NONE',  ( -51.62238325557900300, -9.570063843526901000, 8.025511167024300000 ) ) ;
#837 = CARTESIAN_POINT ( 'NONE',  ( -51.62238325557900300, -9.508794868025299600, 8.156902909000001100 ) ) ;
#838 = EDGE_CURVE ( 'NONE', #8072, #4732, #5779, .T. ) ;
#839 = ORIENTED_EDGE ( 'NONE', *, *, #4410, .T. ) ;
#840 = VECTOR ( 'NONE', #5810, 1000.000000000000000 ) ;
#841 = CARTESIAN_POINT ( 'NONE',  ( -36.83119441802032400, -20.87051113755117600, 1.097134547221717100 ) ) ;
#842 = SURFACE_STYLE_FILL_AREA ( #597 ) ;
#843 = ORIENTED_EDGE ( 'NONE', *, *, #5249, .F. ) ;
#844 = CARTESIAN_POINT ( 'NONE',  ( -51.32238325557894100, -6.875854221563701100, 6.240210332497345500 ) ) ;
#845 = EDGE_LOOP ( 'NONE', ( #1212, #983, #1050, #5987, #10612, #10503, #10126, #10309, #5173 ) ) ;
#846 = VECTOR ( 'NONE', #5996, 1000.000000000000100 ) ;
#847 = PLANE ( 'NONE',  #3739 ) ;
#848 =( NAMED_UNIT ( * ) PLANE_ANGLE_UNIT ( ) SI_UNIT ( $, .RADIAN. ) );
#849 = VECTOR ( 'NONE', #529, 1000.000000000000100 ) ;
#850 = DIRECTION ( 'NONE',  ( 0.0000000000000000000, 0.4226182617406587500, 0.9063077870366689200 ) ) ;
#851 = VERTEX_POINT ( 'NONE', #753 ) ;
#852 = LINE ( 'NONE', #2757, #7116 ) ;
#853 = ORIENTED_EDGE ( 'NONE', *, *, #1866, .T. ) ;
#854 = CARTESIAN_POINT ( 'NONE',  ( -51.32238325557899800, -13.12551333079566400, 12.12058214781100100 ) ) ;
#855 = AXIS2_PLACEMENT_3D ( 'NONE', #10520, #10512, #10471 ) ;
#856 =( NAMED_UNIT ( * ) SI_UNIT ( $, .STERADIAN. ) SOLID_ANGLE_UNIT ( ) );
#857 = CARTESIAN_POINT ( 'NONE',  ( -37.32238325557896300, -16.89776538071631900, 10.05771638273809800 ) ) ;
#858 = VECTOR ( 'NONE', #2910, 1000.000000000000100 ) ;
#859 = DIRECTION ( 'NONE',  ( 1.000000000000000000, 6.807801527363549800E-014, -6.743438870400674900E-014 ) ) ;
#860 = CARTESIAN_POINT ( 'NONE',  ( -32.62238325557900300, -7.057605493408589200, 13.41349548634735600 ) ) ;
#861 = DIRECTION ( 'NONE',  ( 1.129040364025541300E-013, -1.000000000000000000, -2.587384167558532000E-014 ) ) ;
#862 = DIRECTION ( 'NONE',  ( 0.0000000000000000000, -0.4226182617406988300, -0.9063077870366502700 ) ) ;
#863 = PRESENTATION_LAYER_ASSIGNMENT (  '', '', ( #10807 ) ) ;
#864 = VERTEX_POINT ( 'NONE', #3443 ) ;
#865 = VERTEX_POINT ( 'NONE', #2608 ) ;
#866 = VECTOR ( 'NONE', #8071, 1000.000000000000100 ) ;
#867 = ORIENTED_EDGE ( 'NONE', *, *, #11081, .T. ) ;
#868 = FACE_OUTER_BOUND ( 'NONE', #6524, .T. ) ;
#869 = DIRECTION ( 'NONE',  ( -2.081668171172307600E-013, 1.000000000000000000, 0.0000000000000000000 ) ) ;
#870 = CARTESIAN_POINT ( 'NONE',  ( -31.42238325557900000, -12.67493589429699900, 2.516520163377200100 ) ) ;
#871 = EDGE_CURVE ( 'NONE', #6766, #9580, #3821, .T. ) ;
#872 = CARTESIAN_POINT ( 'NONE',  ( -32.02238325557899400, -5.606945513719124600, -1.455008320874695300 ) ) ;
#873 = EDGE_CURVE ( 'NONE', #972, #10250, #1247, .T. ) ;
#874 = ORIENTED_EDGE ( 'NONE', *, *, #7905, .T. ) ;
#875 = DIRECTION ( 'NONE',  ( 0.0000000000000000000, -0.9063077870366689200, 0.4226182617406587500 ) ) ;
#876 = CARTESIAN_POINT ( 'NONE',  ( -37.32238325557896300, -15.90082681497619700, 9.592836294823001700 ) ) ;
#877 = ADVANCED_FACE ( 'F180', ( #7761 ), #1181, .T. ) ;
#878 = VECTOR ( 'NONE', #8924, 1000.000000000000000 ) ;
#879 = ORIENTED_EDGE ( 'NONE', *, *, #6082, .T. ) ;
#880 = CARTESIAN_POINT ( 'NONE',  ( -51.32238325557899800, -9.696849322049189400, 7.753618830912934400 ) ) ;
#881 = EDGE_CURVE ( 'NONE', #5716, #8156, #3267, .T. ) ;
#882 = VECTOR ( 'NONE', #8323, 1000.000000000000000 ) ;
#883 = B_SPLINE_CURVE_WITH_KNOTS ( 'NONE', 3,
 ( #10417, #10456, #6604, #1508 ),
 .UNSPECIFIED., .F., .F.,
 ( 4, 4 ),
 ( 0.0000000000000000000, 1.000000000000000000 ),
 .UNSPECIFIED. ) ;
#884 = CARTESIAN_POINT ( 'NONE',  ( -37.32238325557846500, -19.56026042968249400, 4.347977324406920200 ) ) ;
#885 = ORIENTED_EDGE ( 'NONE', *, *, #5332, .T. ) ;
#886 = CARTESIAN_POINT ( 'NONE',  ( -51.32238325557919700, -5.641308396779812100, 7.946698921251450700 ) ) ;
#887 = VERTEX_POINT ( 'NONE', #1712 ) ;
#888 = DIRECTION ( 'NONE',  ( 0.0000000000000000000, 0.0000000000000000000, 1.000000000000000000 ) ) ;
#889 = ORIENTED_EDGE ( 'NONE', *, *, #5988, .F. ) ;
#890 = CARTESIAN_POINT ( 'NONE',  ( -32.62238325557900300, -5.863649496057600000, 10.64998882335699900 ) ) ;
#891 = EDGE_CURVE ( 'NONE', #7310, #5028, #7479, .T. ) ;
#892 = EDGE_CURVE ( 'NONE', #10982, #3350, #9792, .T. ) ;
#893 = CARTESIAN_POINT ( 'NONE',  ( -51.22238325557900400, -2.771137938037900200, 5.062615886070999800 ) ) ;
#894 = VERTEX_POINT ( 'NONE', #1900 ) ;
#895 = VECTOR ( 'NONE', #6344, 1000.000000000000100 ) ;
#896 = ORIENTED_EDGE ( 'NONE', *, *, #1051, .F. ) ;
#897 = EDGE_CURVE ( 'NONE', #4204, #4395, #9511, .T. ) ;
#898 =( GEOMETRIC_REPRESENTATION_CONTEXT ( 3 ) GLOBAL_UNCERTAINTY_ASSIGNED_CONTEXT ( ( #2197 ) ) GLOBAL_UNIT_ASSIGNED_CONTEXT ( ( #4662, #10606, #5494 ) ) REPRESENTATION_CONTEXT ( 'NONE', 'WORKASPACE' ) );
#899 = DIRECTION ( 'NONE',  ( -0.0000000000000000000, 0.4226182617407132100, 0.9063077870366435000 ) ) ;
#900 = AXIS2_PLACEMENT_3D ( 'NONE', #8587, #4387, #10318 ) ;
#901 = ORIENTED_EDGE ( 'NONE', *, *, #3720, .T. ) ;
#902 = FILL_AREA_STYLE ('',( #10270 ) ) ;
#903 = DIRECTION ( 'NONE',  ( 0.0000000000000000000, -0.9063077870366536000, 0.4226182617406917800 ) ) ;
#904 = DIRECTION ( 'NONE',  ( 0.0000000000000000000, 0.9063077870366502700, -0.4226182617406988300 ) ) ;
#905 = ORIENTED_EDGE ( 'NONE', *, *, #10758, .F. ) ;
#906 = FACE_OUTER_BOUND ( 'NONE', #2999, .T. ) ;
#907 = VERTEX_POINT ( 'NONE', #2125 ) ;
#908 = DIRECTION ( 'NONE',  ( 0.0000000000000000000, -0.9961946980917111300, -0.08715574274805218400 ) ) ;
#909 = ADVANCED_FACE ( 'F217', ( #3003 ), #424, .F. ) ;
#910 = CARTESIAN_POINT ( 'NONE',  ( -28.92238325557900300, -8.908644739546002000, 0.7602697550753799700 ) ) ;
#911 = DIRECTION ( 'NONE',  ( 0.0000000000000000000, -0.6427876096865491300, 0.7660444431189698000 ) ) ;
#912 = DIRECTION ( 'NONE',  ( 0.0000000000000000000, -0.4226182617406977200, -0.9063077870366507100 ) ) ;
#913 = VERTEX_POINT ( 'NONE', #2496 ) ;
#914 = EDGE_CURVE ( 'NONE', #7863, #7668, #5003, .T. ) ;
#915 = DIRECTION ( 'NONE',  ( 2.419558992049861000E-013, 0.9396926207850774300, 0.3420201433279516100 ) ) ;
#916 = EDGE_LOOP ( 'NONE', ( #11031, #6668, #8713, #10929 ) ) ;
#917 = FACE_OUTER_BOUND ( 'NONE', #1289, .T. ) ;
#918 = CARTESIAN_POINT ( 'NONE',  ( -44.62238325557914500, -4.620648734187969200, 8.342255044036344100 ) ) ;
#919 = ORIENTED_EDGE ( 'NONE', *, *, #7660, .T. ) ;
#920 = CARTESIAN_POINT ( 'NONE',  ( -43.92238325557900700, -12.95104640072002200, 24.43698650652896000 ) ) ;
#921 = PLANE ( 'NONE',  #8452 ) ;
#922 = DIRECTION ( 'NONE',  ( -0.0000000000000000000, 0.4226182617407200900, 0.9063077870366402800 ) ) ;
#923 = ORIENTED_EDGE ( 'NONE', *, *, #6385, .F. ) ;
#924 = DIRECTION ( 'NONE',  ( 0.0000000000000000000, -0.4226182617416197600, -0.9063077870362208400 ) ) ;
#925 = ORIENTED_EDGE ( 'NONE', *, *, #6673, .F. ) ;
#926 = AXIS2_PLACEMENT_3D ( 'NONE', #6205, #6539, #10832 ) ;
#927 = DIRECTION ( 'NONE',  ( 3.402296365790442200E-014, -1.000000000000000000, 0.0000000000000000000 ) ) ;
#928 = EDGE_LOOP ( 'NONE', ( #7827, #7252, #1282, #1485, #8317, #7677, #1060 ) ) ;
#929 = LINE ( 'NONE', #6137, #6915 ) ;
#930 = VERTEX_POINT ( 'NONE', #3255 ) ;
#931 = ADVANCED_FACE ( 'F271', ( #695 ), #145, .F. ) ;
#932 = AXIS2_PLACEMENT_3D ( 'NONE', #2993, #8915, #3871 ) ;
#933 = VERTEX_POINT ( 'NONE', #3099 ) ;
#934 = CARTESIAN_POINT ( 'NONE',  ( -31.72238325557899700, -12.18423953336174400, 1.460171253222327200 ) ) ;
#935 = DIRECTION ( 'NONE',  ( -1.000000000000000000, -0.0000000000000000000, -0.0000000000000000000 ) ) ;
#936 = ORIENTED_EDGE ( 'NONE', *, *, #10674, .F. ) ;
#937 = VERTEX_POINT ( 'NONE', #2869 ) ;
#938 = LINE ( 'NONE', #3804, #7448 ) ;
#939 = CARTESIAN_POINT ( 'NONE',  ( -42.42238325557900700, -19.05641610792950000, 6.374955592528550600 ) ) ;
#940 = LINE ( 'NONE', #207, #659 ) ;
#941 = EDGE_CURVE ( 'NONE', #8384, #2224, #2725, .T. ) ;
#942 = DIRECTION ( 'NONE',  ( -0.0000000000000000000, 0.9063077870366471600, -0.4226182617407056000 ) ) ;
#943 = CARTESIAN_POINT ( 'NONE',  ( -51.32238325557899800, -10.44295036527427100, 12.02058214781100200 ) ) ;
#944 = DIRECTION ( 'NONE',  ( 0.0000000000000000000, -1.000000000000000000, 0.0000000000000000000 ) ) ;
#945 = VECTOR ( 'NONE', #10426, 1000.000000000000100 ) ;
#946 = EDGE_LOOP ( 'NONE', ( #7747, #8469, #8776, #5395, #1313, #10543, #8441 ) ) ;
#947 = LINE ( 'NONE', #3162, #7458 ) ;
#948 = PLANE ( 'NONE',  #275 ) ;
#949 = CARTESIAN_POINT ( 'NONE',  ( -33.92238325557900000, -1.987266391807251700, 10.32628343845888500 ) ) ;
#950 = LINE ( 'NONE', #444, #7460 ) ;
#951 = DIRECTION ( 'NONE',  ( -1.000000000000000000, -3.408974992128698900E-014, 2.253391977305914800E-014 ) ) ;
#952 = CARTESIAN_POINT ( 'NONE',  ( -32.62238325557900300, -15.90884666412799900, 12.02058214781100000 ) ) ;
#953 = PLANE ( 'NONE',  #2888 ) ;
#954 = VECTOR ( 'NONE', #273, 1000.000000000000000 ) ;
#955 = EDGE_CURVE ( 'NONE', #600, #1111, #8033, .T. ) ;
#956 = ORIENTED_EDGE ( 'NONE', *, *, #2564, .T. ) ;
#957 = LINE ( 'NONE', #6892, #5238 ) ;
#958 = EDGE_CURVE ( 'NONE', #166, #10934, #2446, .T. ) ;
#959 = CARTESIAN_POINT ( 'NONE',  ( -51.32238325557899100, -12.66948819000947200, 8.941826220532544100 ) ) ;
#960 = CARTESIAN_POINT ( 'NONE',  ( -36.81887160768908300, -20.90330641892076000, 1.112427238075704500 ) ) ;
#961 = FACE_OUTER_BOUND ( 'NONE', #2806, .T. ) ;
#962 = PLANE ( 'NONE',  #76 ) ;
#963 = CIRCLE ( 'NONE', #2664, 8.500000000000083500 ) ;
#964 = DIRECTION ( 'NONE',  ( -3.339473067880405900E-014, 0.4226182617408430500, 0.9063077870365831000 ) ) ;
#965 = DIRECTION ( 'NONE',  ( -0.0000000000000000000, 0.7660444431190051000, 0.6427876096865070600 ) ) ;
#966 = EDGE_CURVE ( 'NONE', #2643, #3212, #9235, .T. ) ;
#967 = CARTESIAN_POINT ( 'NONE',  ( -52.82238325557870000, -8.536769409492997300, 10.24141823171412300 ) ) ;
#968 = VERTEX_POINT ( 'NONE', #3405 ) ;
#969 = PRESENTATION_LAYER_ASSIGNMENT (  '', '', ( #10908 ) ) ;
#970 = ADVANCED_FACE ( 'F251', ( #6954 ), #3669, .T. ) ;
#971 = LINE ( 'NONE', #4933, #5513 ) ;
#972 = VERTEX_POINT ( 'NONE', #2342 ) ;
#973 = VECTOR ( 'NONE', #1832, 1000.000000000000000 ) ;
#974 = DIRECTION ( 'NONE',  ( 0.0000000000000000000, -0.6427876096865763300, 0.7660444431189470400 ) ) ;
#975 = DIRECTION ( 'NONE',  ( 0.0000000000000000000, -0.9063077870366446100, 0.4226182617407107700 ) ) ;
#976 = DIRECTION ( 'NONE',  ( 0.0000000000000000000, 0.9063077870366521600, -0.4226182617406946100 ) ) ;
#978 = DIRECTION ( 'NONE',  ( 0.0000000000000000000, 0.9063077870366634800, -0.4226182617406703500 ) ) ;
#977 = CARTESIAN_POINT ( 'NONE',  ( -54.32238325557866400, -8.536769409500779600, 10.24141823171816800 ) ) ;
#979 = VERTEX_POINT ( 'NONE', #4166 ) ;
#980 = LINE ( 'NONE', #6909, #9797 ) ;
#981 = ORIENTED_EDGE ( 'NONE', *, *, #1692, .F. ) ;
#982 = CARTESIAN_POINT ( 'NONE',  ( -32.62238325557900300, -11.94947128099072500, 8.246809012766052000 ) ) ;
#983 = ORIENTED_EDGE ( 'NONE', *, *, #9887, .T. ) ;
#984 = AXIS2_PLACEMENT_3D ( 'NONE', #5903, #789, #6761 ) ;
#985 = LINE ( 'NONE', #2809, #9801 ) ;
#986 = FACE_BOUND ( 'NONE', #703, .T. ) ;
#987 = DIRECTION ( 'NONE',  ( -4.211801320669888000E-014, 0.3925931576114850600, 0.9197122444529286500 ) ) ;
#988 = CARTESIAN_POINT ( 'NONE',  ( -32.02238325557899400, -1.627709843481450300, -3.310556387510049900 ) ) ;
#989 = CARTESIAN_POINT ( 'NONE',  ( -50.62238325557901000, -6.837813502444089600, 11.04539903226004500 ) ) ;
#990 = DIRECTION ( 'NONE',  ( 0.9986016055963539100, 0.03398172737582209900, -0.04049784568269202600 ) ) ;
#991 = CARTESIAN_POINT ( 'NONE',  ( -30.82238325557900200, -12.84466960175600300, 1.712956931506600000 ) ) ;
#992 = ORIENTED_EDGE ( 'NONE', *, *, #10070, .F. ) ;
#993 = PLANE ( 'NONE',  #7157 ) ;
#994 = DIRECTION ( 'NONE',  ( -6.839766848137309200E-014, 1.000000000000000000, 0.0000000000000000000 ) ) ;
#995 = LINE ( 'NONE', #3791, #8050 ) ;
#996 = ADVANCED_FACE ( 'F304', ( #8697 ), #6442, .T. ) ;
#997 = ORIENTED_EDGE ( 'NONE', *, *, #8254, .T. ) ;
#998 = LINE ( 'NONE', #5649, #3559 ) ;
#999 = CARTESIAN_POINT ( 'NONE',  ( -30.82238325557900200, -16.13006999316208100, 11.98143000926433500 ) ) ;
#1000 = DIRECTION ( 'NONE',  ( 1.000000000000000000, -0.0000000000000000000, -0.0000000000000000000 ) ) ;
#1001 = B_SPLINE_CURVE_WITH_KNOTS ( 'NONE', 3,
 ( #4857, #6118, #6421, #4926 ),
 .UNSPECIFIED., .F., .F.,
 ( 4, 4 ),
 ( 0.0000000000000000000, 1.000000000000000000 ),
 .UNSPECIFIED. ) ;
#1002 = ORIENTED_EDGE ( 'NONE', *, *, #2331, .T. ) ;
#1003 = ORIENTED_EDGE ( 'NONE', *, *, #306, .T. ) ;
#1004 = SURFACE_STYLE_FILL_AREA ( #4289 ) ;
#1005 = CARTESIAN_POINT ( 'NONE',  ( -28.92238325557900000, -8.380371912370106800, 1.893154488871187500 ) ) ;
#1006 = FACE_OUTER_BOUND ( 'NONE', #7134, .T. ) ;
#1007 = ORIENTED_EDGE ( 'NONE', *, *, #8439, .T. ) ;
#1008 = AXIS2_PLACEMENT_3D ( 'NONE', #6974, #1902, #7831 ) ;
#1009 = COLOUR_RGB ( '',1.000000000000000000, 0.6588235294117647000, 0.0000000000000000000 ) ;
#1010 = ORIENTED_EDGE ( 'NONE', *, *, #8003, .F. ) ;
#1011 = DIRECTION ( 'NONE',  ( 0.0000000000000000000, -0.9063077870365046100, 0.4226182617410111900 ) ) ;
#1012 = AXIS2_PLACEMENT_3D ( 'NONE', #2397, #1987, #1954 ) ;
#1013 = CARTESIAN_POINT ( 'NONE',  ( -40.42238325557922000, -8.536769409500877300, 10.24141823171915500 ) ) ;
#1014 = VECTOR ( 'NONE', #9147, 1000.000000000000000 ) ;
#1015 = ORIENTED_EDGE ( 'NONE', *, *, #3117, .F. ) ;
#1016 = CARTESIAN_POINT ( 'NONE',  ( -33.54238325557899700, -21.07546763311799900, 5.606219006541500100 ) ) ;
#1017 = COLOUR_RGB ( '',1.000000000000000000, 0.3294117647058823500, 0.0000000000000000000 ) ;
#1019 =( NAMED_UNIT ( * ) PLANE_ANGLE_UNIT ( ) SI_UNIT ( $, .RADIAN. ) );
#1018 = DIRECTION ( 'NONE',  ( -1.000000000000000000, 0.0000000000000000000, 0.0000000000000000000 ) ) ;
#1020 = CARTESIAN_POINT ( 'NONE',  ( -39.42238325557900000, -19.92278354449798900, 4.517024629103434400 ) ) ;
#1021 = PLANE ( 'NONE',  #2802 ) ;
#1022 = AXIS2_PLACEMENT_3D ( 'NONE', #10935, #7514, #4149 ) ;
#1023 = ORIENTED_EDGE ( 'NONE', *, *, #2627, .F. ) ;
#1024 = ORIENTED_EDGE ( 'NONE', *, *, #7064, .F. ) ;
#1025 = CARTESIAN_POINT ( 'NONE',  ( -39.92238325557900000, -10.19927232954995900, 3.955037393682090400 ) ) ;
#1026 = VERTEX_POINT ( 'NONE', #4890 ) ;
#1027 = CARTESIAN_POINT ( 'NONE',  ( -51.32238325557892000, -9.424956985938260700, 7.626833352390864500 ) ) ;
#1028 = ADVANCED_FACE ( 'F129', ( #6702 ), #4384, .T. ) ;
#1029 = CARTESIAN_POINT ( 'NONE',  ( -51.32238325557864300, -6.153200639385183000, 9.079672604090035300 ) ) ;
#1030 = EDGE_CURVE ( 'NONE', #10920, #9703, #1918, .T. ) ;
#1031 = LINE ( 'NONE', #2122, #9844 ) ;
#1032 = EDGE_CURVE ( 'NONE', #8494, #2689, #2186, .T. ) ;
#1033 = CARTESIAN_POINT ( 'NONE',  ( -49.62238325557938600, -14.30240088096395800, 15.42022057736398800 ) ) ;
#1034 = CARTESIAN_POINT ( 'NONE',  ( -44.82238325557801800, -8.536769409502396000, 1.741418231718241600 ) ) ;
#1035 = ORIENTED_EDGE ( 'NONE', *, *, #4554, .F. ) ;
#1036 = CARTESIAN_POINT ( 'NONE',  ( -53.12238325557899500, -12.05512415679150000, 9.372008547793800700 ) ) ;
#1037 = ORIENTED_EDGE ( 'NONE', *, *, #1894, .T. ) ;
#1038 = EDGE_CURVE ( 'NONE', #10322, #3558, #4209, .T. ) ;
#1039 = ORIENTED_EDGE ( 'NONE', *, *, #5206, .T. ) ;
#1040 = AXIS2_PLACEMENT_3D ( 'NONE', #7427, #2363, #8301 ) ;
#1041 = CARTESIAN_POINT ( 'NONE',  ( -36.80347659245163100, -20.95303880338171300, 1.135617829808159200 ) ) ;
#1042 = CARTESIAN_POINT ( 'NONE',  ( -51.32238325557899800, -6.210713145510033500, 9.303785722569569900 ) ) ;
#1043 = CARTESIAN_POINT ( 'NONE',  ( -53.12238325557902400, -10.95884666412926700, 11.32058214781165100 ) ) ;
#1044 = VECTOR ( 'NONE', #2866, 1000.000000000000000 ) ;
#1045 = DIRECTION ( 'NONE',  ( 6.040919398694632200E-013, 1.000000000000000000, 0.0000000000000000000 ) ) ;
#1046 = VERTEX_POINT ( 'NONE', #4748 ) ;
#1047 = EDGE_CURVE ( 'NONE', #3322, #9184, #10441, .T. ) ;
#1048 = DIRECTION ( 'NONE',  ( -0.0000000000000000000, 0.9063077870366482700, -0.4226182617407029400 ) ) ;
#1049 = EDGE_LOOP ( 'NONE', ( #7699, #10205, #7016, #2954, #6704, #1456, #9901, #11021, #2680 ) ) ;
#1050 = ORIENTED_EDGE ( 'NONE', *, *, #6450, .F. ) ;
#1051 = EDGE_CURVE ( 'NONE', #5983, #10696, #1645, .T. ) ;
#1052 =( NAMED_UNIT ( * ) SI_UNIT ( $, .STERADIAN. ) SOLID_ANGLE_UNIT ( ) );
#1053 = AXIS2_PLACEMENT_3D ( 'NONE', #9825, #4735, #10605 ) ;
#1054 = DIRECTION ( 'NONE',  ( -0.0000000000000000000, 0.4226182617407859800, 0.9063077870366095200 ) ) ;
#1055 = DIRECTION ( 'NONE',  ( 0.0000000000000000000, -0.9063077870367005600, 0.4226182617405910300 ) ) ;
#1056 = ORIENTED_EDGE ( 'NONE', *, *, #5673, .F. ) ;
#1058 =( NAMED_UNIT ( * ) PLANE_ANGLE_UNIT ( ) SI_UNIT ( $, .RADIAN. ) );
#1057 =( NAMED_UNIT ( * ) PLANE_ANGLE_UNIT ( ) SI_UNIT ( $, .RADIAN. ) );
#1059 = CARTESIAN_POINT ( 'NONE',  ( -28.92238325557900300, -12.55164289603785100, 1.631494254870227600 ) ) ;
#1060 = ORIENTED_EDGE ( 'NONE', *, *, #6823, .T. ) ;
#1061 = ORIENTED_EDGE ( 'NONE', *, *, #293, .F. ) ;
#1062 = ORIENTED_EDGE ( 'NONE', *, *, #10070, .T. ) ;
#1063 = EDGE_LOOP ( 'NONE', ( #8556, #10117, #10164, #9018 ) ) ;
#1064 = SURFACE_SIDE_STYLE ('',( #2483 ) ) ;
#1065 = EDGE_CURVE ( 'NONE', #3862, #4794, #5898, .T. ) ;
#1066 = CARTESIAN_POINT ( 'NONE',  ( -41.83292810458900100, -12.15931623691730000, 2.827771727927150400 ) ) ;
#1067 = SURFACE_SIDE_STYLE ('',( #549 ) ) ;
#1068 = DIRECTION ( 'NONE',  ( 0.0000000000000000000, 0.4226182617406948900, 0.9063077870366520500 ) ) ;
#1069 = FILL_AREA_STYLE_COLOUR ( '', #4633 ) ;
#1070 = EDGE_LOOP ( 'NONE', ( #642, #6446, #10243, #3115 ) ) ;
#1071 = CARTESIAN_POINT ( 'NONE',  ( -41.83292810458900100, -9.440392875807599900, 1.559916942704999900 ) ) ;
#1072 = ORIENTED_EDGE ( 'NONE', *, *, #8784, .F. ) ;
#1073 = VECTOR ( 'NONE', #7839, 1000.000000000000000 ) ;
#1074 = ORIENTED_EDGE ( 'NONE', *, *, #5868, .T. ) ;
#1075 = DIRECTION ( 'NONE',  ( -1.000000000000000000, 2.918290966787332300E-014, -1.088501248464561100E-013 ) ) ;
#1076 = DIRECTION ( 'NONE',  ( -1.000000000000000000, -2.874238418593461300E-013, 3.425383961318446200E-013 ) ) ;
#1077 = CARTESIAN_POINT ( 'NONE',  ( -37.45982793417361000, -17.28905331656234900, 10.46085252755943000 ) ) ;
#1078 = AXIS2_PLACEMENT_3D ( 'NONE', #714, #7185, #7223 ) ;
#1079 = EDGE_LOOP ( 'NONE', ( #5837, #10428, #9280, #925 ) ) ;
#1080 = FACE_OUTER_BOUND ( 'NONE', #2055, .T. ) ;
#1081 = CARTESIAN_POINT ( 'NONE',  ( -51.32238325557850800, -12.45884666412898400, 11.32058214781096200 ) ) ;
#1082 = ADVANCED_FACE ( 'F81', ( #10722 ), #6395, .T. ) ;
#1083 = VECTOR ( 'NONE', #10652, 1000.000000000000100 ) ;
#1084 = CARTESIAN_POINT ( 'NONE',  ( -54.52238325557900100, -10.84541397487200100, 3.042622480289900000 ) ) ;
#1085 = AXIS2_PLACEMENT_3D ( 'NONE', #2081, #4668, #10618 ) ;
#1086 = DIRECTION ( 'NONE',  ( 0.9986016055963550200, -0.05286618295642175200, 0.0000000000000000000 ) ) ;
#1087 = DIRECTION ( 'NONE',  ( -0.0000000000000000000, -0.9063077870366440500, 0.4226182617407119900 ) ) ;
#1088 = LINE ( 'NONE', #8371, #3653 ) ;
#1089 = ORIENTED_EDGE ( 'NONE', *, *, #1489, .T. ) ;
#1090 = DIRECTION ( 'NONE',  ( -4.214079423258916300E-014, 0.4226182617407658900, 0.9063077870366189600 ) ) ;
#1091 = VECTOR ( 'NONE', #3699, 999.9999999999998900 ) ;
#1092 = ORIENTED_EDGE ( 'NONE', *, *, #1603, .F. ) ;
#1093 = EDGE_CURVE ( 'NONE', #8850, #5935, #554, .T. ) ;
#1094 = VECTOR ( 'NONE', #9974, 999.9999999999998900 ) ;
#1095 = CARTESIAN_POINT ( 'NONE',  ( -32.62238325557900300, -10.18217109626857400, 7.422703402371345400 ) ) ;
#1096 = EDGE_CURVE ( 'NONE', #9168, #3270, #9361, .T. ) ;
#1097 = FACE_OUTER_BOUND ( 'NONE', #2408, .T. ) ;
#1098 = CARTESIAN_POINT ( 'NONE',  ( -37.52238325557900100, -6.687244424274076100, 9.871693586019969000 ) ) ;
#1099 = CARTESIAN_POINT ( 'NONE',  ( -44.82238325557916200, -15.53676940949994500, 10.24141823171784800 ) ) ;
#1100 = DIRECTION ( 'NONE',  ( 1.000000000000000000, -6.830280870090087800E-014, 7.807046758812214700E-013 ) ) ;
#1101 = EDGE_LOOP ( 'NONE', ( #901, #7069 ) ) ;
#1102 = LINE ( 'NONE', #9167, #9644 ) ;
#1103 = AXIS2_PLACEMENT_3D ( 'NONE', #4545, #4675, #4486 ) ;
#1104 = LINE ( 'NONE', #10180, #3391 ) ;
#1105 = EDGE_CURVE ( 'NONE', #10916, #247, #7083, .T. ) ;
#1106 = EDGE_CURVE ( 'NONE', #2417, #5015, #4863, .T. ) ;
#1107 = ORIENTED_EDGE ( 'NONE', *, *, #1047, .T. ) ;
#1108 = DIRECTION ( 'NONE',  ( 0.0000000000000000000, -0.6427876096860158900, 0.7660444431194172200 ) ) ;
#1109 = SURFACE_STYLE_FILL_AREA ( #10584 ) ;
#1110 = CARTESIAN_POINT ( 'NONE',  ( -36.79734917799242300, -21.00438957506238300, 1.159563087895036000 ) ) ;
#1111 = VERTEX_POINT ( 'NONE', #7192 ) ;
#1112 = VECTOR ( 'NONE', #15, 1000.000000000000100 ) ;
#1113 = DIRECTION ( 'NONE',  ( 0.0000000000000000000, 0.9063077870366678100, -0.4226182617406610800 ) ) ;
#1114 = CYLINDRICAL_SURFACE ( 'NONE', #620, 0.8499999999997519500 ) ;
#1115 = VECTOR ( 'NONE', #4841, 1000.000000000000000 ) ;
#1116 = SURFACE_STYLE_FILL_AREA ( #10272 ) ;
#1117 = EDGE_CURVE ( 'NONE', #4987, #2619, #2315, .T. ) ;
#1118 =( GEOMETRIC_REPRESENTATION_CONTEXT ( 3 ) GLOBAL_UNCERTAINTY_ASSIGNED_CONTEXT ( ( #7264 ) ) GLOBAL_UNIT_ASSIGNED_CONTEXT ( ( #6116, #1019, #6961 ) ) REPRESENTATION_CONTEXT ( 'NONE', 'WORKASPACE' ) );
#1119 = CARTESIAN_POINT ( 'NONE',  ( -51.32238325557899100, -12.97472872840986500, 11.42058214876516200 ) ) ;
#1120 = ADVANCED_FACE ( 'F263', ( #9093 ), #6464, .T. ) ;
#1121 = CARTESIAN_POINT ( 'NONE',  ( -30.82238325557900200, -15.96269416937500000, 11.30510580015900000 ) ) ;
#1122 = ORIENTED_EDGE ( 'NONE', *, *, #6288, .F. ) ;
#1123 = LINE ( 'NONE', #10922, #1405 ) ;
#1124 = CIRCLE ( 'NONE', #5832, 1.074999999999068500 ) ;
#1125 = ORIENTED_EDGE ( 'NONE', *, *, #2845, .F. ) ;
#1126 = ORIENTED_EDGE ( 'NONE', *, *, #9863, .T. ) ;
#1127 = CARTESIAN_POINT ( 'NONE',  ( -53.12238325557899500, -11.73252104945799900, 18.73737386039700300 ) ) ;
#1128 = DIRECTION ( 'NONE',  ( 0.0000000000000000000, -0.5735764363505147000, 0.8191520442893638300 ) ) ;
#1129 = LINE ( 'NONE', #6778, #9934 ) ;
#1130 = DIRECTION ( 'NONE',  ( 0.0000000000000000000, 0.4226182617405458400, 0.9063077870367216600 ) ) ;
#1131 = FACE_BOUND ( 'NONE', #1101, .T. ) ;
#1133 = CARTESIAN_POINT ( 'NONE',  ( -51.32238325557892000, -11.44076012357505200, 9.802190875056897600 ) ) ;
#1132 = PLANE ( 'NONE',  #7520 ) ;
#1134 = VECTOR ( 'NONE', #439, 1000.000000000000000 ) ;
#1135 = ADVANCED_FACE ( 'F268', ( #6570 ), #10767, .T. ) ;
#1136 = CARTESIAN_POINT ( 'NONE',  ( -41.22238325557899700, -4.501771808586960700, 7.267148744758650000 ) ) ;
#1137 = ORIENTED_EDGE ( 'NONE', *, *, #5822, .T. ) ;
#1138 = AXIS2_PLACEMENT_3D ( 'NONE', #1920, #7853, #2775 ) ;
#1139 = LINE ( 'NONE', #7798, #9678 ) ;
#1140 = ORIENTED_EDGE ( 'NONE', *, *, #3349, .T. ) ;
#1141 = LINE ( 'NONE', #1970, #9946 ) ;
#1142 = DIRECTION ( 'NONE',  ( -0.0000000000000000000, 0.9063077870366284000, -0.4226182617407456800 ) ) ;
#1143 = CARTESIAN_POINT ( 'NONE',  ( -51.62238325557900300, -10.29344818626602500, 5.764347962886212400 ) ) ;
#1144 = CARTESIAN_POINT ( 'NONE',  ( -32.02238325557899400, -12.84466960175608600, 1.712956931506639500 ) ) ;
#1145 = VERTEX_POINT ( 'NONE', #10007 ) ;
#1146 = LINE ( 'NONE', #3879, #7389 ) ;
#1147 = VERTEX_POINT ( 'NONE', #10384 ) ;
#1148 = CARTESIAN_POINT ( 'NONE',  ( -51.32238325557899800, -4.474394404316998800, 7.856811155608300900 ) ) ;
#1149 = LINE ( 'NONE', #3058, #9957 ) ;
#1150 = DIRECTION ( 'NONE',  ( 0.2588190451026706800, -0.8754260980655175200, 0.4082178936768020000 ) ) ;
#1151 = DIRECTION ( 'NONE',  ( -1.000000000000000000, -0.0000000000000000000, -0.0000000000000000000 ) ) ;
#1152 = CARTESIAN_POINT ( 'NONE',  ( -32.02238325557899400, -5.731920827744400700, -0.7210609328418000600 ) ) ;
#1153 = ORIENTED_EDGE ( 'NONE', *, *, #2407, .T. ) ;
#1154 = CARTESIAN_POINT ( 'NONE',  ( -51.32238325557887000, -9.226733627075677900, 7.434046710758021700 ) ) ;
#1155 = AXIS2_PLACEMENT_3D ( 'NONE', #6841, #9421, #4348 ) ;
#1156 = LINE ( 'NONE', #7246, #5696 ) ;
#1157 = CARTESIAN_POINT ( 'NONE',  ( -51.52238325557900100, -10.29568553639862700, 5.759549950043449900 ) ) ;
#1158 = EDGE_CURVE ( 'NONE', #10139, #7658, #153, .T. ) ;
#1159 = ORIENTED_EDGE ( 'NONE', *, *, #4564, .F. ) ;
#1160 = VECTOR ( 'NONE', #4927, 1000.000000000000000 ) ;
#1161 = CARTESIAN_POINT ( 'NONE',  ( -36.79741715940524900, -21.07429583705415900, 1.192160913214802300 ) ) ;
#1162 = CARTESIAN_POINT ( 'NONE',  ( -32.62238325557900300, -15.90884666412775100, 12.02058214781100200 ) ) ;
#1163 = EDGE_CURVE ( 'NONE', #10984, #7841, #2583, .T. ) ;
#1164 = EDGE_LOOP ( 'NONE', ( #9984, #6023, #340, #7319 ) ) ;
#1165 = CARTESIAN_POINT ( 'NONE',  ( -51.62238325557900300, -12.95884666413300000, 11.42058214781099900 ) ) ;
#1166 = VERTEX_POINT ( 'NONE', #7640 ) ;
#1167 = AXIS2_PLACEMENT_3D ( 'NONE', #7170, #7158, #7132 ) ;
#1169 = CARTESIAN_POINT ( 'NONE',  ( -51.32238325557879200, -10.06149274410299200, 7.918119122063985500 ) ) ;
#1168 = CARTESIAN_POINT ( 'NONE',  ( -52.82238325557906900, -16.24038559931235400, 13.83367345651443300 ) ) ;
#1170 = ORIENTED_EDGE ( 'NONE', *, *, #958, .T. ) ;
#1171 = DIRECTION ( 'NONE',  ( 0.0000000000000000000, -0.6427876096865049500, 0.7660444431190068800 ) ) ;
#1172 = AXIS2_PLACEMENT_3D ( 'NONE', #5052, #10999, #5879 ) ;
#1173 = CARTESIAN_POINT ( 'NONE',  ( -49.62238325557901000, -8.536769409502365800, 18.74141823171804000 ) ) ;
#1174 = LINE ( 'NONE', #4439, #3748 ) ;
#1175 = VERTEX_POINT ( 'NONE', #7717 ) ;
#1176 = CARTESIAN_POINT ( 'NONE',  ( -41.92238325557900000, -10.66390838833420500, 2.130451596067608500 ) ) ;
#1177 = ADVANCED_FACE ( 'F47', ( #4334 ), #8874, .T. ) ;
#1178 = VERTEX_POINT ( 'NONE', #10423 ) ;
#1179 = CARTESIAN_POINT ( 'NONE',  ( -30.12238325557900300, -17.06076816570249800, 4.561667338916950400 ) ) ;
#1180 = EDGE_CURVE ( 'NONE', #505, #4422, #2048, .T. ) ;
#1181 = PLANE ( 'NONE',  #9936 ) ;
#1182 = EDGE_CURVE ( 'NONE', #4732, #2376, #8819, .T. ) ;
#1183 = CARTESIAN_POINT ( 'NONE',  ( -51.32238325557899800, -10.30016023666365900, 5.749953924357948100 ) ) ;
#1184 = ORIENTED_EDGE ( 'NONE', *, *, #2921, .F. ) ;
#1185 = FACE_OUTER_BOUND ( 'NONE', #8669, .T. ) ;
#1186 =( NAMED_UNIT ( * ) PLANE_ANGLE_UNIT ( ) SI_UNIT ( $, .RADIAN. ) );
#1187 = VERTEX_POINT ( 'NONE', #6014 ) ;
#1188 = EDGE_CURVE ( 'NONE', #4409, #3377, #1779, .T. ) ;
#1189 = AXIS2_PLACEMENT_3D ( 'NONE', #8935, #3888, #4596 ) ;
#1190 = CARTESIAN_POINT ( 'NONE',  ( -36.80152945939502700, -21.10902800307237100, 1.208356788213407400 ) ) ;
#1191 =( LENGTH_UNIT ( ) NAMED_UNIT ( * ) SI_UNIT ( .MILLI., .METRE. ) );
#1192 = VERTEX_POINT ( 'NONE', #6573 ) ;
#1193 = DIRECTION ( 'NONE',  ( -0.9659258262890283400, -0.2345697160099397500, 0.1093816549466769400 ) ) ;
#1194 = VERTEX_POINT ( 'NONE', #10621 ) ;
#1195 = ORIENTED_EDGE ( 'NONE', *, *, #159, .T. ) ;
#1196 = VECTOR ( 'NONE', #7226, 1000.000000000000100 ) ;
#1197 = EDGE_LOOP ( 'NONE', ( #10283, #1257, #7834, #8692 ) ) ;
#1198 = CARTESIAN_POINT ( 'NONE',  ( -36.81381335881531700, -21.15929227568273800, 1.231795403463216600 ) ) ;
#1199 = PLANE ( 'NONE',  #196 ) ;
#1200 = EDGE_CURVE ( 'NONE', #7776, #6531, #4074, .T. ) ;
#1201 = CARTESIAN_POINT ( 'NONE',  ( -53.12238325557827800, -6.153200639385499200, 9.079672604090545100 ) ) ;
#1202 = MECHANICAL_DESIGN_GEOMETRIC_PRESENTATION_REPRESENTATION (  '', ( #26 ), #1782 ) ;
#1203 = VERTEX_POINT ( 'NONE', #7304 ) ;
#1204 = DIRECTION ( 'NONE',  ( -1.000000000000000000, -0.0000000000000000000, -0.0000000000000000000 ) ) ;
#1205 = ORIENTED_EDGE ( 'NONE', *, *, #3424, .F. ) ;
#1206 = FACE_OUTER_BOUND ( 'NONE', #6781, .T. ) ;
#1207 = DIRECTION ( 'NONE',  ( 3.426078865058958500E-013, 0.0000000000000000000, 1.000000000000000000 ) ) ;
#1208 = ORIENTED_EDGE ( 'NONE', *, *, #2761, .F. ) ;
#1209 = DIRECTION ( 'NONE',  ( 0.0000000000000000000, -0.7071067811865621200, 0.7071067811865329200 ) ) ;
#1210 = CARTESIAN_POINT ( 'NONE',  ( -51.42238325557900700, -10.29792288653115100, 5.754751937200651000 ) ) ;
#1211 = DIRECTION ( 'NONE',  ( -7.103455424048832200E-015, 0.4226182617407321900, 0.9063077870366347300 ) ) ;
#1212 = ORIENTED_EDGE ( 'NONE', *, *, #2895, .F. ) ;
#1213 = CARTESIAN_POINT ( 'NONE',  ( -31.42238325557900000, -18.94397146989600600, 6.819041860228299600 ) ) ;
#1214 = VERTEX_POINT ( 'NONE', #6901 ) ;
#1215 = AXIS2_PLACEMENT_3D ( 'NONE', #857, #829, #814 ) ;
#1216 = FACE_OUTER_BOUND ( 'NONE', #5044, .T. ) ;
#1217 = CARTESIAN_POINT ( 'NONE',  ( -37.32238325557794700, -20.15577425341485800, 0.7638472645825809000 ) ) ;
#1218 = FACE_OUTER_BOUND ( 'NONE', #387, .T. ) ;
#1219 = CARTESIAN_POINT ( 'NONE',  ( -37.06712885247434700, -21.92307443813635400, 1.587952874977500500 ) ) ;
#1220 = DIRECTION ( 'NONE',  ( -0.0000000000000000000, -0.9063077870366502700, 0.4226182617406988900 ) ) ;
#1221 = AXIS2_PLACEMENT_3D ( 'NONE', #5622, #496, #6479 ) ;
#1222 = CIRCLE ( 'NONE', #2308, 0.9622611464964530000 ) ;
#1223 = VERTEX_POINT ( 'NONE', #10947 ) ;
#1224 = FACE_OUTER_BOUND ( 'NONE', #6087, .T. ) ;
#1225 = CARTESIAN_POINT ( 'NONE',  ( -51.62238325557900300, -12.95884666413300000, 11.42058214781099900 ) ) ;
#1226 = CARTESIAN_POINT ( 'NONE',  ( -51.32238325557894100, -6.875854221563701100, 6.240210332497345500 ) ) ;
#1227 = FACE_OUTER_BOUND ( 'NONE', #4897, .T. ) ;
#1228 = CARTESIAN_POINT ( 'NONE',  ( -51.32238325557933900, -12.43866117903614900, 9.652801598580456500 ) ) ;
#1229 = ADVANCED_FACE ( 'F16', ( #6295 ), #10307, .T. ) ;
#1230 = LINE ( 'NONE', #7928, #954 ) ;
#1231 = ORIENTED_EDGE ( 'NONE', *, *, #5733, .F. ) ;
#1232 = CARTESIAN_POINT ( 'NONE',  ( -36.81892734536312900, -21.17582477946802700, 1.239504636586780300 ) ) ;
#1233 = ORIENTED_EDGE ( 'NONE', *, *, #8895, .T. ) ;
#1234 = VECTOR ( 'NONE', #10949, 1000.000000000000000 ) ;
#1235 = FACE_BOUND ( 'NONE', #4818, .T. ) ;
#1236 = CARTESIAN_POINT ( 'NONE',  ( -51.32238325557899800, -6.581725712509501700, 9.590368899502799100 ) ) ;
#1237 = DIRECTION ( 'NONE',  ( 0.0000000000000000000, -0.4226182617407099300, -0.9063077870366451600 ) ) ;
#1238 = DIRECTION ( 'NONE',  ( 0.0000000000000000000, 0.0000000000000000000, -1.000000000000000000 ) ) ;
#1239 = ORIENTED_EDGE ( 'NONE', *, *, #666, .T. ) ;
#1240 = VECTOR ( 'NONE', #10776, 1000.000000000000000 ) ;
#1241 = EDGE_CURVE ( 'NONE', #3708, #8202, #3811, .T. ) ;
#1242 = EDGE_LOOP ( 'NONE', ( #6825, #9968, #3635, #5666, #5594, #1369, #1295, #10401, #2489 ) ) ;
#1243 = PLANE ( 'NONE',  #5580 ) ;
#1244 = EDGE_CURVE ( 'NONE', #6848, #7953, #8290, .T. ) ;
#1245 = CARTESIAN_POINT ( 'NONE',  ( -32.62238325557900300, -3.077202554305742400, 5.389763912589015300 ) ) ;
#1246 = LINE ( 'NONE', #57, #5141 ) ;
#1247 = LINE ( 'NONE', #1066, #6038 ) ;
#1248 = CARTESIAN_POINT ( 'NONE',  ( -37.32238325557815300, -7.053212968576761300, -1.484154687614810800 ) ) ;
#1249 = CARTESIAN_POINT ( 'NONE',  ( -32.62238325557900300, -7.170633082159700000, -4.808347132910400400 ) ) ;
#1250 = FILL_AREA_STYLE_COLOUR ( '', #9680 ) ;
#1251 = EDGE_CURVE ( 'NONE', #6161, #8617, #1513, .T. ) ;
#1252 = ORIENTED_EDGE ( 'NONE', *, *, #6606, .F. ) ;
#1253 = AXIS2_PLACEMENT_3D ( 'NONE', #10535, #6113, #7993 ) ;
#1254 = VECTOR ( 'NONE', #7727, 1000.000000000000200 ) ;
#1255 = ORIENTED_EDGE ( 'NONE', *, *, #2692, .F. ) ;
#1256 = COLOUR_RGB ( '',1.000000000000000000, 0.3294117647058823500, 0.0000000000000000000 ) ;
#1257 = ORIENTED_EDGE ( 'NONE', *, *, #9887, .F. ) ;
#1258 = DIRECTION ( 'NONE',  ( -0.0000000000000000000, 0.9063077870366471600, -0.4226182617407056000 ) ) ;
#1259 = DIRECTION ( 'NONE',  ( 8.446290927817065700E-014, 0.4226182617408593100, 0.9063077870365754400 ) ) ;
#1260 = LINE ( 'NONE', #2183, #3276 ) ;
#1261 = EDGE_CURVE ( 'NONE', #7675, #327, #8025, .T. ) ;
#1262 = CARTESIAN_POINT ( 'NONE',  ( -37.32238320644655300, -20.56359987333833300, 0.9540194743452422600 ) ) ;
#1263 = DIRECTION ( 'NONE',  ( -1.000000000000000000, 9.444605591429286000E-013, 2.055647319032517200E-012 ) ) ;
#1264 = CARTESIAN_POINT ( 'NONE',  ( -36.83119402527420000, -21.20844527953565300, 1.254715825581161700 ) ) ;
#1265 = ORIENTED_EDGE ( 'NONE', *, *, #5643, .F. ) ;
#1266 = FACE_OUTER_BOUND ( 'NONE', #3830, .T. ) ;
#1267 = DIRECTION ( 'NONE',  ( -7.103455424048832200E-015, 0.4226182617407321900, 0.9063077870366347300 ) ) ;
#1268 = LINE ( 'NONE', #4600, #7775 ) ;
#1269 = VERTEX_POINT ( 'NONE', #2133 ) ;
#1270 = EDGE_CURVE ( 'NONE', #9406, #6051, #5509, .T. ) ;
#1271 = AXIS2_PLACEMENT_3D ( 'NONE', #9438, #4373, #10303 ) ;
#1272 = VECTOR ( 'NONE', #3096, 1000.000000000000200 ) ;
#1273 = CARTESIAN_POINT ( 'NONE',  ( -43.02238325557900100, -2.047429067452259900, 2.625419098096599700 ) ) ;
#1274 = AXIS2_PLACEMENT_3D ( 'NONE', #3940, #9870, #4791 ) ;
#1275 = CARTESIAN_POINT ( 'NONE',  ( -36.83884795985780900, -21.22547379151089700, 1.262656351122203300 ) ) ;
#1276 = ORIENTED_EDGE ( 'NONE', *, *, #6861, .T. ) ;
#1277 = VERTEX_POINT ( 'NONE', #2465 ) ;
#1278 = VERTEX_POINT ( 'NONE', #1498 ) ;
#1279 = SURFACE_STYLE_USAGE ( .BOTH. , #6379 ) ;
#1280 = LINE ( 'NONE', #4252, #3567 ) ;
#1281 = FACE_OUTER_BOUND ( 'NONE', #3892, .T. ) ;
#1282 = ORIENTED_EDGE ( 'NONE', *, *, #7295, .F. ) ;
#1283 = DIRECTION ( 'NONE',  ( -6.804592731552082800E-014, -1.000000000000000000, 0.0000000000000000000 ) ) ;
#1284 = FACE_OUTER_BOUND ( 'NONE', #5197, .T. ) ;
#1285 = CARTESIAN_POINT ( 'NONE',  ( -51.32238325557884200, -4.549290072917061800, 9.046973176155786300 ) ) ;
#1286 = EDGE_CURVE ( 'NONE', #8256, #4620, #3525, .T. ) ;
#1287 = DIRECTION ( 'NONE',  ( -0.0000000000000000000, 0.4226182617406955000, 0.9063077870366517100 ) ) ;
#1288 = CARTESIAN_POINT ( 'NONE',  ( -32.62238325557900300, -11.70884666413000400, 11.42058214781100200 ) ) ;
#1289 = EDGE_LOOP ( 'NONE', ( #1007, #3497, #8306, #9713 ) ) ;
#1290 = AXIS2_PLACEMENT_3D ( 'NONE', #114, #9537, #4456 ) ;
#1291 = CARTESIAN_POINT ( 'NONE',  ( -30.82238325557900500, -3.077202554305698900, 5.389763912589104100 ) ) ;
#1292 = ORIENTED_EDGE ( 'NONE', *, *, #4349, .F. ) ;
#1293 = LINE ( 'NONE', #605, #8069 ) ;
#1294 = ADVANCED_FACE ( 'F123', ( #1235, #7469 ), #2501, .T. ) ;
#1295 = ORIENTED_EDGE ( 'NONE', *, *, #10542, .F. ) ;
#1296 = B_SPLINE_CURVE_WITH_KNOTS ( 'NONE', 3,
 ( #1724, #1808, #1548, #1121 ),
 .UNSPECIFIED., .F., .F.,
 ( 4, 4 ),
 ( 0.0000000000000000000, 1.000000000000000000 ),
 .UNSPECIFIED. ) ;
#1297 = DIRECTION ( 'NONE',  ( 0.0000000000000000000, -0.4226182617416195900, -0.9063077870362209500 ) ) ;
#1298 = SURFACE_STYLE_FILL_AREA ( #6924 ) ;
#1299 = DIRECTION ( 'NONE',  ( 1.000000000000000000, 0.0000000000000000000, 0.0000000000000000000 ) ) ;
#1300 = CARTESIAN_POINT ( 'NONE',  ( -29.82238325557900200, -7.469417468160200400, 1.468369455305800000 ) ) ;
#1301 = ORIENTED_EDGE ( 'NONE', *, *, #4199, .T. ) ;
#1302 = PLANE ( 'NONE',  #2668 ) ;
#1303 = VERTEX_POINT ( 'NONE', #3918 ) ;
#1304 = ORIENTED_EDGE ( 'NONE', *, *, #306, .F. ) ;
#1305 = CARTESIAN_POINT ( 'NONE',  ( -36.86135521807339900, -21.26927010723948500, 1.283078908545427500 ) ) ;
#1306 = VECTOR ( 'NONE', #1220, 1000.000000000000100 ) ;
#1307 = CARTESIAN_POINT ( 'NONE',  ( -51.32238325557891300, -9.755750184095145300, 6.232083076925371200 ) ) ;
#1308 = CARTESIAN_POINT ( 'NONE',  ( -35.02238325557877400, -5.144554161027961000, 8.033186922536350100 ) ) ;
#1309 = AXIS2_PLACEMENT_3D ( 'NONE', #9212, #3319, #9255 ) ;
#1310 = EDGE_LOOP ( 'NONE', ( #10821, #4094, #6110, #6952 ) ) ;
#1311 = ORIENTED_EDGE ( 'NONE', *, *, #5456, .T. ) ;
#1312 = CARTESIAN_POINT ( 'NONE',  ( -36.88807124338416100, -21.31017942908731300, 1.302155238613002400 ) ) ;
#1313 = ORIENTED_EDGE ( 'NONE', *, *, #3910, .T. ) ;
#1314 = CARTESIAN_POINT ( 'NONE',  ( -32.62238325557900300, -12.02056399136204900, 3.480257116228000000 ) ) ;
#1315 = EDGE_CURVE ( 'NONE', #9807, #3187, #5241, .T. ) ;
#1316 = EDGE_CURVE ( 'NONE', #301, #10982, #963, .T. ) ;
#1317 = ORIENTED_EDGE ( 'NONE', *, *, #9269, .F. ) ;
#1318 = PLANE ( 'NONE',  #9959 ) ;
#1319 = CARTESIAN_POINT ( 'NONE',  ( -52.82238325557814600, -8.536769409500363900, 10.24141823171796900 ) ) ;
#1320 = PLANE ( 'NONE',  #6745 ) ;
#1321 = ORIENTED_EDGE ( 'NONE', *, *, #4482, .F. ) ;
#1322 = CARTESIAN_POINT ( 'NONE',  ( -37.32238325557787600, -15.83896085730351200, 9.784663308773991400 ) ) ;
#1323 = ORIENTED_EDGE ( 'NONE', *, *, #10518, .T. ) ;
#1324 = VERTEX_POINT ( 'NONE', #3446 ) ;
#1325 = CARTESIAN_POINT ( 'NONE',  ( -33.92238325557900000, -18.54223079151950100, 10.31707146177729900 ) ) ;
#1326 = ORIENTED_EDGE ( 'NONE', *, *, #2124, .T. ) ;
#1327 = DIRECTION ( 'NONE',  ( 0.0000000000000000000, 0.9063077870366502700, -0.4226182617406987200 ) ) ;
#1328 = EDGE_CURVE ( 'NONE', #93, #3165, #7214, .T. ) ;
#1329 = DIRECTION ( 'NONE',  ( -0.0000000000000000000, 2.859815558967479800E-013, 1.000000000000000000 ) ) ;
#1330 = EDGE_CURVE ( 'NONE', #9484, #6675, #684, .T. ) ;
#1331 = DIRECTION ( 'NONE',  ( -0.0000000000000000000, 0.9063077870366299500, -0.4226182617407423000 ) ) ;
#1332 = ORIENTED_EDGE ( 'NONE', *, *, #1604, .T. ) ;
#1333 = VERTEX_POINT ( 'NONE', #5948 ) ;
#1334 = FILL_AREA_STYLE_COLOUR ( '', #304 ) ;
#1335 = CARTESIAN_POINT ( 'NONE',  ( -51.32238325557879200, -7.803543594157863700, 7.664777785436866600 ) ) ;
#1336 = ORIENTED_EDGE ( 'NONE', *, *, #4426, .T. ) ;
#1337 = EDGE_CURVE ( 'NONE', #6237, #9874, #9221, .T. ) ;
#1338 = ORIENTED_EDGE ( 'NONE', *, *, #3485, .F. ) ;
#1339 = FACE_OUTER_BOUND ( 'NONE', #7426, .T. ) ;
#1340 =( GEOMETRIC_REPRESENTATION_CONTEXT ( 3 ) GLOBAL_UNCERTAINTY_ASSIGNED_CONTEXT ( ( #2825 ) ) GLOBAL_UNIT_ASSIGNED_CONTEXT ( ( #8553, #3487, #9425 ) ) REPRESENTATION_CONTEXT ( 'NONE', 'WORKASPACE' ) );
#1341 = ORIENTED_EDGE ( 'NONE', *, *, #6864, .F. ) ;
#1342 = CARTESIAN_POINT ( 'NONE',  ( -51.62238325557900300, -12.02056399136204900, 3.480257116228000900 ) ) ;
#1343 = CARTESIAN_POINT ( 'NONE',  ( -36.92110041933766200, -21.34675826011398700, 1.319212227647104600 ) ) ;
#1344 = CARTESIAN_POINT ( 'NONE',  ( -43.02238325557900100, -10.01593332559345700, 7.069340977090455200 ) ) ;
#1345 = SURFACE_STYLE_USAGE ( .BOTH. , #6441 ) ;
#1346 = CARTESIAN_POINT ( 'NONE',  ( -35.97238325557899700, -1.768532463560023700, 3.223514795250111800 ) ) ;
#1347 = ORIENTED_EDGE ( 'NONE', *, *, #2761, .T. ) ;
#1348 = CARTESIAN_POINT ( 'NONE',  ( -41.83292810458898000, -13.38283174941687600, 3.398306381277097300 ) ) ;
#1349 = ADVANCED_FACE ( 'F222', ( #4733 ), #5911, .T. ) ;
#1350 = ORIENTED_EDGE ( 'NONE', *, *, #6532, .F. ) ;
#1351 = CARTESIAN_POINT ( 'NONE',  ( -36.94452279233839000, -21.37018181617151700, 1.330134811217955800 ) ) ;
#1352 = VECTOR ( 'NONE', #8664, 1000.000000000000200 ) ;
#1353 = DIRECTION ( 'NONE',  ( 0.0000000000000000000, 0.08715574274759076100, -0.9961946980917514300 ) ) ;
#1354 = UNCERTAINTY_MEASURE_WITH_UNIT (LENGTH_MEASURE( 1.000000000000000100E-005 ), #1738, 'distance_accuracy_value', 'NONE');
#1355 = DIRECTION ( 'NONE',  ( -1.000000000000000000, 0.0000000000000000000, 0.0000000000000000000 ) ) ;
#1356 = STYLED_ITEM ( 'NONE', ( #9820 ), #7344 ) ;
#1357 = ORIENTED_EDGE ( 'NONE', *, *, #5754, .F. ) ;
#1358 = DIRECTION ( 'NONE',  ( 0.0000000000000000000, 0.08715574274759076100, -0.9961946980917514300 ) ) ;
#1359 = LINE ( 'NONE', #6738, #5872 ) ;
#1360 = COLOUR_RGB ( '',1.000000000000000000, 0.6588235294117647000, 0.0000000000000000000 ) ;
#1361 = VECTOR ( 'NONE', #7074, 1000.000000000000000 ) ;
#1362 = CARTESIAN_POINT ( 'NONE',  ( -30.82238325557901200, -3.058464111712659000, 5.474287564937045900 ) ) ;
#1363 = DIRECTION ( 'NONE',  ( -1.000000000000000000, 0.0000000000000000000, 0.0000000000000000000 ) ) ;
#1364 = AXIS2_PLACEMENT_3D ( 'NONE', #7035, #7073, #7111 ) ;
#1365 = LINE ( 'NONE', #1536, #7876 ) ;
#1366 = VERTEX_POINT ( 'NONE', #7354 ) ;
#1367 = VECTOR ( 'NONE', #6225, 1000.000000000000000 ) ;
#1368 = CARTESIAN_POINT ( 'NONE',  ( -42.42238325557900700, -10.47373017054948900, 2.538290100233312300 ) ) ;
#1369 = ORIENTED_EDGE ( 'NONE', *, *, #9376, .T. ) ;
#1370 = CARTESIAN_POINT ( 'NONE',  ( -54.32238325557936100, -1.536769409500968300, 10.24141823171784800 ) ) ;
#1371 = LINE ( 'NONE', #9915, #7595 ) ;
#1372 = CARTESIAN_POINT ( 'NONE',  ( -32.62238325557900300, -4.614547938994692600, 0.1371219308225424000 ) ) ;
#1373 = LINE ( 'NONE', #7535, #9906 ) ;
#1374 = SURFACE_SIDE_STYLE ('',( #7275 ) ) ;
#1375 = AXIS2_PLACEMENT_3D ( 'NONE', #9739, #320, #5487 ) ;
#1376 = B_SPLINE_CURVE_WITH_KNOTS ( 'NONE', 3,
 ( #8626, #4424, #6096, #999, #6937, #1874, #7802, #2726, #8658, #3597, #9534, #4452 ),
 .UNSPECIFIED., .F., .F.,
 ( 4, 2, 2, 2, 2, 4 ),
 ( 0.0000000000000000000, 0.2500000000000005600, 0.5000000000000011100, 0.6249999999999993300, 0.7499999999999976700, 1.000000000000000000 ),
 .UNSPECIFIED. ) ;
#1377 = EDGE_CURVE ( 'NONE', #3076, #10282, #2714, .T. ) ;
#1378 = CARTESIAN_POINT ( 'NONE',  ( -36.95775017217278700, -21.38203625658607600, 1.335662627566407900 ) ) ;
#1379 = ORIENTED_EDGE ( 'NONE', *, *, #9232, .F. ) ;
#1380 = LINE ( 'NONE', #4109, #7604 ) ;
#1381 = DIRECTION ( 'NONE',  ( 1.000000000000000000, 0.0000000000000000000, 0.0000000000000000000 ) ) ;
#1382 = FACE_OUTER_BOUND ( 'NONE', #4080, .T. ) ;
#1383 = DIRECTION ( 'NONE',  ( -8.446290927817065700E-014, -0.4226182617408593100, -0.9063077870365754400 ) ) ;
#1384 = VECTOR ( 'NONE', #5723, 1000.000000000000100 ) ;
#1385 = CARTESIAN_POINT ( 'NONE',  ( -53.12238325557923000, -12.21062704092860900, 8.286504585099143200 ) ) ;
#1386 = AXIS2_PLACEMENT_3D ( 'NONE', #8911, #8763, #8837 ) ;
#1387 = DIRECTION ( 'NONE',  ( 0.0000000000000000000, -0.9063077870365829900, 0.4226182617408431000 ) ) ;
#1388 = ORIENTED_EDGE ( 'NONE', *, *, #5317, .T. ) ;
#1389 = LINE ( 'NONE', #3799, #7613 ) ;
#1390 = ORIENTED_EDGE ( 'NONE', *, *, #5526, .F. ) ;
#1391 = FACE_OUTER_BOUND ( 'NONE', #9799, .T. ) ;
#1392 = CARTESIAN_POINT ( 'NONE',  ( -44.82238325557933900, -8.536769409502397800, 18.74141823171841300 ) ) ;
#1393 = VECTOR ( 'NONE', #2646, 999.9999999999998900 ) ;
#1394 = CARTESIAN_POINT ( 'NONE',  ( -32.62238325557901000, -5.018412972576086900, 12.46260439743021000 ) ) ;
#1395 = VECTOR ( 'NONE', #9019, 1000.000000000000000 ) ;
#1396 = DIRECTION ( 'NONE',  ( 1.000000000000000000, 0.0000000000000000000, 0.0000000000000000000 ) ) ;
#1397 = FACE_OUTER_BOUND ( 'NONE', #2652, .T. ) ;
#1398 = ADVANCED_FACE ( 'F167', ( #2991 ), #6691, .T. ) ;
#1399 = DIRECTION ( 'NONE',  ( 1.000000000000000000, 0.0000000000000000000, 0.0000000000000000000 ) ) ;
#1400 = EDGE_CURVE ( 'NONE', #7273, #5584, #8953, .T. ) ;
#1401 = UNCERTAINTY_MEASURE_WITH_UNIT (LENGTH_MEASURE( 1.000000000000000100E-005 ), #6370, 'distance_accuracy_value', 'NONE');
#1402 = EDGE_CURVE ( 'NONE', #5468, #728, #2435, .T. ) ;
#1403 = DIRECTION ( 'NONE',  ( -0.0000000000000000000, 0.7660444431190071000, 0.6427876096865046100 ) ) ;
#1404 = ORIENTED_EDGE ( 'NONE', *, *, #8516, .F. ) ;
#1405 = VECTOR ( 'NONE', #4137, 1000.000000000000100 ) ;
#1406 = LINE ( 'NONE', #6509, #7910 ) ;
#1407 = ORIENTED_EDGE ( 'NONE', *, *, #6817, .T. ) ;
#1408 = PLANE ( 'NONE',  #6679 ) ;
#1409 = EDGE_LOOP ( 'NONE', ( #1985, #4375, #11004, #6665 ) ) ;
#1410 = VECTOR ( 'NONE', #3381, 1000.000000000000100 ) ;
#1411 = CARTESIAN_POINT ( 'NONE',  ( -51.62238325557900300, -9.236902531914299900, 8.030117430477803400 ) ) ;
#1412 = ADVANCED_FACE ( 'F174', ( #2172 ), #9013, .T. ) ;
#1413 = DIRECTION ( 'NONE',  ( -0.0000000000000000000, -0.7660444431189099600, -0.6427876096866204100 ) ) ;
#1414 = EDGE_CURVE ( 'NONE', #7796, #10013, #8685, .T. ) ;
#1415 = DIRECTION ( 'NONE',  ( 0.0000000000000000000, -1.000000000000000000, 2.859815558967479800E-013 ) ) ;
#1416 = STYLED_ITEM ( 'NONE', ( #5844 ), #4047 ) ;
#1417 = ORIENTED_EDGE ( 'NONE', *, *, #8807, .F. ) ;
#1418 = ORIENTED_EDGE ( 'NONE', *, *, #6387, .T. ) ;
#1419 = COLOUR_RGB ( '',1.000000000000000000, 0.3294117647058823500, 0.0000000000000000000 ) ;
#1420 = VECTOR ( 'NONE', #915, 1000.000000000000200 ) ;
#1421 = ORIENTED_EDGE ( 'NONE', *, *, #4829, .T. ) ;
#1422 = CARTESIAN_POINT ( 'NONE',  ( -53.12238325557899500, -13.02977908521700100, 7.712928148748702000 ) ) ;
#1423 = FACE_OUTER_BOUND ( 'NONE', #10603, .T. ) ;
#1424 = ORIENTED_EDGE ( 'NONE', *, *, #10630, .F. ) ;
#1425 = EDGE_CURVE ( 'NONE', #4792, #7723, #133, .T. ) ;
#1427 = AXIS2_PLACEMENT_3D ( 'NONE', #11032, #3374, #9310 ) ;
#1426 = CYLINDRICAL_SURFACE ( 'NONE', #6692, 0.1999999999999866300 ) ;
#1428 = DIRECTION ( 'NONE',  ( -5.920288589536063100E-014, 0.4226182617406328800, 0.9063077870366809100 ) ) ;
#1429 = LINE ( 'NONE', #3805, #3439 ) ;
#1430 = ORIENTED_EDGE ( 'NONE', *, *, #2313, .F. ) ;
#1431 = LINE ( 'NONE', #3896, #3721 ) ;
#1432 = DIRECTION ( 'NONE',  ( 0.0000000000000000000, 0.4226182617402857200, 0.9063077870368428900 ) ) ;
#1433 = ORIENTED_EDGE ( 'NONE', *, *, #4480, .F. ) ;
#1434 = PLANE ( 'NONE',  #1748 ) ;
#1435 = CARTESIAN_POINT ( 'NONE',  ( -30.82238325557900200, -11.70884666413216700, 12.02058214781100000 ) ) ;
#1436 = PLANE ( 'NONE',  #3875 ) ;
#1437 = LINE ( 'NONE', #10666, #3447 ) ;
#1438 = CARTESIAN_POINT ( 'NONE',  ( -32.62238325557900300, -6.815272672446000400, 11.09373799818499900 ) ) ;
#1439 = EDGE_LOOP ( 'NONE', ( #10357, #8387, #10760, #9439 ) ) ;
#1440 = EDGE_CURVE ( 'NONE', #8798, #8866, #6430, .T. ) ;
#1441 = VECTOR ( 'NONE', #9977, 1000.000000000000100 ) ;
#1442 = VERTEX_POINT ( 'NONE', #11058 ) ;
#1443 = ORIENTED_EDGE ( 'NONE', *, *, #4311, .T. ) ;
#1444 = ORIENTED_EDGE ( 'NONE', *, *, #5815, .T. ) ;
#1445 = VERTEX_POINT ( 'NONE', #10362 ) ;
#1446 = DIRECTION ( 'NONE',  ( -1.000000000000000000, 0.0000000000000000000, 0.0000000000000000000 ) ) ;
#1447 = CARTESIAN_POINT ( 'NONE',  ( -43.92238325557900000, 2.097079272290649100, 5.834462115218900500 ) ) ;
#1448 = ORIENTED_EDGE ( 'NONE', *, *, #7145, .T. ) ;
#1449 = DIRECTION ( 'NONE',  ( 0.0000000000000000000, 0.9063077870366477200, -0.4226182617407039400 ) ) ;
#1450 = LINE ( 'NONE', #2080, #5714 ) ;
#1451 = CARTESIAN_POINT ( 'NONE',  ( -37.32238325557877100, -3.303148575166256200, 3.718442456627701900 ) ) ;
#1452 = DIRECTION ( 'NONE',  ( 0.0000000000000000000, 0.9063077870367700600, -0.4226182617404419300 ) ) ;
#1453 = ORIENTED_EDGE ( 'NONE', *, *, #3993, .F. ) ;
#1454 = AXIS2_PLACEMENT_3D ( 'NONE', #42, #5490, #11103 ) ;
#1455 = ADVANCED_FACE ( 'F201', ( #6154 ), #10328, .T. ) ;
#1456 = ORIENTED_EDGE ( 'NONE', *, *, #8342, .F. ) ;
#1457 =( NAMED_UNIT ( * ) PLANE_ANGLE_UNIT ( ) SI_UNIT ( $, .RADIAN. ) );
#1458 = DIRECTION ( 'NONE',  ( 1.749809990794660700E-013, -0.4226182617408547100, -0.9063077870365775500 ) ) ;
#1459 = MECHANICAL_DESIGN_GEOMETRIC_PRESENTATION_REPRESENTATION (  '', ( #10807 ), #2024 ) ;
#1460 = ORIENTED_EDGE ( 'NONE', *, *, #6316, .T. ) ;
#1461 = DIRECTION ( 'NONE',  ( 1.000000000000000000, 0.0000000000000000000, 0.0000000000000000000 ) ) ;
#1462 = VECTOR ( 'NONE', #10525, 999.9999999999998900 ) ;
#1463 = ADVANCED_FACE ( 'F187', ( #10967 ), #10433, .F. ) ;
#1464 = ORIENTED_EDGE ( 'NONE', *, *, #74, .T. ) ;
#1465 = CARTESIAN_POINT ( 'NONE',  ( -37.68585569862300800, -20.69467952470907000, 1.015142919607671600 ) ) ;
#1466 = EDGE_CURVE ( 'NONE', #343, #3283, #1633, .T. ) ;
#1467 = EDGE_CURVE ( 'NONE', #1870, #2514, #8413, .T. ) ;
#1468 = CARTESIAN_POINT ( 'NONE',  ( -30.82238325557900200, -10.03706769520110100, 7.024018175204149700 ) ) ;
#1469 =( NAMED_UNIT ( * ) SI_UNIT ( $, .STERADIAN. ) SOLID_ANGLE_UNIT ( ) );
#1470 = VERTEX_POINT ( 'NONE', #8666 ) ;
#1471 = CARTESIAN_POINT ( 'NONE',  ( -49.62238325557952800, -12.71488887246485100, 15.22070711199345400 ) ) ;
#1472 = ORIENTED_EDGE ( 'NONE', *, *, #9146, .T. ) ;
#1473 = EDGE_LOOP ( 'NONE', ( #5602, #7894, #10914, #2544, #10043, #2659, #679, #3869 ) ) ;
#1474 = VECTOR ( 'NONE', #8267, 1000.000000000000100 ) ;
#1475 = CARTESIAN_POINT ( 'NONE',  ( -51.32238325557909800, -11.03090259749789000, 12.25568702287817400 ) ) ;
#1476 = VERTEX_POINT ( 'NONE', #8630 ) ;
#1477 = EDGE_CURVE ( 'NONE', #1470, #10366, #3941, .T. ) ;
#1478 = ORIENTED_EDGE ( 'NONE', *, *, #6242, .T. ) ;
#1479 = ORIENTED_EDGE ( 'NONE', *, *, #7162, .F. ) ;
#1480 = DIRECTION ( 'NONE',  ( 0.0000000000000000000, -0.5735764363505148100, 0.8191520442893638300 ) ) ;
#1481 = EDGE_CURVE ( 'NONE', #7723, #1681, #8153, .T. ) ;
#1482 = LINE ( 'NONE', #117, #3778 ) ;
#1483 = CARTESIAN_POINT ( 'NONE',  ( -44.62238325557699900, -5.878922242619600200, 9.375089870117900400 ) ) ;
#1484 = EDGE_CURVE ( 'NONE', #9964, #11064, #7880, .T. ) ;
#1485 = ORIENTED_EDGE ( 'NONE', *, *, #4722, .F. ) ;
#1486 = DIRECTION ( 'NONE',  ( 0.0000000000000000000, -0.6427876096860158900, 0.7660444431194172200 ) ) ;
#1487 = SURFACE_STYLE_USAGE ( .BOTH. , #6578 ) ;
#1488 = DIRECTION ( 'NONE',  ( 0.0000000000000000000, 0.4226182617407052100, 0.9063077870366472700 ) ) ;
#1489 = EDGE_CURVE ( 'NONE', #8541, #9406, #1373, .T. ) ;
#1490 = VERTEX_POINT ( 'NONE', #6138 ) ;
#1491 = AXIS2_PLACEMENT_3D ( 'NONE', #110, #6094, #994 ) ;
#1492 = DIRECTION ( 'NONE',  ( 0.0000000000000000000, 0.4226182617407026100, 0.9063077870366483800 ) ) ;
#1493 = VECTOR ( 'NONE', #4269, 1000.000000000000000 ) ;
#1494 = LINE ( 'NONE', #3619, #3790 ) ;
#1495 = CARTESIAN_POINT ( 'NONE',  ( -51.32238325557899800, -5.529456594539099400, 2.395717057588600000 ) ) ;
#1496 = CARTESIAN_POINT ( 'NONE',  ( -37.32238325557807500, -5.120407100651469500, -0.1786810276302852600 ) ) ;
#1497 = B_SPLINE_CURVE_WITH_KNOTS ( 'NONE', 3,
 ( #1027, #6126, #7829, #2753 ),
 .UNSPECIFIED., .F., .F.,
 ( 4, 4 ),
 ( 0.0000000000000000000, 1.000000000000000000 ),
 .UNSPECIFIED. ) ;
#1498 = CARTESIAN_POINT ( 'NONE',  ( -31.42238325557900000, -10.72375950607568400, 0.2274492724352917000 ) ) ;
#1499 = LINE ( 'NONE', #7835, #945 ) ;
#1500 = EDGE_LOOP ( 'NONE', ( #4932, #10830, #874, #7843, #8972, #8239, #2043, #9708, #3356, #843, #9585, #10037, #7521, #7845, #9528, #2118 ) ) ;
#1501 = VECTOR ( 'NONE', #3087, 1000.000000000000000 ) ;
#1502 = CARTESIAN_POINT ( 'NONE',  ( -37.76443024914032500, -21.29967165264614300, 1.297255381988298600 ) ) ;
#1503 = ORIENTED_EDGE ( 'NONE', *, *, #5691, .F. ) ;
#1504 = FACE_OUTER_BOUND ( 'NONE', #3766, .T. ) ;
#1505 = LINE ( 'NONE', #8124, #8015 ) ;
#1506 = CARTESIAN_POINT ( 'NONE',  ( -32.32238325557899800, -7.297418560681900400, -5.080239469021300600 ) ) ;
#1507 = AXIS2_PLACEMENT_3D ( 'NONE', #5677, #10785, #9889 ) ;
#1508 = CARTESIAN_POINT ( 'NONE',  ( -51.32238325557899100, -7.672809980036829500, 6.170485738298897800 ) ) ;
#1509 = ADVANCED_FACE ( 'F286', ( #1097 ), #5328, .T. ) ;
#1510 = LINE ( 'NONE', #9622, #4067 ) ;
#1511 = ORIENTED_EDGE ( 'NONE', *, *, #5626, .T. ) ;
#1512 = FACE_OUTER_BOUND ( 'NONE', #7029, .T. ) ;
#1513 = CIRCLE ( 'NONE', #1515, 1.599999999997775000 ) ;
#1514 = ADVANCED_FACE ( 'F195', ( #265 ), #11094, .F. ) ;
#1515 = AXIS2_PLACEMENT_3D ( 'NONE', #1570, #1635, #1715 ) ;
#1516 = ORIENTED_EDGE ( 'NONE', *, *, #5367, .T. ) ;
#1517 = VECTOR ( 'NONE', #3179, 1000.000000000000000 ) ;
#1518 = PLANE ( 'NONE',  #5466 ) ;
#1519 = EDGE_LOOP ( 'NONE', ( #4823, #309, #1582, #4299 ) ) ;
#1520 = CARTESIAN_POINT ( 'NONE',  ( -37.32238325557875700, -17.62006468297000300, 6.201693986801373600 ) ) ;
#1521 = COLOUR_RGB ( '',1.000000000000000000, 0.3294117647058823500, 0.0000000000000000000 ) ;
#1522 = CYLINDRICAL_SURFACE ( 'NONE', #6908, 1.199999999999910700 ) ;
#1523 = FILL_AREA_STYLE ('',( #1334 ) ) ;
#1524 = CARTESIAN_POINT ( 'NONE',  ( -49.62238325557900300, -16.24038559931300100, 13.83367345651399900 ) ) ;
#1525 = LINE ( 'NONE', #522, #10590 ) ;
#1526 = DIRECTION ( 'NONE',  ( 0.0000000000000000000, -0.9063077870366437200, 0.4226182617407128200 ) ) ;
#1527 = CARTESIAN_POINT ( 'NONE',  ( -51.62238325557900300, -4.980643189124251100, 7.837845432904498600 ) ) ;
#1528 = ORIENTED_EDGE ( 'NONE', *, *, #10833, .F. ) ;
#1529 = LINE ( 'NONE', #4314, #10324 ) ;
#1530 = EDGE_CURVE ( 'NONE', #3667, #6184, #9083, .T. ) ;
#1531 = ORIENTED_EDGE ( 'NONE', *, *, #2061, .F. ) ;
#1532 = DIRECTION ( 'NONE',  ( -6.804592731552082800E-014, -1.000000000000000000, 8.953411488884319000E-015 ) ) ;
#1533 = VECTOR ( 'NONE', #4152, 1000.000000000000200 ) ;
#1534 = VERTEX_POINT ( 'NONE', #2584 ) ;
#1535 = DIRECTION ( 'NONE',  ( 0.0000000000000000000, -0.4226182617406812900, -0.9063077870366584900 ) ) ;
#1536 = CARTESIAN_POINT ( 'NONE',  ( -33.32238325557899800, -9.938374100362949500, 0.1370625228889659800 ) ) ;
#1537 = ORIENTED_EDGE ( 'NONE', *, *, #4707, .T. ) ;
#1538 = LINE ( 'NONE', #356, #8049 ) ;
#1539 = CARTESIAN_POINT ( 'NONE',  ( -36.99210810924116500, -21.41033036574273400, 1.348856387346835300 ) ) ;
#1540 = VECTOR ( 'NONE', #3756, 1000.000000000000000 ) ;
#1541 = ORIENTED_EDGE ( 'NONE', *, *, #2518, .F. ) ;
#1542 = DIRECTION ( 'NONE',  ( 0.0000000000000000000, -0.4226182617407067100, -0.9063077870366466100 ) ) ;
#1543 = FACE_OUTER_BOUND ( 'NONE', #2018, .T. ) ;
#1544 = B_SPLINE_CURVE_WITH_KNOTS ( 'NONE', 3,
 ( #5488, #10602, #1236, #7176 ),
 .UNSPECIFIED., .F., .F.,
 ( 4, 4 ),
 ( 0.0000000000000000000, 1.000000000000000000 ),
 .UNSPECIFIED. ) ;
#1545 = CARTESIAN_POINT ( 'NONE',  ( -37.32238325557867100, -4.025447877420631900, -0.1375799393089939000 ) ) ;
#1546 = EDGE_CURVE ( 'NONE', #3481, #7180, #7268, .T. ) ;
#1547 = EDGE_CURVE ( 'NONE', #5446, #4215, #8813, .T. ) ;
#1548 = CARTESIAN_POINT ( 'NONE',  ( -30.82238325557900200, -15.93073115540712900, 11.37365070481343000 ) ) ;
#1549 = LINE ( 'NONE', #10148, #2087 ) ;
#1550 = VECTOR ( 'NONE', #8291, 1000.000000000000000 ) ;
#1551 = VERTEX_POINT ( 'NONE', #2429 ) ;
#1552 = CARTESIAN_POINT ( 'NONE',  ( -35.02238325557900100, -6.044456814589001000, 9.105649142902899800 ) ) ;
#1553 = EDGE_CURVE ( 'NONE', #310, #1863, #2306, .T. ) ;
#1554 = CIRCLE ( 'NONE', #7350, 7.750000000007136500 ) ;
#1555 = MECHANICAL_DESIGN_GEOMETRIC_PRESENTATION_REPRESENTATION (  '', ( #10908 ), #2126 ) ;
#1556 = DIRECTION ( 'NONE',  ( 0.0000000000000000000, -0.9063077870366265100, 0.4226182617407497900 ) ) ;
#1557 = VERTEX_POINT ( 'NONE', #1043 ) ;
#1558 = SURFACE_SIDE_STYLE ('',( #4360 ) ) ;
#1559 = CARTESIAN_POINT ( 'NONE',  ( -53.12238325557899500, -5.058274377624799800, 9.019369359500050400 ) ) ;
#1560 = CIRCLE ( 'NONE', #4096, 1.074999999999209500 ) ;
#1561 = ADVANCED_FACE ( 'F246', ( #4592 ), #4062, .F. ) ;
#1562 = ORIENTED_EDGE ( 'NONE', *, *, #4909, .T. ) ;
#1563 = CARTESIAN_POINT ( 'NONE',  ( -40.32238325557933200, -2.636769409500649100, 10.24141823171915700 ) ) ;
#1564 = CIRCLE ( 'NONE', #715, 5.900000000000218000 ) ;
#1565 = DIRECTION ( 'NONE',  ( 0.0000000000000000000, 0.9063077870366456100, -0.4226182617407085500 ) ) ;
#1566 = VERTEX_POINT ( 'NONE', #696 ) ;
#1567 = AXIS2_PLACEMENT_3D ( 'NONE', #3325, #752, #6724 ) ;
#1568 = CARTESIAN_POINT ( 'NONE',  ( -37.52238325557900100, -6.227617758401801300, 10.25736615183100000 ) ) ;
#1569 = ADVANCED_FACE ( 'F239', ( #4323 ), #267, .T. ) ;
#1570 = CARTESIAN_POINT ( 'NONE',  ( -49.62238325557952800, -12.71488887246485100, 15.22070711199345400 ) ) ;
#1571 = ORIENTED_EDGE ( 'NONE', *, *, #5054, .F. ) ;
#1572 = ORIENTED_EDGE ( 'NONE', *, *, #2201, .T. ) ;
#1573 = CARTESIAN_POINT ( 'NONE',  ( -33.62238325557900300, -10.09504693403999900, 3.906436293581900400 ) ) ;
#1574 = FACE_OUTER_BOUND ( 'NONE', #9054, .T. ) ;
#1575 = CARTESIAN_POINT ( 'NONE',  ( -47.57238325557912600, -6.875854221563806800, 6.240210332497507100 ) ) ;
#1576 = CARTESIAN_POINT ( 'NONE',  ( -37.01641414022091000, -21.42711794970502100, 1.356684566310371700 ) ) ;
#1577 = DIRECTION ( 'NONE',  ( -0.7071067811865853200, -0.2988362387300785300, -0.6408563820557661200 ) ) ;
#1578 = ORIENTED_EDGE ( 'NONE', *, *, #8451, .F. ) ;
#1579 = CARTESIAN_POINT ( 'NONE',  ( -40.40687423694200200, -3.933396060673399800, 7.678791584042100400 ) ) ;
#1580 = VERTEX_POINT ( 'NONE', #801 ) ;
#1581 = STYLED_ITEM ( 'NONE', ( #2074 ), #476 ) ;
#1582 = ORIENTED_EDGE ( 'NONE', *, *, #2051, .F. ) ;
#1583 = ORIENTED_EDGE ( 'NONE', *, *, #8946, .F. ) ;
#1584 = AXIS2_PLACEMENT_3D ( 'NONE', #991, #6936, #1868 ) ;
#1585 = EDGE_LOOP ( 'NONE', ( #7290, #719, #3033, #3227 ) ) ;
#1586 = CARTESIAN_POINT ( 'NONE',  ( -40.42238325557900000, -13.51222463822700000, 4.286176715461899700 ) ) ;
#1587 = DIRECTION ( 'NONE',  ( 0.0000000000000000000, -0.9063077870366812400, 0.4226182617406326600 ) ) ;
#1588 = VERTEX_POINT ( 'NONE', #727 ) ;
#1589 = SURFACE_STYLE_USAGE ( .BOTH. , #1558 ) ;
#1590 = ORIENTED_EDGE ( 'NONE', *, *, #8086, .T. ) ;
#1591 = AXIS2_PLACEMENT_3D ( 'NONE', #6107, #6071, #6032 ) ;
#1592 = FACE_OUTER_BOUND ( 'NONE', #5662, .T. ) ;
#1593 = ORIENTED_EDGE ( 'NONE', *, *, #5456, .F. ) ;
#1594 = CARTESIAN_POINT ( 'NONE',  ( -51.32238325557899800, -12.82110979137300400, 12.02058214781100200 ) ) ;
#1595 = DIRECTION ( 'NONE',  ( 0.0000000000000000000, -0.7660444431189285000, -0.6427876096865985400 ) ) ;
#1596 = CARTESIAN_POINT ( 'NONE',  ( -40.97238325557900400, -3.977866381746850300, 7.576216866258700800 ) ) ;
#1597 = AXIS2_PLACEMENT_3D ( 'NONE', #11005, #6748, #1656 ) ;
#1598 = ORIENTED_EDGE ( 'NONE', *, *, #10113, .F. ) ;
#1599 = EDGE_LOOP ( 'NONE', ( #6256, #5396, #8482, #10388 ) ) ;
#1600 = ORIENTED_EDGE ( 'NONE', *, *, #7649, .F. ) ;
#1601 = LINE ( 'NONE', #8005, #3909 ) ;
#1602 = VERTEX_POINT ( 'NONE', #78 ) ;
#1603 = EDGE_CURVE ( 'NONE', #8234, #1277, #5315, .T. ) ;
#1604 = EDGE_CURVE ( 'NONE', #10139, #6758, #3342, .T. ) ;
#1605 = CARTESIAN_POINT ( 'NONE',  ( -31.12238325557899900, -6.208897088501019300, -1.326176688914739900 ) ) ;
#1606 = CARTESIAN_POINT ( 'NONE',  ( -37.06782768138207700, -21.45654280667861600, 1.370405602457280200 ) ) ;
#1607 = DIRECTION ( 'NONE',  ( -0.0000000000000000000, -0.9063077870366416100, 0.4226182617407172600 ) ) ;
#1608 = ORIENTED_EDGE ( 'NONE', *, *, #1400, .F. ) ;
#1609 = ADVANCED_FACE ( 'F31', ( #1768 ), #8175, .T. ) ;
#1610 = DIRECTION ( 'NONE',  ( 0.7071067811867372000, 0.2988362387300191900, 0.6408563820556262300 ) ) ;
#1611 = ORIENTED_EDGE ( 'NONE', *, *, #8956, .F. ) ;
#1612 = EDGE_CURVE ( 'NONE', #9777, #5322, #8545, .T. ) ;
#1613 = LINE ( 'NONE', #8811, #8129 ) ;
#1614 = AXIS2_PLACEMENT_3D ( 'NONE', #2159, #3612, #9550 ) ;
#1615 = ADVANCED_FACE ( 'F113', ( #6285 ), #9635, .T. ) ;
#1616 = CARTESIAN_POINT ( 'NONE',  ( -32.62238325557900300, -12.55164289603695800, 1.631494254869855400 ) ) ;
#1617 = ORIENTED_EDGE ( 'NONE', *, *, #4846, .F. ) ;
#1618 = EDGE_CURVE ( 'NONE', #8759, #3647, #6016, .T. ) ;
#1619 = CARTESIAN_POINT ( 'NONE',  ( -50.62238325557901000, -6.815272672445996000, 11.09373799818499700 ) ) ;
#1620 = DIRECTION ( 'NONE',  ( 0.0000000000000000000, -0.9063077870367828300, 0.4226182617404144500 ) ) ;
#1621 = LINE ( 'NONE', #6648, #8136 ) ;
#1622 =( NAMED_UNIT ( * ) PLANE_ANGLE_UNIT ( ) SI_UNIT ( $, .RADIAN. ) );
#1623 = FACE_OUTER_BOUND ( 'NONE', #6650, .T. ) ;
#1624 =( LENGTH_UNIT ( ) NAMED_UNIT ( * ) SI_UNIT ( .MILLI., .METRE. ) );
#1625 = DIRECTION ( 'NONE',  ( 1.129040364025541300E-013, -1.000000000000000000, 0.0000000000000000000 ) ) ;
#1626 = EDGE_CURVE ( 'NONE', #6363, #9989, #3802, .T. ) ;
#1627 = AXIS2_PLACEMENT_3D ( 'NONE', #477, #6454, #1358 ) ;
#1628 = PLANE ( 'NONE',  #9204 ) ;
#1629 = LINE ( 'NONE', #4867, #8411 ) ;
#1630 = ORIENTED_EDGE ( 'NONE', *, *, #4638, .T. ) ;
#1631 = CARTESIAN_POINT ( 'NONE',  ( -49.62238325557899500, -8.536769409502365800, 1.741418231717868600 ) ) ;
#1632 = CARTESIAN_POINT ( 'NONE',  ( -51.32238325557906900, -5.305709085290035700, 7.912254349986791400 ) ) ;
#1633 = LINE ( 'NONE', #11030, #1910 ) ;
#1634 = CARTESIAN_POINT ( 'NONE',  ( -51.32238325557899100, -9.958846664129300300, 11.72058214780999900 ) ) ;
#1635 = DIRECTION ( 'NONE',  ( 1.000000000000000000, 2.874238418593461300E-013, -3.425383961318446200E-013 ) ) ;
#1636 = CARTESIAN_POINT ( 'NONE',  ( -53.12238325557899500, -9.958846664129600500, 12.12058214781000000 ) ) ;
#1637 = EDGE_CURVE ( 'NONE', #7634, #2139, #10569, .T. ) ;
#1638 = FACE_OUTER_BOUND ( 'NONE', #71, .T. ) ;
#1639 = VERTEX_POINT ( 'NONE', #7750 ) ;
#1640 = LINE ( 'NONE', #3088, #3390 ) ;
#1641 = CARTESIAN_POINT ( 'NONE',  ( -31.42238325557900000, -12.14666306712098800, 3.649404897173027500 ) ) ;
#1642 = CARTESIAN_POINT ( 'NONE',  ( -37.09327797886811600, -21.46862643190676000, 1.376040289439440600 ) ) ;
#1643 = LINE ( 'NONE', #10036, #3128 ) ;
#1644 = CARTESIAN_POINT ( 'NONE',  ( -51.97238325557899700, -12.00118871790800200, 18.00336379037399900 ) ) ;
#1645 = LINE ( 'NONE', #4921, #6169 ) ;
#1646 = CARTESIAN_POINT ( 'NONE',  ( -31.42238325557900000, -9.515755838622249400, 1.043370309925600900 ) ) ;
#1647 = CARTESIAN_POINT ( 'NONE',  ( -32.32238325557899800, -14.53514264871922600, -1.912274216639893400 ) ) ;
#1648 = ORIENTED_EDGE ( 'NONE', *, *, #718, .T. ) ;
#1649 = VECTOR ( 'NONE', #4567, 1000.000000000000000 ) ;
#1650 = EDGE_LOOP ( 'NONE', ( #3059, #6142, #6189, #5727 ) ) ;
#1651 = LINE ( 'NONE', #2595, #10185 ) ;
#1652 = B_SPLINE_CURVE_WITH_KNOTS ( 'NONE', 3,
 ( #844, #5744, #3680, #9612, #4527, #3026, #2981, #4805, #10756, #5640 ),
 .UNSPECIFIED., .F., .F.,
 ( 4, 2, 2, 2, 4 ),
 ( 0.0000000000000000000, 0.2500000000000000000, 0.5000000000000000000, 0.7500000000000000000, 1.000000000000000000 ),
 .UNSPECIFIED. ) ;
#1653 = VECTOR ( 'NONE', #3949, 1000.000000000000000 ) ;
#1654 = LINE ( 'NONE', #10750, #9927 ) ;
#1655 = LINE ( 'NONE', #6894, #10455 ) ;
#1656 = DIRECTION ( 'NONE',  ( 0.0000000000000000000, 0.4226182617407007200, 0.9063077870366492700 ) ) ;
#1657 = PLANE ( 'NONE',  #1927 ) ;
#1658 = DIRECTION ( 'NONE',  ( -0.0000000000000000000, 0.4226182617404144500, 0.9063077870367828300 ) ) ;
#1660 = CARTESIAN_POINT ( 'NONE',  ( -32.62238325557899500, -15.78143261196799900, 11.42058214781100200 ) ) ;
#1659 = CARTESIAN_POINT ( 'NONE',  ( -51.32238325557899100, -4.576183670360284900, 8.444836027161397100 ) ) ;
#1661 = ORIENTED_EDGE ( 'NONE', *, *, #3572, .T. ) ;
#1662 = EDGE_LOOP ( 'NONE', ( #1341, #1947, #3314, #2147 ) ) ;
#1663 = VECTOR ( 'NONE', #8266, 1000.000000000000200 ) ;
#1664 =( NAMED_UNIT ( * ) PLANE_ANGLE_UNIT ( ) SI_UNIT ( $, .RADIAN. ) );
#1665 = LINE ( 'NONE', #492, #5916 ) ;
#1666 = ORIENTED_EDGE ( 'NONE', *, *, #2481, .T. ) ;
#1667 = CARTESIAN_POINT ( 'NONE',  ( -50.62238325557900300, -6.846296362538249800, 13.86664937986550000 ) ) ;
#1668 =( NAMED_UNIT ( * ) PLANE_ANGLE_UNIT ( ) SI_UNIT ( $, .RADIAN. ) );
#1669 = STYLED_ITEM ( 'NONE', ( #9691 ), #9997 ) ;
#1670 = EDGE_LOOP ( 'NONE', ( #2700, #8339, #2000, #5383 ) ) ;
#1671 = CYLINDRICAL_SURFACE ( 'NONE', #1022, 0.8499999999995091500 ) ;
#1672 = CARTESIAN_POINT ( 'NONE',  ( -51.32238325557867900, -11.15453296775385400, 8.503108911625261600 ) ) ;
#1673 = EDGE_CURVE ( 'NONE', #149, #5724, #1505, .T. ) ;
#1674 = PLANE ( 'NONE',  #5569 ) ;
#1675 = EDGE_CURVE ( 'NONE', #1269, #7141, #3517, .T. ) ;
#1676 = EDGE_LOOP ( 'NONE', ( #736, #5862, #1265, #5718 ) ) ;
#1677 = LINE ( 'NONE', #7779, #3977 ) ;
#1678 = DIRECTION ( 'NONE',  ( -1.000000000000000000, -0.0000000000000000000, -0.0000000000000000000 ) ) ;
#1679 = CIRCLE ( 'NONE', #1491, 6.999999999999811700 ) ;
#1680 = ADVANCED_FACE ( 'F309', ( #1227 ), #9771, .T. ) ;
#1681 = VERTEX_POINT ( 'NONE', #1245 ) ;
#1682 = AXIS2_PLACEMENT_3D ( 'NONE', #3747, #3685, #3661 ) ;
#1683 = CARTESIAN_POINT ( 'NONE',  ( -37.15593770881370300, -21.49172760148264400, 1.386812541725016300 ) ) ;
#1684 = SURFACE_STYLE_USAGE ( .BOTH. , #6771 ) ;
#1685 = DIRECTION ( 'NONE',  ( 0.0000000000000000000, -0.4226182617407859300, -0.9063077870366096400 ) ) ;
#1686 = PRESENTATION_STYLE_ASSIGNMENT (( #2607 ) ) ;
#1687 = DIRECTION ( 'NONE',  ( 7.836868409123277900E-013, 0.0000000000000000000, -1.000000000000000000 ) ) ;
#1688 = LINE ( 'NONE', #7624, #8468 ) ;
#1689 = ORIENTED_EDGE ( 'NONE', *, *, #7416, .F. ) ;
#1690 = EDGE_CURVE ( 'NONE', #4692, #2323, #5497, .T. ) ;
#1691 = CYLINDRICAL_SURFACE ( 'NONE', #2808, 0.8499999999997519500 ) ;
#1692 = EDGE_CURVE ( 'NONE', #2742, #10539, #950, .T. ) ;
#1693 = CARTESIAN_POINT ( 'NONE',  ( -40.42238325557900000, -14.10977080437100100, 5.033752684395100400 ) ) ;
#1694 = VERTEX_POINT ( 'NONE', #4593 ) ;
#1695 = ORIENTED_EDGE ( 'NONE', *, *, #1971, .F. ) ;
#1696 = CARTESIAN_POINT ( 'NONE',  ( -53.12238325557900300, -5.364692154873341500, 7.912254315625974100 ) ) ;
#1697 = ORIENTED_EDGE ( 'NONE', *, *, #11035, .F. ) ;
#1698 = EDGE_CURVE ( 'NONE', #4607, #8793, #3243, .T. ) ;
#1699 = CARTESIAN_POINT ( 'NONE',  ( -37.32238325557877100, -3.303148575166256200, 3.718442456627701900 ) ) ;
#1700 = LINE ( 'NONE', #10589, #10502 ) ;
#1701 = ORIENTED_EDGE ( 'NONE', *, *, #797, .T. ) ;
#1702 = DIRECTION ( 'NONE',  ( 0.0000000000000000000, 0.5735764363510591500, -0.8191520442889826900 ) ) ;
#1703 = AXIS2_PLACEMENT_3D ( 'NONE', #4055, #4904, #10852 ) ;
#1704 = PLANE ( 'NONE',  #4351 ) ;
#1705 = VECTOR ( 'NONE', #5694, 1000.000000000000100 ) ;
#1706 = DIRECTION ( 'NONE',  ( 0.0000000000000000000, 0.4226182617407052100, 0.9063077870366472700 ) ) ;
#1707 =( NAMED_UNIT ( * ) SI_UNIT ( $, .STERADIAN. ) SOLID_ANGLE_UNIT ( ) );
#1708 = CARTESIAN_POINT ( 'NONE',  ( -32.02238325557899400, -5.432279140981900200, 0.3392858741319993400 ) ) ;
#1709 = ORIENTED_EDGE ( 'NONE', *, *, #7847, .T. ) ;
#1710 = ORIENTED_EDGE ( 'NONE', *, *, #11055, .T. ) ;
#1711 = ORIENTED_EDGE ( 'NONE', *, *, #4908, .F. ) ;
#1712 = CARTESIAN_POINT ( 'NONE',  ( -30.82238325557899800, -11.70884666413067000, 11.42058214781100000 ) ) ;
#1713 = UNCERTAINTY_MEASURE_WITH_UNIT (LENGTH_MEASURE( 1.000000000000000100E-005 ), #3832, 'distance_accuracy_value', 'NONE');
#1714 = AXIS2_PLACEMENT_3D ( 'NONE', #2810, #8752, #3695 ) ;
#1715 = DIRECTION ( 'NONE',  ( 3.426078865058958500E-013, -2.873135757090582300E-013, 1.000000000000000000 ) ) ;
#1716 = ORIENTED_EDGE ( 'NONE', *, *, #3552, .T. ) ;
#1717 = CARTESIAN_POINT ( 'NONE',  ( -39.92238325557900000, -11.24152628464150000, 4.441048394683850400 ) ) ;
#1718 = DIRECTION ( 'NONE',  ( -1.483828250715999000E-013, -0.7660444431187658500, -0.6427876096867922700 ) ) ;
#1719 = CARTESIAN_POINT ( 'NONE',  ( -41.62238325557900300, -9.942034537722500800, 12.55177100119000000 ) ) ;
#1720 = ORIENTED_EDGE ( 'NONE', *, *, #1377, .F. ) ;
#1721 = LINE ( 'NONE', #10214, #5978 ) ;
#1722 = ORIENTED_EDGE ( 'NONE', *, *, #5839, .T. ) ;
#1723 = DIRECTION ( 'NONE',  ( 1.000000000000000000, 0.0000000000000000000, 0.0000000000000000000 ) ) ;
#1724 = CARTESIAN_POINT ( 'NONE',  ( -30.82238325557900200, -15.78143261196799900, 11.42058214781099900 ) ) ;
#1725 = ORIENTED_EDGE ( 'NONE', *, *, #4340, .T. ) ;
#1726 = ADVANCED_FACE ( 'F66', ( #671 ), #405, .T. ) ;
#1727 = ORIENTED_EDGE ( 'NONE', *, *, #3208, .F. ) ;
#1728 = DIRECTION ( 'NONE',  ( -1.000000000000000000, 0.0000000000000000000, 0.0000000000000000000 ) ) ;
#1729 = DIRECTION ( 'NONE',  ( -3.071917268905175700E-013, 0.4226182617406878900, 0.9063077870366553800 ) ) ;
#1730 = ORIENTED_EDGE ( 'NONE', *, *, #10546, .F. ) ;
#1731 = LINE ( 'NONE', #7584, #10802 ) ;
#1732 = EDGE_CURVE ( 'NONE', #594, #8877, #2160, .T. ) ;
#1733 = EDGE_LOOP ( 'NONE', ( #8917, #5525, #4148, #2495 ) ) ;
#1734 = DIRECTION ( 'NONE',  ( 0.0000000000000000000, -0.4226182617442337800, -0.9063077870350018100 ) ) ;
#1735 = EDGE_CURVE ( 'NONE', #2441, #792, #8673, .T. ) ;
#1736 = DIRECTION ( 'NONE',  ( -6.040919398697628100E-013, 0.0000000000000000000, -1.000000000000000000 ) ) ;
#1737 = CARTESIAN_POINT ( 'NONE',  ( -51.32238325557894100, -6.875854221563701100, 6.240210332497345500 ) ) ;
#1738 =( LENGTH_UNIT ( ) NAMED_UNIT ( * ) SI_UNIT ( .MILLI., .METRE. ) );
#1739 = ORIENTED_EDGE ( 'NONE', *, *, #1241, .T. ) ;
#1740 = ORIENTED_EDGE ( 'NONE', *, *, #1971, .T. ) ;
#1741 = STYLED_ITEM ( 'NONE', ( #10422 ), #2931 ) ;
#1742 = VECTOR ( 'NONE', #527, 1000.000000000000100 ) ;
#1743 = ORIENTED_EDGE ( 'NONE', *, *, #4542, .T. ) ;
#1744 = DIRECTION ( 'NONE',  ( 1.000000000000000000, 0.0000000000000000000, 0.0000000000000000000 ) ) ;
#1745 = CARTESIAN_POINT ( 'NONE',  ( -51.32238325557877100, -11.01334797960402900, 8.755400241921352100 ) ) ;
#1746 = FILL_AREA_STYLE ('',( #6834 ) ) ;
#1747 = CARTESIAN_POINT ( 'NONE',  ( -44.82238325557933900, -8.536769409502397800, 18.74141823171841300 ) ) ;
#1748 = AXIS2_PLACEMENT_3D ( 'NONE', #9922, #2289, #8231 ) ;
#1749 = CARTESIAN_POINT ( 'NONE',  ( -40.40687423694200200, -4.546231615168900400, 7.164561496293299700 ) ) ;
#1750 = EDGE_LOOP ( 'NONE', ( #2003, #8318, #6498, #10665 ) ) ;
#1751 = FACE_OUTER_BOUND ( 'NONE', #4432, .T. ) ;
#1752 = CARTESIAN_POINT ( 'NONE',  ( -31.42238325557900000, -3.459005510522995800, -0.4017163528968395500 ) ) ;
#1753 = EDGE_CURVE ( 'NONE', #6678, #4001, #10959, .T. ) ;
#1754 = LINE ( 'NONE', #4345, #6001 ) ;
#1755 = EDGE_CURVE ( 'NONE', #1366, #2278, #4451, .T. ) ;
#1756 = VECTOR ( 'NONE', #10720, 1000.000000000000000 ) ;
#1757 = CARTESIAN_POINT ( 'NONE',  ( -43.62238325557901000, -13.63921224048199900, 2.138636168959100000 ) ) ;
#1758 = CARTESIAN_POINT ( 'NONE',  ( -37.18789587261605300, -21.50042337059397800, 1.390867445455177700 ) ) ;
#1759 = DIRECTION ( 'NONE',  ( 0.0000000000000000000, 0.4226182617406587000, 0.9063077870366689200 ) ) ;
#1760 = CARTESIAN_POINT ( 'NONE',  ( -51.32238325557904800, -5.364691164197469500, 7.912008850020281900 ) ) ;
#1761 = PRODUCT_CONTEXT ( 'NONE', #8520, 'mechanical' ) ;
#1762 = EDGE_CURVE ( 'NONE', #8358, #3322, #4189, .T. ) ;
#1763 = FACE_OUTER_BOUND ( 'NONE', #9316, .T. ) ;
#1764 = DIRECTION ( 'NONE',  ( -0.0000000000000000000, 0.4226182617406951100, 0.9063077870366520500 ) ) ;
#1765 = ORIENTED_EDGE ( 'NONE', *, *, #5976, .F. ) ;
#1766 = FACE_OUTER_BOUND ( 'NONE', #1670, .T. ) ;
#1767 = ORIENTED_EDGE ( 'NONE', *, *, #4793, .F. ) ;
#1768 = FACE_OUTER_BOUND ( 'NONE', #9027, .T. ) ;
#1769 = CARTESIAN_POINT ( 'NONE',  ( -51.32238325557899800, -12.79217999746233400, 12.12058214781100300 ) ) ;
#1770 = CARTESIAN_POINT ( 'NONE',  ( -43.02238325557900100, -13.67267622214727200, 13.18801986950716400 ) ) ;
#1771 = CARTESIAN_POINT ( 'NONE',  ( -51.32238325557867900, -11.50431645833775300, 8.244277249883390700 ) ) ;
#1772 = CARTESIAN_POINT ( 'NONE',  ( -53.12238325557899500, -4.546231615168900400, 7.164561496293300600 ) ) ;
#1773 = LINE ( 'NONE', #8708, #8285 ) ;
#1774 = ORIENTED_EDGE ( 'NONE', *, *, #5045, .F. ) ;
#1776 = CARTESIAN_POINT ( 'NONE',  ( -44.82238325557867900, -8.536769409502397800, 10.24141823171832800 ) ) ;
#1775 = SURFACE_STYLE_USAGE ( .BOTH. , #6862 ) ;
#1777 = VECTOR ( 'NONE', #734, 1000.000000000000000 ) ;
#1778 = CARTESIAN_POINT ( 'NONE',  ( -51.32238325557899800, -6.849355195296035400, 5.937325076284501800 ) ) ;
#1779 = LINE ( 'NONE', #8277, #10580 ) ;
#1780 = PLANE ( 'NONE',  #8497 ) ;
#1781 = EDGE_CURVE ( 'NONE', #2372, #205, #10702, .T. ) ;
#1782 =( GEOMETRIC_REPRESENTATION_CONTEXT ( 3 ) GLOBAL_UNCERTAINTY_ASSIGNED_CONTEXT ( ( #6360 ) ) GLOBAL_UNIT_ASSIGNED_CONTEXT ( ( #7277, #2206, #8139 ) ) REPRESENTATION_CONTEXT ( 'NONE', 'WORKASPACE' ) );
#1783 = ORIENTED_EDGE ( 'NONE', *, *, #8107, .T. ) ;
#1784 = CIRCLE ( 'NONE', #1221, 0.9749999999999376900 ) ;
#1785 = VERTEX_POINT ( 'NONE', #6925 ) ;
#1786 = DIRECTION ( 'NONE',  ( 0.0000000000000000000, 0.7071067821137794200, -0.7071067802593157300 ) ) ;
#1787 = DIRECTION ( 'NONE',  ( 0.9962405881956830600, 0.05568444403121534200, -0.06636213622581815800 ) ) ;
#1788 = VECTOR ( 'NONE', #9290, 1000.000000000000000 ) ;
#1789 = CARTESIAN_POINT ( 'NONE',  ( -53.12238325557899500, -10.39299216882500000, 5.314255045079700100 ) ) ;
#1790 = COLOUR_RGB ( '',0.6862745098039215700, 0.6862745098039215700, 0.7490196078431372600 ) ;
#1791 = CARTESIAN_POINT ( 'NONE',  ( -50.82238325557811000, -6.108735575554803200, 9.182253587211333100 ) ) ;
#1792 = ADVANCED_FACE ( 'F95', ( #1623 ), #1021, .T. ) ;
#1793 = FACE_OUTER_BOUND ( 'NONE', #4531, .T. ) ;
#1794 = CARTESIAN_POINT ( 'NONE',  ( -37.32238325557931100, -18.67276208002751400, 6.251223677183774400 ) ) ;
#1795 = AXIS2_PLACEMENT_3D ( 'NONE', #4195, #2279, #4221 ) ;
#1796 = ORIENTED_EDGE ( 'NONE', *, *, #8509, .T. ) ;
#1797 = FACE_OUTER_BOUND ( 'NONE', #152, .T. ) ;
#1798 = CARTESIAN_POINT ( 'NONE',  ( -37.25306879787989100, -21.51210527746340900, 1.396314808090248800 ) ) ;
#1799 = ORIENTED_EDGE ( 'NONE', *, *, #223, .T. ) ;
#1800 = CIRCLE ( 'NONE', #9261, 1.075000000000715800 ) ;
#1801 = ORIENTED_EDGE ( 'NONE', *, *, #6600, .F. ) ;
#1802 = DIRECTION ( 'NONE',  ( -1.000000000000000000, 0.0000000000000000000, 0.0000000000000000000 ) ) ;
#1803 = CARTESIAN_POINT ( 'NONE',  ( -51.32238325557872800, -10.98189897449448300, 9.146869239626212800 ) ) ;
#1804 = ORIENTED_EDGE ( 'NONE', *, *, #5394, .F. ) ;
#1805 = PRESENTATION_STYLE_ASSIGNMENT (( #3651 ) ) ;
#1806 = CARTESIAN_POINT ( 'NONE',  ( -29.22238325557900000, -16.71577846854500000, 3.573262561926135600 ) ) ;
#1807 = AXIS2_PLACEMENT_3D ( 'NONE', #2202, #8135, #3072 ) ;
#1808 = CARTESIAN_POINT ( 'NONE',  ( -30.82238325557900200, -15.85706354622071500, 11.42058214781065900 ) ) ;
#1809 = VERTEX_POINT ( 'NONE', #7112 ) ;
#1810 = EDGE_LOOP ( 'NONE', ( #5310, #8401, #8448, #7980 ) ) ;
#1811 = FACE_OUTER_BOUND ( 'NONE', #5350, .T. ) ;
#1812 = EDGE_LOOP ( 'NONE', ( #9191, #10991, #8881, #11054 ) ) ;
#1813 = DIRECTION ( 'NONE',  ( 0.9659258262890783000, 0.2345697160096417200, -0.1093816549468758500 ) ) ;
#1814 = AXIS2_PLACEMENT_3D ( 'NONE', #5049, #4981, #4729 ) ;
#1815 = CARTESIAN_POINT ( 'NONE',  ( -32.62238325557900300, -10.77346742025853400, 15.14623035948391200 ) ) ;
#1816 = VECTOR ( 'NONE', #3060, 1000.000000000000000 ) ;
#1818 = CARTESIAN_POINT ( 'NONE',  ( -32.67238325557900000, -14.59083541687000000, 2.582385343786799800 ) ) ;
#1817 = DIRECTION ( 'NONE',  ( -0.0000000000000000000, -0.9063077870366680300, 0.4226182617406604700 ) ) ;
#1819 = CARTESIAN_POINT ( 'NONE',  ( -36.24988325557900000, -20.06740924417799800, 0.7226419840629100300 ) ) ;
#1820 = DIRECTION ( 'NONE',  ( 0.0000000000000000000, 0.9063077870366922400, -0.4226182617406088500 ) ) ;
#1821 = AXIS2_PLACEMENT_3D ( 'NONE', #4706, #8834, #10657 ) ;
#1822 = VERTEX_POINT ( 'NONE', #7036 ) ;
#1823 = ORIENTED_EDGE ( 'NONE', *, *, #797, .F. ) ;
#1824 = VECTOR ( 'NONE', #6674, 1000.000000000000100 ) ;
#1825 = VECTOR ( 'NONE', #10810, 999.9999999999998900 ) ;
#1826 = ORIENTED_EDGE ( 'NONE', *, *, #7574, .T. ) ;
#1827 = LINE ( 'NONE', #10278, #10351 ) ;
#1828 = CARTESIAN_POINT ( 'NONE',  ( -51.32238325557899800, -10.44295036527427100, 12.02058214781100200 ) ) ;
#1829 = ADVANCED_FACE ( 'F264', ( #8404 ), #6789, .T. ) ;
#1830 = EDGE_CURVE ( 'NONE', #2392, #4508, #5875, .T. ) ;
#1831 = DIRECTION ( 'NONE',  ( 0.0000000000000000000, 0.7071067811865474600, -0.7071067811865476800 ) ) ;
#1832 = DIRECTION ( 'NONE',  ( -1.000000000000000000, 6.782848364076685300E-015, -7.752831156315364500E-014 ) ) ;
#1833 = EDGE_CURVE ( 'NONE', #10907, #1551, #10424, .T. ) ;
#1834 = EDGE_LOOP ( 'NONE', ( #10404, #4894, #5823, #7694, #6337, #4799, #1357, #3418, #7428 ) ) ;
#1835 = VERTEX_POINT ( 'NONE', #6388 ) ;
#1836 = CYLINDRICAL_SURFACE ( 'NONE', #5207, 0.5249999999999497300 ) ;
#1837 = ORIENTED_EDGE ( 'NONE', *, *, #10650, .F. ) ;
#1838 = DIRECTION ( 'NONE',  ( 0.0000000000000000000, -0.9063077870366967900, 0.4226182617405991300 ) ) ;
#1839 = EDGE_CURVE ( 'NONE', #10537, #3543, #6145, .T. ) ;
#1840 = VECTOR ( 'NONE', #3393, 1000.000000000000100 ) ;
#1841 = CARTESIAN_POINT ( 'NONE',  ( -49.62238325557869000, -8.536769409492889000, 10.24141823171405000 ) ) ;
#1842 = CARTESIAN_POINT ( 'NONE',  ( -30.82238325557900200, -19.03622180330516000, 4.713904524809551700 ) ) ;
#1843 = DIRECTION ( 'NONE',  ( 0.0000000000000000000, -0.4226182617406958300, -0.9063077870366517100 ) ) ;
#1844 = CARTESIAN_POINT ( 'NONE',  ( -51.32238325557897700, -10.97776710682659700, 9.112862252461715300 ) ) ;
#1845 = ORIENTED_EDGE ( 'NONE', *, *, #9759, .T. ) ;
#1846 = DIRECTION ( 'NONE',  ( 0.0000000000000000000, 0.4226182617407119300, 0.9063077870366441600 ) ) ;
#1847 = VERTEX_POINT ( 'NONE', #10497 ) ;
#1848 = CARTESIAN_POINT ( 'NONE',  ( -33.32238325557899800, -18.54223079151950100, 10.31707146177729900 ) ) ;
#1849 = EDGE_CURVE ( 'NONE', #9067, #3566, #7871, .T. ) ;
#1850 = DIRECTION ( 'NONE',  ( 0.0000000000000000000, 0.9063077870366155200, -0.4226182617407733300 ) ) ;
#1851 = ORIENTED_EDGE ( 'NONE', *, *, #3550, .F. ) ;
#1852 = ADVANCED_FACE ( 'F198', ( #3369 ), #10610, .T. ) ;
#1853 = VERTEX_POINT ( 'NONE', #10089 ) ;
#1854 = DIRECTION ( 'NONE',  ( 1.109796496365873200E-014, 0.7660444431189468200, 0.6427876096865765600 ) ) ;
#1855 = EDGE_CURVE ( 'NONE', #7311, #6529, #3650, .T. ) ;
#1856 = PRESENTATION_LAYER_ASSIGNMENT (  '', '', ( #675 ) ) ;
#1857 = CARTESIAN_POINT ( 'NONE',  ( -51.32238325557866400, -11.25790600985822500, 8.395492351978241200 ) ) ;
#1858 = AXIS2_PLACEMENT_3D ( 'NONE', #3903, #9836, #4752 ) ;
#1859 = ORIENTED_EDGE ( 'NONE', *, *, #572, .F. ) ;
#1860 = ORIENTED_EDGE ( 'NONE', *, *, #8690, .T. ) ;
#1861 = DIRECTION ( 'NONE',  ( -0.0000000000000000000, -0.4226182617408045800, -0.9063077870366009800 ) ) ;
#1862 = SURFACE_SIDE_STYLE ('',( #1298 ) ) ;
#1863 = VERTEX_POINT ( 'NONE', #10530 ) ;
#1864 = COLOUR_RGB ( '',1.000000000000000000, 0.3294117647058823500, 0.0000000000000000000 ) ;
#1865 = VERTEX_POINT ( 'NONE', #8983 ) ;
#1866 = EDGE_CURVE ( 'NONE', #930, #518, #798, .T. ) ;
#1867 = CARTESIAN_POINT ( 'NONE',  ( -49.62238325557965600, -8.536769409502365800, 10.24141823171795500 ) ) ;
#1868 = DIRECTION ( 'NONE',  ( -1.000000000000000000, 0.0000000000000000000, 0.0000000000000000000 ) ) ;
#1869 = CARTESIAN_POINT ( 'NONE',  ( -31.42238325557900000, -20.29412587572450400, 5.241873361432992000 ) ) ;
#1870 = VERTEX_POINT ( 'NONE', #8941 ) ;
#1871 = CARTESIAN_POINT ( 'NONE',  ( -40.40687423694200200, -9.638874482361901000, 8.824426909100900200 ) ) ;
#1872 = ORIENTED_EDGE ( 'NONE', *, *, #5326, .T. ) ;
#1873 = VECTOR ( 'NONE', #6041, 1000.000000000000000 ) ;
#1874 = CARTESIAN_POINT ( 'NONE',  ( -30.82238325557900500, -16.25530511284979300, 11.91138944512365900 ) ) ;
#1875 = ORIENTED_EDGE ( 'NONE', *, *, #10823, .T. ) ;
#1876 = CARTESIAN_POINT ( 'NONE',  ( -39.42238325557900000, -19.05641610792950000, 6.374955592528550600 ) ) ;
#1877 = EDGE_LOOP ( 'NONE', ( #9513, #5820 ) ) ;
#1878 = PLANE ( 'NONE',  #5417 ) ;
#1879 = EDGE_LOOP ( 'NONE', ( #10072, #7702, #9407, #7945 ) ) ;
#1880 = AXIS2_PLACEMENT_3D ( 'NONE', #4459, #4277, #4243 ) ;
#1881 = CARTESIAN_POINT ( 'NONE',  ( -37.32238325557846500, -18.47269108523879300, 3.840835410317926100 ) ) ;
#1882 = ORIENTED_EDGE ( 'NONE', *, *, #1200, .F. ) ;
#1883 = DIRECTION ( 'NONE',  ( -1.000000000000000000, 0.0000000000000000000, -0.0000000000000000000 ) ) ;
#1884 = ORIENTED_EDGE ( 'NONE', *, *, #10522, .F. ) ;
#1885 = ADVANCED_FACE ( 'F72', ( #7330 ), #1780, .T. ) ;
#1886 = DIRECTION ( 'NONE',  ( 1.000000000000000000, -0.0000000000000000000, -0.0000000000000000000 ) ) ;
#1887 = DIRECTION ( 'NONE',  ( 1.129040364025541300E-013, -1.000000000000000000, 0.0000000000000000000 ) ) ;
#1888 = DIRECTION ( 'NONE',  ( 7.836868409121039300E-013, 1.000000000000000000, 0.0000000000000000000 ) ) ;
#1889 = ORIENTED_EDGE ( 'NONE', *, *, #8305, .F. ) ;
#1890 = DIRECTION ( 'NONE',  ( 1.000000000000000000, 0.0000000000000000000, 0.0000000000000000000 ) ) ;
#1891 = ORIENTED_EDGE ( 'NONE', *, *, #2413, .T. ) ;
#1892 = COLOUR_RGB ( '',1.000000000000000000, 0.3294117647058823500, 0.0000000000000000000 ) ;
#1893 = CARTESIAN_POINT ( 'NONE',  ( -32.62238325557900300, -7.132236369860700100, 10.41400715552885000 ) ) ;
#1894 = EDGE_CURVE ( 'NONE', #653, #3726, #2298, .T. ) ;
#1895 = EDGE_CURVE ( 'NONE', #5028, #894, #8805, .T. ) ;
#1896 = CARTESIAN_POINT ( 'NONE',  ( -33.92238325557900000, -10.51245037520514500, 0.6806031659536874200 ) ) ;
#1897 = ORIENTED_EDGE ( 'NONE', *, *, #1673, .F. ) ;
#1898 = PLANE ( 'NONE',  #6591 ) ;
#1899 = FACE_OUTER_BOUND ( 'NONE', #2579, .T. ) ;
#1900 = CARTESIAN_POINT ( 'NONE',  ( -39.82238325557899800, -4.042145142715510200, 7.652821310570592700 ) ) ;
#1901 = VECTOR ( 'NONE', #3174, 1000.000000000000000 ) ;
#1902 = DIRECTION ( 'NONE',  ( 1.000000000000000000, -6.782848364076685300E-015, 7.752831156315364500E-014 ) ) ;
#1903 = CARTESIAN_POINT ( 'NONE',  ( -51.32238325557899800, -10.39299216882507600, 5.314255045079735700 ) ) ;
#1904 = VECTOR ( 'NONE', #5634, 1000.000000000000100 ) ;
#1905 = EDGE_CURVE ( 'NONE', #5459, #5573, #11085, .T. ) ;
#1906 = ORIENTED_EDGE ( 'NONE', *, *, #4052, .F. ) ;
#1907 = EDGE_CURVE ( 'NONE', #6845, #8256, #2022, .T. ) ;
#1908 = ORIENTED_EDGE ( 'NONE', *, *, #10200, .T. ) ;
#1909 = CARTESIAN_POINT ( 'NONE',  ( -53.12238325557906600, -12.45884666412879900, 11.32058214781083500 ) ) ;
#1910 = VECTOR ( 'NONE', #9613, 1000.000000000000200 ) ;
#1911 = DIRECTION ( 'NONE',  ( 0.0000000000000000000, -0.9063077870365829900, 0.4226182617408431000 ) ) ;
#1912 = ORIENTED_EDGE ( 'NONE', *, *, #6669, .T. ) ;
#1913 = EDGE_CURVE ( 'NONE', #3862, #6095, #6551, .T. ) ;
#1914 = ORIENTED_EDGE ( 'NONE', *, *, #10673, .F. ) ;
#1915 = CYLINDRICAL_SURFACE ( 'NONE', #8634, 0.8500000000001509700 ) ;
#1916 = ORIENTED_EDGE ( 'NONE', *, *, #4544, .T. ) ;
#1917 = LINE ( 'NONE', #3451, #10976 ) ;
#1918 = LINE ( 'NONE', #9526, #10978 ) ;
#1919 = DIRECTION ( 'NONE',  ( 0.0000000000000000000, 7.502679033599687700E-013, -1.000000000000000000 ) ) ;
#1920 = CARTESIAN_POINT ( 'NONE',  ( -32.32238325557899800, -13.99135797649700300, -2.165845173684400200 ) ) ;
#1921 = DIRECTION ( 'NONE',  ( 1.000000000000000000, -7.807046758806955900E-013, -6.830280870083328900E-014 ) ) ;
#1922 = ORIENTED_EDGE ( 'NONE', *, *, #7531, .T. ) ;
#1923 = LINE ( 'NONE', #1944, #10728 ) ;
#1924 = ORIENTED_EDGE ( 'NONE', *, *, #5695, .F. ) ;
#1925 = DIRECTION ( 'NONE',  ( 1.000000000000000000, -5.037441912124048900E-013, -6.003389496261228900E-013 ) ) ;
#1926 = DIRECTION ( 'NONE',  ( 0.0000000000000000000, 0.9063077870366889100, -0.4226182617406159500 ) ) ;
#1927 = AXIS2_PLACEMENT_3D ( 'NONE', #3346, #7580, #2516 ) ;
#1928 = VECTOR ( 'NONE', #5933, 1000.000000000000000 ) ;
#1929 = CARTESIAN_POINT ( 'NONE',  ( -43.02238325557900100, -3.341743566558360400, 11.68076061320974200 ) ) ;
#1930 =( LENGTH_UNIT ( ) NAMED_UNIT ( * ) SI_UNIT ( .MILLI., .METRE. ) );
#1931 = ADVANCED_FACE ( 'F303', ( #10557 ), #10285, .T. ) ;
#1932 = CARTESIAN_POINT ( 'NONE',  ( -51.32238325557870000, -11.64707903896199800, 8.200847360202669000 ) ) ;
#1933 = DIRECTION ( 'NONE',  ( -7.836868409118702800E-013, 0.0000000000000000000, -1.000000000000000000 ) ) ;
#1934 =( LENGTH_UNIT ( ) NAMED_UNIT ( * ) SI_UNIT ( .MILLI., .METRE. ) );
#1935 = ORIENTED_EDGE ( 'NONE', *, *, #7673, .T. ) ;
#1936 = LINE ( 'NONE', #10819, #6458 ) ;
#1937 = DIRECTION ( 'NONE',  ( 0.0000000000000000000, 0.9063077870366526000, -0.4226182617406938300 ) ) ;
#1938 = LINE ( 'NONE', #6429, #6186 ) ;
#1939 = ORIENTED_EDGE ( 'NONE', *, *, #7085, .F. ) ;
#1940 = LINE ( 'NONE', #4955, #10744 ) ;
#1941 = ORIENTED_EDGE ( 'NONE', *, *, #897, .F. ) ;
#1942 = DIRECTION ( 'NONE',  ( 0.4694715627858465600, -0.3731497769022253400, -0.8002222789533133300 ) ) ;
#1943 = AXIS2_PLACEMENT_3D ( 'NONE', #6195, #6398, #6470 ) ;
#1944 = CARTESIAN_POINT ( 'NONE',  ( -38.67238325557900000, -6.291896519370451000, 10.33397059614300100 ) ) ;
#1945 = CARTESIAN_POINT ( 'NONE',  ( -51.32238325557897000, -10.95884666412898900, 12.12058214781000300 ) ) ;
#1946 = ORIENTED_EDGE ( 'NONE', *, *, #5684, .F. ) ;
#1947 = ORIENTED_EDGE ( 'NONE', *, *, #3572, .F. ) ;
#1948 = FACE_OUTER_BOUND ( 'NONE', #4831, .T. ) ;
#1949 = FACE_OUTER_BOUND ( 'NONE', #4272, .T. ) ;
#1950 = VERTEX_POINT ( 'NONE', #9519 ) ;
#1951 = AXIS2_PLACEMENT_3D ( 'NONE', #7251, #2168, #8112 ) ;
#1952 = CARTESIAN_POINT ( 'NONE',  ( -31.42238325557900000, -4.468841275216097300, 0.06917779765837391000 ) ) ;
#1953 = EDGE_CURVE ( 'NONE', #518, #2986, #6003, .T. ) ;
#1954 = DIRECTION ( 'NONE',  ( -7.755234363190354400E-014, 0.0000000000000000000, 1.000000000000000000 ) ) ;
#1955 = DIRECTION ( 'NONE',  ( 0.0000000000000000000, -0.4226182617406634700, -0.9063077870366667000 ) ) ;
#1956 = FACE_OUTER_BOUND ( 'NONE', #1079, .T. ) ;
#1957 = ORIENTED_EDGE ( 'NONE', *, *, #2839, .F. ) ;
#1958 = PLANE ( 'NONE',  #6541 ) ;
#1959 = AXIS2_PLACEMENT_3D ( 'NONE', #9223, #9137, #9073 ) ;
#1960 = VECTOR ( 'NONE', #9754, 1000.000000000000000 ) ;
#1962 = DIRECTION ( 'NONE',  ( 1.000000000000000000, -5.037441912124048900E-013, -6.003389496261228900E-013 ) ) ;
#1961 = CARTESIAN_POINT ( 'NONE',  ( -51.62238325557900300, -11.47677931914010300, 3.226686159183599600 ) ) ;
#1963 = ORIENTED_EDGE ( 'NONE', *, *, #955, .F. ) ;
#1964 = DIRECTION ( 'NONE',  ( 0.0000000000000000000, -0.9063077870366008600, 0.4226182617408045200 ) ) ;
#1965 = ORIENTED_EDGE ( 'NONE', *, *, #6938, .T. ) ;
#1966 = ORIENTED_EDGE ( 'NONE', *, *, #65, .F. ) ;
#1967 = VECTOR ( 'NONE', #7203, 1000.000000000000000 ) ;
#1968 = ADVANCED_FACE ( 'F9', ( #4051 ), #9864, .T. ) ;
#1969 = VERTEX_POINT ( 'NONE', #9441 ) ;
#1970 = CARTESIAN_POINT ( 'NONE',  ( -32.62238325557899500, -9.615728729371539900, 7.158566988783807300 ) ) ;
#1971 = EDGE_CURVE ( 'NONE', #9395, #3667, #8537, .T. ) ;
#1972 = TOROIDAL_SURFACE ( 'NONE', #6074, 1.075000000000647900, 0.09999999999982181500 ) ;
#1973 = DIRECTION ( 'NONE',  ( 1.000000000000000000, 6.830280870130652900E-014, -7.807046758802474700E-013 ) ) ;
#1974 = EDGE_CURVE ( 'NONE', #4366, #894, #1494, .T. ) ;
#1975 = CARTESIAN_POINT ( 'NONE',  ( -41.42238325557900000, -5.795073193392300800, 9.314906847470751900 ) ) ;
#1976 = DIRECTION ( 'NONE',  ( 0.0000000000000000000, 0.9063077870366665900, -0.4226182617406640300 ) ) ;
#1977 = ORIENTED_EDGE ( 'NONE', *, *, #2921, .T. ) ;
#1978 = EDGE_LOOP ( 'NONE', ( #8679, #6219, #5840, #7628 ) ) ;
#1979 = EDGE_CURVE ( 'NONE', #6500, #6910, #8001, .T. ) ;
#1980 = ORIENTED_EDGE ( 'NONE', *, *, #7001, .F. ) ;
#1981 = CARTESIAN_POINT ( 'NONE',  ( -30.12238325557900600, -16.53249533852697800, 5.694552072712842700 ) ) ;
#1982 = CARTESIAN_POINT ( 'NONE',  ( -43.12238325557900300, -4.042145142715510200, 7.652821310570592700 ) ) ;
#1983 = ADVANCED_FACE ( 'F137', ( #1218 ), #782, .T. ) ;
#1984 = DIRECTION ( 'NONE',  ( 0.0000000000000000000, 0.0000000000000000000, 1.000000000000000000 ) ) ;
#1985 = ORIENTED_EDGE ( 'NONE', *, *, #11017, .T. ) ;
#1986 = DIRECTION ( 'NONE',  ( 0.0000000000000000000, 0.7660444431189099600, 0.6427876096866204100 ) ) ;
#1987 = DIRECTION ( 'NONE',  ( 1.000000000000000000, -6.782848364076685300E-015, 7.752831156315364500E-014 ) ) ;
#1988 = CARTESIAN_POINT ( 'NONE',  ( -31.72238325557899700, -12.91904625871368000, 1.802817256517660800 ) ) ;
#1989 = ORIENTED_EDGE ( 'NONE', *, *, #6316, .F. ) ;
#1990 = EDGE_CURVE ( 'NONE', #8759, #8838, #3504, .T. ) ;
#1991 = CARTESIAN_POINT ( 'NONE',  ( -32.02238325557899400, -18.73743757172000100, 5.343511123137251000 ) ) ;
#1992 = AXIS2_PLACEMENT_3D ( 'NONE', #7609, #802, #1687 ) ;
#1993 = DIRECTION ( 'NONE',  ( -1.000000000000000000, 0.0000000000000000000, 0.0000000000000000000 ) ) ;
#1994 = ORIENTED_EDGE ( 'NONE', *, *, #8601, .T. ) ;
#1995 = CARTESIAN_POINT ( 'NONE',  ( -43.02238325557900100, -7.057605493408767700, 13.41349548634668500 ) ) ;
#1996 = CARTESIAN_POINT ( 'NONE',  ( -28.92238325557900000, -12.55164289603792000, 1.631494254870081000 ) ) ;
#1997 = DIRECTION ( 'NONE',  ( 0.0000000000000000000, -0.4226182617406517600, -0.9063077870366722500 ) ) ;
#1998 = EDGE_LOOP ( 'NONE', ( #54, #2681, #5650, #10103 ) ) ;
#1999 = CARTESIAN_POINT ( 'NONE',  ( -52.66238325557900200, -8.710742796047201300, 9.158470625338399200 ) ) ;
#2000 = ORIENTED_EDGE ( 'NONE', *, *, #2820, .T. ) ;
#2001 = ORIENTED_EDGE ( 'NONE', *, *, #1637, .T. ) ;
#2002 = LINE ( 'NONE', #7904, #8513 ) ;
#2003 = ORIENTED_EDGE ( 'NONE', *, *, #5457, .F. ) ;
#2004 = EDGE_CURVE ( 'NONE', #9240, #6921, #3235, .T. ) ;
#2005 = CARTESIAN_POINT ( 'NONE',  ( -42.42238325557900700, -11.83319185109199800, 3.172217492838649700 ) ) ;
#2006 = VERTEX_POINT ( 'NONE', #6755 ) ;
#2007 = DIRECTION ( 'NONE',  ( 0.0000000000000000000, -0.9063077870366722500, 0.4226182617406517600 ) ) ;
#2008 = CARTESIAN_POINT ( 'NONE',  ( -28.92238325557900300, -6.734610742807699800, 1.125723452010100000 ) ) ;
#2009 = EDGE_LOOP ( 'NONE', ( #6586, #3872, #2415 ) ) ;
#2010 = ORIENTED_EDGE ( 'NONE', *, *, #8507, .T. ) ;
#2011 = LINE ( 'NONE', #720, #4301 ) ;
#2012 = ORIENTED_EDGE ( 'NONE', *, *, #2387, .F. ) ;
#2013 = CARTESIAN_POINT ( 'NONE',  ( -30.77238325557899800, -5.363660565019681100, 0.4864388851586187700 ) ) ;
#2014 = CARTESIAN_POINT ( 'NONE',  ( -37.32238325608259500, -21.51523562888809200, 1.397774514932473800 ) ) ;
#2015 = CARTESIAN_POINT ( 'NONE',  ( -51.32238325557894900, -10.97569360184778000, 9.078605295922761400 ) ) ;
#2016 = CARTESIAN_POINT ( 'NONE',  ( -43.12984086573100500, -6.687244424273286500, 9.871693586019025800 ) ) ;
#2017 = AXIS2_PLACEMENT_3D ( 'NONE', #9853, #9813, #9805 ) ;
#2018 = EDGE_LOOP ( 'NONE', ( #1590, #4739, #5829, #8916 ) ) ;
#2019 = CYLINDRICAL_SURFACE ( 'NONE', #4865, 0.5249999999999497300 ) ;
#2020 = ADVANCED_FACE ( 'F119', ( #7449 ), #7480, .T. ) ;
#2021 = FACE_OUTER_BOUND ( 'NONE', #5462, .T. ) ;
#2022 = LINE ( 'NONE', #6621, #6274 ) ;
#2023 = CARTESIAN_POINT ( 'NONE',  ( -44.82238325557963800, -8.536769409500133000, 10.24141823171752800 ) ) ;
#2024 =( GEOMETRIC_REPRESENTATION_CONTEXT ( 3 ) GLOBAL_UNCERTAINTY_ASSIGNED_CONTEXT ( ( #3491 ) ) GLOBAL_UNIT_ASSIGNED_CONTEXT ( ( #3590, #9524, #4449 ) ) REPRESENTATION_CONTEXT ( 'NONE', 'WORKASPACE' ) );
#2025 = DIRECTION ( 'NONE',  ( -1.000000000000000000, 0.0000000000000000000, 0.0000000000000000000 ) ) ;
#2026 = CARTESIAN_POINT ( 'NONE',  ( -51.32238325557899800, -5.948581276149002200, 9.924823421641274700 ) ) ;
#2027 = CARTESIAN_POINT ( 'NONE',  ( -54.32238325557963100, -8.536769409502333900, 10.24141823171759000 ) ) ;
#2028 = FACE_OUTER_BOUND ( 'NONE', #6343, .T. ) ;
#2029 = VERTEX_POINT ( 'NONE', #9362 ) ;
#2031 = DIRECTION ( 'NONE',  ( -1.000000000000000000, -2.874238418593461300E-013, 3.425383961318446200E-013 ) ) ;
#2030 = CARTESIAN_POINT ( 'NONE',  ( -50.82238325557802500, -5.649108909683638700, 9.567926153023327300 ) ) ;
#2032 = VECTOR ( 'NONE', #2177, 1000.000000000000000 ) ;
#2033 = EDGE_CURVE ( 'NONE', #430, #769, #940, .T. ) ;
#2034 = DIRECTION ( 'NONE',  ( 0.0000000000000000000, -0.9063077870366609300, 0.4226182617406756300 ) ) ;
#2035 = EDGE_CURVE ( 'NONE', #10275, #9406, #2969, .T. ) ;
#2036 = VECTOR ( 'NONE', #8724, 1000.000000000000000 ) ;
#2037 = CARTESIAN_POINT ( 'NONE',  ( -39.82238325557899800, -3.977866381746850300, 7.576216866258700800 ) ) ;
#2038 = PLANE ( 'NONE',  #3201 ) ;
#2039 =( LENGTH_UNIT ( ) NAMED_UNIT ( * ) SI_UNIT ( .MILLI., .METRE. ) );
#2040 = CARTESIAN_POINT ( 'NONE',  ( -51.32238325557899800, -12.51387191729900100, 11.62058214781100000 ) ) ;
#2041 = EDGE_CURVE ( 'NONE', #10611, #102, #9479, .T. ) ;
#2042 = LINE ( 'NONE', #4483, #6289 ) ;
#2043 = ORIENTED_EDGE ( 'NONE', *, *, #8804, .F. ) ;
#2044 = SURFACE_STYLE_FILL_AREA ( #902 ) ;
#2045 = AXIS2_PLACEMENT_3D ( 'NONE', #2267, #2245, #2234 ) ;
#2046 = VECTOR ( 'NONE', #5055, 1000.000000000000000 ) ;
#2047 = DIRECTION ( 'NONE',  ( 0.0000000000000000000, -0.4226182617404725700, -0.9063077870367558500 ) ) ;
#2048 = LINE ( 'NONE', #8474, #8554 ) ;
#2049 = EDGE_CURVE ( 'NONE', #5581, #4692, #5486, .T. ) ;
#2050 = VERTEX_POINT ( 'NONE', #10360 ) ;
#2051 = EDGE_CURVE ( 'NONE', #3575, #6222, #9201, .T. ) ;
#2052 = EDGE_LOOP ( 'NONE', ( #6992, #2378, #2812, #10737, #622, #3250, #8616, #2284, #8375 ) ) ;
#2053 = DIRECTION ( 'NONE',  ( -0.0000000000000000000, -0.4226182617407106500, -0.9063077870366447200 ) ) ;
#2054 = LINE ( 'NONE', #9005, #10312 ) ;
#2055 = EDGE_LOOP ( 'NONE', ( #5535, #8094, #8518, #10334 ) ) ;
#2056 =( NAMED_UNIT ( * ) SI_UNIT ( $, .STERADIAN. ) SOLID_ANGLE_UNIT ( ) );
#2057 = LINE ( 'NONE', #8172, #6837 ) ;
#2058 = SHAPE_DEFINITION_REPRESENTATION ( #627, #6654 ) ;
#2059 = DIRECTION ( 'NONE',  ( 0.0000000000000000000, -0.9063077870366577100, 0.4226182617406826200 ) ) ;
#2060 = LINE ( 'NONE', #5393, #8561 ) ;
#2061 = EDGE_CURVE ( 'NONE', #10220, #8754, #4969, .T. ) ;
#2062 = AXIS2_PLACEMENT_3D ( 'NONE', #7260, #2178, #8120 ) ;
#2063 = CARTESIAN_POINT ( 'NONE',  ( -37.28454505730108800, -21.51520944690742400, 1.397762306074207000 ) ) ;
#2064 = ORIENTED_EDGE ( 'NONE', *, *, #966, .F. ) ;
#2065 = LINE ( 'NONE', #6809, #6318 ) ;
#2066 = VERTEX_POINT ( 'NONE', #10142 ) ;
#2067 = CYLINDRICAL_SURFACE ( 'NONE', #9851, 0.9750000000000564900 ) ;
#2068 = ORIENTED_EDGE ( 'NONE', *, *, #4516, .T. ) ;
#2069 = CARTESIAN_POINT ( 'NONE',  ( -37.32238325557896300, -16.89776538071631900, 10.05771638273809800 ) ) ;
#2070 = ORIENTED_EDGE ( 'NONE', *, *, #2914, .F. ) ;
#2071 = CARTESIAN_POINT ( 'NONE',  ( -30.82238325557900200, -12.76384686860154900, 12.02058214781100000 ) ) ;
#2072 = VECTOR ( 'NONE', #1919, 1000.000000000000000 ) ;
#2073 = DIRECTION ( 'NONE',  ( 0.0000000000000000000, -0.4226182617406221100, -0.9063077870366860200 ) ) ;
#2074 = PRESENTATION_STYLE_ASSIGNMENT (( #1589 ) ) ;
#2075 = CARTESIAN_POINT ( 'NONE',  ( -35.02238325557900100, -4.895170539831149800, 8.242444627104252000 ) ) ;
#2076 = ORIENTED_EDGE ( 'NONE', *, *, #1974, .F. ) ;
#2078 = CIRCLE ( 'NONE', #4595, 0.8499999999997519500 ) ;
#2077 = AXIS2_PLACEMENT_3D ( 'NONE', #6492, #3158, #9085 ) ;
#2079 = ORIENTED_EDGE ( 'NONE', *, *, #4970, .T. ) ;
#2080 = CARTESIAN_POINT ( 'NONE',  ( -28.92238325557900000, -9.225608435851482300, 0.08053891479791591700 ) ) ;
#2081 = CARTESIAN_POINT ( 'NONE',  ( -53.12238325557899500, -9.638874482361901000, 8.824426909100900200 ) ) ;
#2082 = ADVANCED_FACE ( 'F274', ( #7193 ), #9770, .T. ) ;
#2083 = CARTESIAN_POINT ( 'NONE',  ( -47.37238325557900300, -9.940139088640423300, 4.510750422145711100 ) ) ;
#2084 = DIRECTION ( 'NONE',  ( -0.0000000000000000000, 0.7660444431189251700, 0.6427876096866023100 ) ) ;
#2085 = CARTESIAN_POINT ( 'NONE',  ( -37.32238325557852200, -21.92307443813618700, 1.587952874977507100 ) ) ;
#2086 = ORIENTED_EDGE ( 'NONE', *, *, #1855, .F. ) ;
#2087 = VECTOR ( 'NONE', #5060, 1000.000000000000000 ) ;
#2088 = LINE ( 'NONE', #7421, #1550 ) ;
#2089 = ORIENTED_EDGE ( 'NONE', *, *, #1839, .F. ) ;
#2090 = AXIS2_PLACEMENT_3D ( 'NONE', #8243, #8581, #9723 ) ;
#2091 = VECTOR ( 'NONE', #3442, 1000.000000000000000 ) ;
#2092 = CARTESIAN_POINT ( 'NONE',  ( -51.32238325557899100, -10.75551528364000100, 5.483302349776000300 ) ) ;
#2093 = DIRECTION ( 'NONE',  ( 0.0000000000000000000, -0.9063077870366346200, 0.4226182617407321900 ) ) ;
#2094 = ORIENTED_EDGE ( 'NONE', *, *, #2184, .F. ) ;
#2095 = CARTESIAN_POINT ( 'NONE',  ( -51.32238325557921900, -12.66435589290335000, 9.250723391181864500 ) ) ;
#2096 = AXIS2_PLACEMENT_3D ( 'NONE', #2199, #8130, #3067 ) ;
#2097 = ORIENTED_EDGE ( 'NONE', *, *, #2341, .F. ) ;
#2098 = VECTOR ( 'NONE', #3984, 1000.000000000000000 ) ;
#2099 = CARTESIAN_POINT ( 'NONE',  ( -32.02238325557899400, -12.00095640334303000, 3.581460764009232600 ) ) ;
#2100 = ORIENTED_EDGE ( 'NONE', *, *, #8107, .F. ) ;
#2101 = LINE ( 'NONE', #2523, #1840 ) ;
#2102 = DIRECTION ( 'NONE',  ( -0.0000000000000000000, 0.9063077870367828300, -0.4226182617404145000 ) ) ;
#2103 = DIRECTION ( 'NONE',  ( 1.000000000000000000, -0.0000000000000000000, -0.0000000000000000000 ) ) ;
#2104 = EDGE_CURVE ( 'NONE', #6184, #10548, #6467, .T. ) ;
#2105 = EDGE_CURVE ( 'NONE', #5464, #490, #6134, .T. ) ;
#2106 = ORIENTED_EDGE ( 'NONE', *, *, #67, .T. ) ;
#2107 = CARTESIAN_POINT ( 'NONE',  ( -40.42238325557900000, -13.51902194662974200, 4.289346352424813000 ) ) ;
#2108 =( LENGTH_UNIT ( ) NAMED_UNIT ( * ) SI_UNIT ( .MILLI., .METRE. ) );
#2109 = ORIENTED_EDGE ( 'NONE', *, *, #7147, .F. ) ;
#2110 = CARTESIAN_POINT ( 'NONE',  ( -51.62238325557900300, -6.074988695998399600, 9.608752770319350500 ) ) ;
#2111 = VERTEX_POINT ( 'NONE', #8883 ) ;
#2112 = ORIENTED_EDGE ( 'NONE', *, *, #287, .F. ) ;
#2113 = ORIENTED_EDGE ( 'NONE', *, *, #5045, .T. ) ;
#2114 = UNCERTAINTY_MEASURE_WITH_UNIT (LENGTH_MEASURE( 1.000000000000000100E-005 ), #8187, 'distance_accuracy_value', 'NONE');
#2115 = SURFACE_SIDE_STYLE ('',( #7118 ) ) ;
#2116 = EDGE_CURVE ( 'NONE', #8929, #4130, #1613, .T. ) ;
#2117 = EDGE_CURVE ( 'NONE', #2720, #3894, #10413, .T. ) ;
#2118 = ORIENTED_EDGE ( 'NONE', *, *, #9535, .T. ) ;
#2119 = SURFACE_SIDE_STYLE ('',( #10071 ) ) ;
#2120 = ORIENTED_EDGE ( 'NONE', *, *, #2839, .T. ) ;
#2121 = VECTOR ( 'NONE', #3622, 1000.000000000000100 ) ;
#2122 = CARTESIAN_POINT ( 'NONE',  ( -33.92238325557900000, -3.189553465983950200, 7.747970487447950900 ) ) ;
#2123 = EDGE_LOOP ( 'NONE', ( #1074, #1935, #2510, #9461 ) ) ;
#2124 = EDGE_CURVE ( 'NONE', #5475, #594, #8396, .T. ) ;
#2125 = CARTESIAN_POINT ( 'NONE',  ( -31.42238325557900000, -11.26614967799099200, 3.238814760713620200 ) ) ;
#2126 =( GEOMETRIC_REPRESENTATION_CONTEXT ( 3 ) GLOBAL_UNCERTAINTY_ASSIGNED_CONTEXT ( ( #4817 ) ) GLOBAL_UNIT_ASSIGNED_CONTEXT ( ( #2039, #2542, #8489 ) ) REPRESENTATION_CONTEXT ( 'NONE', 'WORKASPACE' ) );
#2127 = DIRECTION ( 'NONE',  ( -1.000000000000000000, -0.0000000000000000000, -0.0000000000000000000 ) ) ;
#2128 = ORIENTED_EDGE ( 'NONE', *, *, #958, .F. ) ;
#2129 = ORIENTED_EDGE ( 'NONE', *, *, #10540, .T. ) ;
#2130 = DIRECTION ( 'NONE',  ( 0.0000000000000000000, 0.8191520442889828100, 0.5735764363510590400 ) ) ;
#2131 = VECTOR ( 'NONE', #5152, 1000.000000000000000 ) ;
#2132 = ADVANCED_FACE ( 'F38', ( #5865 ), #8341, .T. ) ;
#2133 = CARTESIAN_POINT ( 'NONE',  ( -30.82238325557900200, -5.606945513719111300, -1.455008320874694200 ) ) ;
#2134 = ORIENTED_EDGE ( 'NONE', *, *, #8655, .T. ) ;
#2135 = CARTESIAN_POINT ( 'NONE',  ( -40.42238325557900000, -11.03021715377145100, 4.894202288202198900 ) ) ;
#2136 = DIRECTION ( 'NONE',  ( -1.000000000000000000, -0.0000000000000000000, 0.0000000000000000000 ) ) ;
#2137 =( NAMED_UNIT ( * ) PLANE_ANGLE_UNIT ( ) SI_UNIT ( $, .RADIAN. ) );
#2138 = STYLED_ITEM ( 'NONE', ( #6994 ), #7093 ) ;
#2139 = VERTEX_POINT ( 'NONE', #8372 ) ;
#2140 = ORIENTED_EDGE ( 'NONE', *, *, #6394, .F. ) ;
#2141 = ORIENTED_EDGE ( 'NONE', *, *, #941, .T. ) ;
#2143 = CARTESIAN_POINT ( 'NONE',  ( -51.32238325557878500, -4.811977283217533600, 9.425919634479868100 ) ) ;
#2142 = CARTESIAN_POINT ( 'NONE',  ( -41.22238325557899700, -6.687244424273286500, 9.871693586019027600 ) ) ;
#2144 = ORIENTED_EDGE ( 'NONE', *, *, #2272, .F. ) ;
#2145 = DIRECTION ( 'NONE',  ( 0.0000000000000000000, 0.6427876096866046400, -0.7660444431189232800 ) ) ;
#2146 = CARTESIAN_POINT ( 'NONE',  ( -38.26170362305946800, -16.32257538948748300, 10.01017646872617400 ) ) ;
#2147 = ORIENTED_EDGE ( 'NONE', *, *, #1244, .T. ) ;
#2148 = VERTEX_POINT ( 'NONE', #8000 ) ;
#2149 = AXIS2_PLACEMENT_3D ( 'NONE', #375, #404, #457 ) ;
#2150 = CARTESIAN_POINT ( 'NONE',  ( -33.92238325557900000, -16.81324172836849900, 10.23897794014554900 ) ) ;
#2151 = CARTESIAN_POINT ( 'NONE',  ( -54.32238325557901200, -8.536769409500388800, 17.99141823171777300 ) ) ;
#2152 = DIRECTION ( 'NONE',  ( 4.563650266178933600E-014, 0.4226182617406757400, 0.9063077870366609300 ) ) ;
#2153 = CARTESIAN_POINT ( 'NONE',  ( -53.12238325557899500, -7.101402242377099900, 8.818236007179999400 ) ) ;
#2154 = EDGE_LOOP ( 'NONE', ( #9149, #5086, #300, #222 ) ) ;
#2155 = VECTOR ( 'NONE', #6703, 1000.000000000000000 ) ;
#2156 = ORIENTED_EDGE ( 'NONE', *, *, #1953, .F. ) ;
#2157 = CARTESIAN_POINT ( 'NONE',  ( -44.82238325557856500, -8.536769409501372900, 10.24141823171911100 ) ) ;
#2158 = DIRECTION ( 'NONE',  ( 0.0000000000000000000, 0.4226182617407421300, 0.9063077870366299500 ) ) ;
#2159 = CARTESIAN_POINT ( 'NONE',  ( -39.42238325557900000, -5.603120509318699800, -2.160343906399599900 ) ) ;
#2160 = CIRCLE ( 'NONE', #10435, 0.09999999999996643500 ) ;
#2161 = DIRECTION ( 'NONE',  ( -0.0000000000000000000, -0.7660444431194080000, -0.6427876096860267700 ) ) ;
#2162 = CARTESIAN_POINT ( 'NONE',  ( -36.92238325557900700, -21.01035288894195600, 5.024166543192393400 ) ) ;
#2163 = UNCERTAINTY_MEASURE_WITH_UNIT (LENGTH_MEASURE( 1.000000000000000100E-005 ), #6716, 'distance_accuracy_value', 'NONE');
#2164 = VECTOR ( 'NONE', #1353, 1000.000000000000000 ) ;
#2165 = ORIENTED_EDGE ( 'NONE', *, *, #5932, .F. ) ;
#2166 = DIRECTION ( 'NONE',  ( 0.0000000000000000000, 0.9063077870366300600, -0.4226182617407421800 ) ) ;
#2167 = COLOUR_RGB ( '',1.000000000000000000, 0.6588235294117647000, 0.0000000000000000000 ) ;
#2168 = DIRECTION ( 'NONE',  ( 1.000000000000000000, -2.918290966787332300E-014, 1.088501248464561100E-013 ) ) ;
#2169 = ORIENTED_EDGE ( 'NONE', *, *, #4480, .T. ) ;
#2170 = PRESENTATION_STYLE_ASSIGNMENT (( #10498 ) ) ;
#2171 = UNCERTAINTY_MEASURE_WITH_UNIT (LENGTH_MEASURE( 1.000000000000000100E-005 ), #7487, 'distance_accuracy_value', 'NONE');
#2172 = FACE_OUTER_BOUND ( 'NONE', #5984, .T. ) ;
#2173 = CARTESIAN_POINT ( 'NONE',  ( -49.62238325557900300, -0.8331532196899701400, 6.649163006921900100 ) ) ;
#2174 = DIRECTION ( 'NONE',  ( -1.092316201647335600E-013, 0.0000000000000000000, 1.000000000000000000 ) ) ;
#2175 = DIRECTION ( 'NONE',  ( 0.0000000000000000000, -0.5735764363510014200, 0.8191520442890232200 ) ) ;
#2176 = ORIENTED_EDGE ( 'NONE', *, *, #871, .T. ) ;
#2178 = DIRECTION ( 'NONE',  ( -2.187634516465990300E-013, -0.4226182617405905800, -0.9063077870367009000 ) ) ;
#2177 = DIRECTION ( 'NONE',  ( 1.000000000000000000, -0.0000000000000000000, -0.0000000000000000000 ) ) ;
#2179 = ORIENTED_EDGE ( 'NONE', *, *, #2606, .T. ) ;
#2180 = FACE_OUTER_BOUND ( 'NONE', #494, .T. ) ;
#2181 = EDGE_CURVE ( 'NONE', #1863, #2585, #7859, .T. ) ;
#2182 = ORIENTED_EDGE ( 'NONE', *, *, #6742, .T. ) ;
#2183 = CARTESIAN_POINT ( 'NONE',  ( -41.22238325557899700, -3.105255223089320900, 5.602845086874482100 ) ) ;
#2184 = EDGE_CURVE ( 'NONE', #851, #4997, #5614, .T. ) ;
#2185 = CIRCLE ( 'NONE', #4684, 7.749999999999968900 ) ;
#2186 = LINE ( 'NONE', #10352, #8427 ) ;
#2187 = FILL_AREA_STYLE_COLOUR ( '', #5421 ) ;
#2188 = ADVANCED_FACE ( 'F207', ( #10147 ), #7606, .T. ) ;
#2189 = CARTESIAN_POINT ( 'NONE',  ( -35.97238325557899700, 0.4206930299700333800, 7.918324016681424400 ) ) ;
#2190 = EDGE_CURVE ( 'NONE', #1303, #6792, #5346, .T. ) ;
#2191 = DIRECTION ( 'NONE',  ( -0.0000000000000000000, 0.9063077870366284000, -0.4226182617407456800 ) ) ;
#2192 = EDGE_LOOP ( 'NONE', ( #1783, #9841, #6130, #3966, #3757, #8549, #5172, #9882, #1125 ) ) ;
#2193 = AXIS2_PLACEMENT_3D ( 'NONE', #6847, #279, #6260 ) ;
#2194 = LINE ( 'NONE', #4526, #6705 ) ;
#2195 = CARTESIAN_POINT ( 'NONE',  ( -53.12238325557899500, -12.05512415679150000, 9.372008547793800700 ) ) ;
#2196 = ORIENTED_EDGE ( 'NONE', *, *, #588, .F. ) ;
#2197 = UNCERTAINTY_MEASURE_WITH_UNIT (LENGTH_MEASURE( 1.000000000000000100E-005 ), #4662, 'distance_accuracy_value', 'NONE');
#2198 = CARTESIAN_POINT ( 'NONE',  ( -28.82238325557899800, -2.159150918579400000, -3.766293301014299800 ) ) ;
#2199 = CARTESIAN_POINT ( 'NONE',  ( -53.12238325557878900, -8.536769409502307200, 10.24141823171902900 ) ) ;
#2200 = LINE ( 'NONE', #5693, #1928 ) ;
#2201 = EDGE_CURVE ( 'NONE', #5039, #10014, #6117, .T. ) ;
#2202 = CARTESIAN_POINT ( 'NONE',  ( -43.12238325557900300, -16.03184686792300100, 15.70060715906599700 ) ) ;
#2203 = DIRECTION ( 'NONE',  ( -7.103455424048832200E-015, 0.4226182617407321900, 0.9063077870366347300 ) ) ;
#2204 = EDGE_LOOP ( 'NONE', ( #8251, #8848, #1701, #1323 ) ) ;
#2205 = VECTOR ( 'NONE', #2217, 1000.000000000000000 ) ;
#2206 =( NAMED_UNIT ( * ) PLANE_ANGLE_UNIT ( ) SI_UNIT ( $, .RADIAN. ) );
#2207 = LINE ( 'NONE', #1300, #4229 ) ;
#2208 = EDGE_LOOP ( 'NONE', ( #1727, #2862, #4016, #3741, #3980 ) ) ;
#2209 = EDGE_CURVE ( 'NONE', #9565, #1694, #9884, .T. ) ;
#2210 = AXIS2_PLACEMENT_3D ( 'NONE', #4844, #10788, #5683 ) ;
#2211 = CARTESIAN_POINT ( 'NONE',  ( -31.42238325557900000, -11.79442250516700100, 2.105930026917800300 ) ) ;
#2212 = VECTOR ( 'NONE', #7541, 1000.000000000000100 ) ;
#2213 = ORIENTED_EDGE ( 'NONE', *, *, #2454, .T. ) ;
#2214 = DIRECTION ( 'NONE',  ( 0.0000000000000000000, 1.000000000000000000, -2.859815558967970100E-013 ) ) ;
#2215 = VERTEX_POINT ( 'NONE', #6844 ) ;
#2216 = ORIENTED_EDGE ( 'NONE', *, *, #9536, .F. ) ;
#2217 = DIRECTION ( 'NONE',  ( 0.0000000000000000000, -1.000000000000000000, 2.859815558967479800E-013 ) ) ;
#2218 = LINE ( 'NONE', #9436, #6469 ) ;
#2219 = CARTESIAN_POINT ( 'NONE',  ( -41.62238325557900300, -9.012952191332104200, 12.05968286043800200 ) ) ;
#2220 = VECTOR ( 'NONE', #6802, 1000.000000000000200 ) ;
#2221 = VERTEX_POINT ( 'NONE', #7462 ) ;
#2222 = DIRECTION ( 'NONE',  ( 0.0000000000000000000, -0.6427876096865984300, 0.7660444431189286100 ) ) ;
#2223 = CONICAL_SURFACE ( 'NONE', #2601, 0.9750000000004122000, 0.7853981633985509500 ) ;
#2224 = VERTEX_POINT ( 'NONE', #6879 ) ;
#2225 = EDGE_CURVE ( 'NONE', #1566, #6460, #5088, .T. ) ;
#2226 = DIRECTION ( 'NONE',  ( 0.0000000000000000000, -0.9063077870350011400, 0.4226182617442353400 ) ) ;
#2227 = CARTESIAN_POINT ( 'NONE',  ( -51.62238325557900300, -10.29344818626602500, 5.764347962886212400 ) ) ;
#2228 = LINE ( 'NONE', #4405, #4245 ) ;
#2229 = EDGE_LOOP ( 'NONE', ( #4434, #7763, #5300, #1608 ) ) ;
#2230 = CARTESIAN_POINT ( 'NONE',  ( -35.02238325557900100, -5.795073193392300800, 9.314906847470751900 ) ) ;
#2231 = VECTOR ( 'NONE', #7188, 1000.000000000000000 ) ;
#2232 = CARTESIAN_POINT ( 'NONE',  ( -51.32238325557899100, -4.780812181564663800, 7.599696111733647900 ) ) ;
#2233 = ORIENTED_EDGE ( 'NONE', *, *, #3686, .T. ) ;
#2234 = DIRECTION ( 'NONE',  ( -0.9985991029009408900, -0.02236218424964531500, -0.04795585888106644600 ) ) ;
#2235 = ORIENTED_EDGE ( 'NONE', *, *, #1270, .T. ) ;
#2236 = CARTESIAN_POINT ( 'NONE',  ( -32.62238325557900300, -14.40835717019704800, -1.640381880528974700 ) ) ;
#2237 =( LENGTH_UNIT ( ) NAMED_UNIT ( * ) SI_UNIT ( .MILLI., .METRE. ) );
#2238 = DIRECTION ( 'NONE',  ( -0.7071067811864657500, 0.2988362387299506300, 0.6408563820559577400 ) ) ;
#2239 = ADVANCED_FACE ( 'F218', ( #524 ), #6437, .T. ) ;
#2240 = EDGE_LOOP ( 'NONE', ( #3969, #8378 ) ) ;
#2241 = PLANE ( 'NONE',  #3527 ) ;
#2242 = PLANE ( 'NONE',  #7481 ) ;
#2243 = SURFACE_SIDE_STYLE ('',( #9034 ) ) ;
#2244 = VERTEX_POINT ( 'NONE', #6414 ) ;
#2245 = DIRECTION ( 'NONE',  ( -0.05291343577425158100, 0.4220262170439217400, 0.9050381430868872400 ) ) ;
#2246 = CARTESIAN_POINT ( 'NONE',  ( -43.92238325557900000, -14.31050808127500000, 25.07091389913999900 ) ) ;
#2247 = ADVANCED_FACE ( 'F300', ( #9333, #7321 ), #6283, .T. ) ;
#2248 = CARTESIAN_POINT ( 'NONE',  ( -30.82238325557900200, -2.531714285944460100, 4.919325614532240800 ) ) ;
#2249 = EDGE_LOOP ( 'NONE', ( #10066, #3808, #905, #5767 ) ) ;
#2250 = ORIENTED_EDGE ( 'NONE', *, *, #3368, .T. ) ;
#2251 = CARTESIAN_POINT ( 'NONE',  ( -33.92238325557900000, -14.59083541687002500, 2.582385343786747000 ) ) ;
#2252 = EDGE_CURVE ( 'NONE', #5935, #6848, #3100, .T. ) ;
#2253 = EDGE_CURVE ( 'NONE', #5632, #4341, #7054, .T. ) ;
#2254 = CARTESIAN_POINT ( 'NONE',  ( -51.32238325557919000, -8.170945219598433300, 7.186961442677254100 ) ) ;
#2255 = COLOUR_RGB ( '',1.000000000000000000, 0.3294117647058823500, 0.0000000000000000000 ) ;
#2256 = DIRECTION ( 'NONE',  ( 1.000000000000000000, -0.0000000000000000000, -0.0000000000000000000 ) ) ;
#2257 = ORIENTED_EDGE ( 'NONE', *, *, #8466, .F. ) ;
#2258 = CARTESIAN_POINT ( 'NONE',  ( -32.32238325557899800, -12.00095640334300000, 3.581460764009300100 ) ) ;
#2259 = AXIS2_PLACEMENT_3D ( 'NONE', #3939, #3916, #3902 ) ;
#2260 = ORIENTED_EDGE ( 'NONE', *, *, #5585, .T. ) ;
#2261 = DIRECTION ( 'NONE',  ( 0.0000000000000000000, -0.4226182617407240300, -0.9063077870366385000 ) ) ;
#2262 = ORIENTED_EDGE ( 'NONE', *, *, #315, .T. ) ;
#2263 = CARTESIAN_POINT ( 'NONE',  ( -41.83292810458899400, -10.66390838833462600, 2.130451596067792800 ) ) ;
#2264 = EDGE_CURVE ( 'NONE', #99, #7297, #787, .T. ) ;
#2265 = CARTESIAN_POINT ( 'NONE',  ( -53.12238325557866100, -5.364692154873402800, 8.762254315625979100 ) ) ;
#2266 = EDGE_CURVE ( 'NONE', #6011, #1203, #4837, .T. ) ;
#2267 = CARTESIAN_POINT ( 'NONE',  ( -43.12984086573100500, -9.046724314130999600, 8.437955934644199000 ) ) ;
#2268 = ORIENTED_EDGE ( 'NONE', *, *, #10620, .F. ) ;
#2269 = DIRECTION ( 'NONE',  ( 1.000000000000000000, 0.0000000000000000000, 0.0000000000000000000 ) ) ;
#2270 = DIRECTION ( 'NONE',  ( -1.000000000000000000, -2.009809788925401600E-013, -2.645964783881782400E-014 ) ) ;
#2271 = ORIENTED_EDGE ( 'NONE', *, *, #8242, .F. ) ;
#2272 = EDGE_CURVE ( 'NONE', #4575, #9663, #244, .T. ) ;
#2273 = STYLED_ITEM ( 'NONE', ( #6036 ), #5707 ) ;
#2274 = ORIENTED_EDGE ( 'NONE', *, *, #5606, .F. ) ;
#2275 = CIRCLE ( 'NONE', #3341, 0.8500000000001509700 ) ;
#2276 = VERTEX_POINT ( 'NONE', #5116 ) ;
#2277 = CARTESIAN_POINT ( 'NONE',  ( -53.12238325557899500, -13.45884666412900000, 11.72058214781099900 ) ) ;
#2278 = VERTEX_POINT ( 'NONE', #5151 ) ;
#2279 = DIRECTION ( 'NONE',  ( 1.000000000000000000, -0.0000000000000000000, 0.0000000000000000000 ) ) ;
#2280 = DIRECTION ( 'NONE',  ( 0.0000000000000000000, -0.4226182617407706100, -0.9063077870366168500 ) ) ;
#2281 = CARTESIAN_POINT ( 'NONE',  ( -53.12238325557899500, -8.913828252732603400, 8.486332299708299900 ) ) ;
#2282 = ORIENTED_EDGE ( 'NONE', *, *, #9965, .F. ) ;
#2283 = PLANE ( 'NONE',  #536 ) ;
#2284 = ORIENTED_EDGE ( 'NONE', *, *, #9641, .T. ) ;
#2285 = CIRCLE ( 'NONE', #6607, 0.5249999999999492900 ) ;
#2286 = VECTOR ( 'NONE', #5441, 1000.000000000000100 ) ;
#2287 = CARTESIAN_POINT ( 'NONE',  ( -37.32238320644655300, -20.56359987333833300, 0.9540194743452422600 ) ) ;
#2288 = VERTEX_POINT ( 'NONE', #5521 ) ;
#2289 = DIRECTION ( 'NONE',  ( -0.05286618295643304800, 0.6418887390903863500, -0.7649732108568057000 ) ) ;
#2290 = PLANE ( 'NONE',  #2077 ) ;
#2291 = AXIS2_PLACEMENT_3D ( 'NONE', #124, #10443, #5339 ) ;
#2292 = CARTESIAN_POINT ( 'NONE',  ( -44.62238325557814300, -5.649108909683919300, 9.567926153023885000 ) ) ;
#2293 = ORIENTED_EDGE ( 'NONE', *, *, #5750, .T. ) ;
#2294 = ADVANCED_FACE ( 'F130', ( #8792, #11075 ), #5083, .T. ) ;
#2295 = DIRECTION ( 'NONE',  ( 0.0000000000000000000, 0.4226182617409365800, 0.9063077870365393600 ) ) ;
#2296 = SURFACE_STYLE_FILL_AREA ( #9614 ) ;
#2297 = VECTOR ( 'NONE', #5705, 1000.000000000000200 ) ;
#2298 = LINE ( 'NONE', #23, #4580 ) ;
#2299 = ADVANCED_FACE ( 'F142', ( #4565 ), #5188, .T. ) ;
#2300 = AXIS2_PLACEMENT_3D ( 'NONE', #4092, #3866, #3937 ) ;
#2301 = LINE ( 'NONE', #837, #10828 ) ;
#2302 = VERTEX_POINT ( 'NONE', #4720 ) ;
#2303 = LINE ( 'NONE', #7259, #2032 ) ;
#2304 = FACE_OUTER_BOUND ( 'NONE', #4959, .T. ) ;
#2305 = CARTESIAN_POINT ( 'NONE',  ( -39.82238325557899800, -4.501771808586960700, 7.267148744758649100 ) ) ;
#2306 = LINE ( 'NONE', #1152, #10837 ) ;
#2307 = CARTESIAN_POINT ( 'NONE',  ( -37.32238325557911200, -7.920619128421279200, -4.941499268915831200 ) ) ;
#2308 = AXIS2_PLACEMENT_3D ( 'NONE', #2760, #8698, #3634 ) ;
#2309 = EDGE_CURVE ( 'NONE', #8754, #2276, #6794, .T. ) ;
#2310 = CARTESIAN_POINT ( 'NONE',  ( -32.62238325557901000, -3.058464111713020500, 5.474287564937022800 ) ) ;
#2311 = EDGE_LOOP ( 'NONE', ( #126, #7807, #10545, #4882 ) ) ;
#2312 = VECTOR ( 'NONE', #5930, 999.9999999999998900 ) ;
#2313 = EDGE_CURVE ( 'NONE', #1442, #6986, #6540, .T. ) ;
#2314 = CARTESIAN_POINT ( 'NONE',  ( -37.32238325557828800, -18.71502390620141700, 6.160592898480373100 ) ) ;
#2315 = LINE ( 'NONE', #9563, #11104 ) ;
#2316 =( NAMED_UNIT ( * ) SI_UNIT ( $, .STERADIAN. ) SOLID_ANGLE_UNIT ( ) );
#2317 = CARTESIAN_POINT ( 'NONE',  ( -40.42238325557900000, -12.54513551138950000, 4.366581206908399800 ) ) ;
#2318 = AXIS2_PLACEMENT_3D ( 'NONE', #7121, #7038, #7025 ) ;
#2319 = ORIENTED_EDGE ( 'NONE', *, *, #3783, .F. ) ;
#2320 = CARTESIAN_POINT ( 'NONE',  ( -37.76418305605041300, -20.77881045420213000, 1.054373816317993200 ) ) ;
#2321 = ORIENTED_EDGE ( 'NONE', *, *, #10823, .F. ) ;
#2322 = LINE ( 'NONE', #6404, #4338 ) ;
#2323 = VERTEX_POINT ( 'NONE', #4276 ) ;
#2324 = COLOUR_RGB ( '',1.000000000000000000, 0.6588235294117647000, 0.0000000000000000000 ) ;
#2325 = LINE ( 'NONE', #278, #8829 ) ;
#2326 = CARTESIAN_POINT ( 'NONE',  ( -53.12238325557866100, -10.01593332559327400, 7.069340977090808700 ) ) ;
#2327 = VECTOR ( 'NONE', #3191, 1000.000000000000100 ) ;
#2328 = CARTESIAN_POINT ( 'NONE',  ( -39.92238325557900000, -11.03021715377145100, 4.894202288202198900 ) ) ;
#2329 = LINE ( 'NONE', #9937, #8302 ) ;
#2330 = CARTESIAN_POINT ( 'NONE',  ( -37.52238325557900100, -4.980643189124251100, 7.837845432904499500 ) ) ;
#2331 = EDGE_CURVE ( 'NONE', #10682, #4186, #2443, .T. ) ;
#2332 = EDGE_CURVE ( 'NONE', #6224, #2477, #6701, .T. ) ;
#2333 = ORIENTED_EDGE ( 'NONE', *, *, #4986, .T. ) ;
#2334 = VECTOR ( 'NONE', #5115, 1000.000000000000200 ) ;
#2335 = ORIENTED_EDGE ( 'NONE', *, *, #10244, .F. ) ;
#2336 = VERTEX_POINT ( 'NONE', #3921 ) ;
#2337 = ORIENTED_EDGE ( 'NONE', *, *, #2891, .T. ) ;
#2338 = CYLINDRICAL_SURFACE ( 'NONE', #6725, 0.6999999999997741400 ) ;
#2339 = VECTOR ( 'NONE', #942, 999.9999999999998900 ) ;
#2340 = DIRECTION ( 'NONE',  ( 1.000000000000000000, 0.0000000000000000000, 0.0000000000000000000 ) ) ;
#2341 = EDGE_CURVE ( 'NONE', #3990, #6363, #8695, .T. ) ;
#2342 = CARTESIAN_POINT ( 'NONE',  ( -41.83292810458899400, -10.66390838833429200, 2.130451596067693300 ) ) ;
#2343 = B_SPLINE_CURVE_WITH_KNOTS ( 'NONE', 3,
 ( #7400, #1475, #9128, #4066, #9998, #4913, #10865, #5747, #618, #6605 ),
 .UNSPECIFIED., .F., .F.,
 ( 4, 2, 2, 2, 4 ),
 ( 0.0000000000000000000, 0.2500000000000000000, 0.5000000000000000000, 0.7500000000000000000, 1.000000000000000000 ),
 .UNSPECIFIED. ) ;
#2344 =( NAMED_UNIT ( * ) PLANE_ANGLE_UNIT ( ) SI_UNIT ( $, .RADIAN. ) );
#2345 = FACE_BOUND ( 'NONE', #4303, .T. ) ;
#2346 = DIRECTION ( 'NONE',  ( -0.0000000000000000000, -0.4226182617407007200, -0.9063077870366492700 ) ) ;
#2347 = ORIENTED_EDGE ( 'NONE', *, *, #10609, .F. ) ;
#2348 = CARTESIAN_POINT ( 'NONE',  ( -42.42238325557900700, -11.03021715377139800, 4.894202288202150100 ) ) ;
#2349 = ADVANCED_FACE ( 'F194', ( #8963 ), #3800, .T. ) ;
#2350 = CARTESIAN_POINT ( 'NONE',  ( -51.32238325557899100, -12.66948819000947200, 8.941826220532544100 ) ) ;
#2351 = DIRECTION ( 'NONE',  ( 0.0000000000000000000, -0.9063077870366533800, 0.4226182617406920000 ) ) ;
#2352 = EDGE_CURVE ( 'NONE', #5919, #8350, #1917, .T. ) ;
#2353 = LINE ( 'NONE', #7754, #9130 ) ;
#2354 =( NAMED_UNIT ( * ) PLANE_ANGLE_UNIT ( ) SI_UNIT ( $, .RADIAN. ) );
#2355 = LINE ( 'NONE', #6555, #1825 ) ;
#2356 = ADVANCED_FACE ( 'F242', ( #8425 ), #3564, .T. ) ;
#2357 = VERTEX_POINT ( 'NONE', #3724 ) ;
#2358 = DIRECTION ( 'NONE',  ( -0.0000000000000000000, 0.4226182617407067700, 0.9063077870366466100 ) ) ;
#2359 = SURFACE_STYLE_FILL_AREA ( #7794 ) ;
#2360 = CARTESIAN_POINT ( 'NONE',  ( -37.68560961000262900, -21.38445410409587700, 1.336790088376479200 ) ) ;
#2361 = EDGE_LOOP ( 'NONE', ( #4868, #9162, #8275, #5160 ) ) ;
#2362 = DIRECTION ( 'NONE',  ( -0.0000000000000000000, -0.4226182617407169800, -0.9063077870366418300 ) ) ;
#2363 = DIRECTION ( 'NONE',  ( -3.339473067880405900E-014, 0.4226182617408430500, 0.9063077870365831000 ) ) ;
#2364 = PLANE ( 'NONE',  #5069 ) ;
#2365 = EDGE_LOOP ( 'NONE', ( #10717, #3057, #2967, #712 ) ) ;
#2366 = AXIS2_PLACEMENT_3D ( 'NONE', #511, #474, #452 ) ;
#2367 = LINE ( 'NONE', #746, #55 ) ;
#2368 = ORIENTED_EDGE ( 'NONE', *, *, #9967, .F. ) ;
#2369 = EDGE_LOOP ( 'NONE', ( #6896, #2709, #8075, #10811 ) ) ;
#2370 = PLANE ( 'NONE',  #9222 ) ;
#2371 = CARTESIAN_POINT ( 'NONE',  ( -44.82238325557901200, -12.95104640071989600, 24.43698650652893900 ) ) ;
#2372 = VERTEX_POINT ( 'NONE', #3079 ) ;
#2373 =( LENGTH_UNIT ( ) NAMED_UNIT ( * ) SI_UNIT ( .MILLI., .METRE. ) );
#2374 = CARTESIAN_POINT ( 'NONE',  ( -37.32238325557846500, -18.47269108523876800, 3.840835410317989100 ) ) ;
#2375 = CARTESIAN_POINT ( 'NONE',  ( -31.42238325557900000, -2.047429067452259900, 2.625419098096599700 ) ) ;
#2376 = VERTEX_POINT ( 'NONE', #3073 ) ;
#2377 = ORIENTED_EDGE ( 'NONE', *, *, #1553, .T. ) ;
#2378 = ORIENTED_EDGE ( 'NONE', *, *, #10695, .T. ) ;
#2379 = DIRECTION ( 'NONE',  ( -1.000000000000000000, -0.0000000000000000000, -0.0000000000000000000 ) ) ;
#2380 = CARTESIAN_POINT ( 'NONE',  ( -52.82238325557953800, -12.71488887246577100, 15.22070711199455100 ) ) ;
#2381 = AXIS2_PLACEMENT_3D ( 'NONE', #5541, #8944, #3899 ) ;
#2382 = ORIENTED_EDGE ( 'NONE', *, *, #7374, .T. ) ;
#2383 = SURFACE_STYLE_USAGE ( .BOTH. , #2409 ) ;
#2384 = LINE ( 'NONE', #694, #2121 ) ;
#2385 = PLANE ( 'NONE',  #4019 ) ;
#2386 = ORIENTED_EDGE ( 'NONE', *, *, #2978, .T. ) ;
#2387 = EDGE_CURVE ( 'NONE', #5340, #8659, #10721, .T. ) ;
#2388 = EDGE_CURVE ( 'NONE', #2400, #9777, #2185, .T. ) ;
#2389 = DIRECTION ( 'NONE',  ( -0.0000000000000000000, 0.9063077870366492700, -0.4226182617407007200 ) ) ;
#2390 = ORIENTED_EDGE ( 'NONE', *, *, #6249, .F. ) ;
#2391 = DIRECTION ( 'NONE',  ( 0.0000000000000000000, -0.9063077870366528200, 0.4226182617406932800 ) ) ;
#2392 = VERTEX_POINT ( 'NONE', #2892 ) ;
#2393 = CIRCLE ( 'NONE', #10768, 0.6999999999997741400 ) ;
#2394 = ADVANCED_FACE ( 'F209', ( #4208 ), #5895, .F. ) ;
#2395 = ORIENTED_EDGE ( 'NONE', *, *, #9298, .F. ) ;
#2396 = EDGE_CURVE ( 'NONE', #6766, #1534, #8158, .T. ) ;
#2397 = CARTESIAN_POINT ( 'NONE',  ( -49.62238325557834900, -8.536769409502365800, 10.24141823171795500 ) ) ;
#2398 = AXIS2_PLACEMENT_3D ( 'NONE', #6997, #1921, #7855 ) ;
#2399 = CARTESIAN_POINT ( 'NONE',  ( -32.02238325557899400, -11.94012916894550000, 2.173874160082000200 ) ) ;
#2400 = VERTEX_POINT ( 'NONE', #2541 ) ;
#2401 = ADVANCED_FACE ( 'F159', ( #1382 ), #2242, .T. ) ;
#2402 = UNCERTAINTY_MEASURE_WITH_UNIT (LENGTH_MEASURE( 1.000000000000000100E-005 ), #4267, 'distance_accuracy_value', 'NONE');
#2403 = ORIENTED_EDGE ( 'NONE', *, *, #3340, .F. ) ;
#2404 = PLANE ( 'NONE',  #1795 ) ;
#2405 = ORIENTED_EDGE ( 'NONE', *, *, #5373, .F. ) ;
#2406 = VECTOR ( 'NONE', #9720, 1000.000000000000000 ) ;
#2407 = EDGE_CURVE ( 'NONE', #2417, #9239, #10440, .T. ) ;
#2408 = EDGE_LOOP ( 'NONE', ( #9463, #3826, #4679, #8741 ) ) ;
#2409 = SURFACE_SIDE_STYLE ('',( #10945 ) ) ;
#2410 = DIRECTION ( 'NONE',  ( 1.000000000000000000, -0.0000000000000000000, -0.0000000000000000000 ) ) ;
#2411 = DIRECTION ( 'NONE',  ( 0.0000000000000000000, 0.6427876096865984300, -0.7660444431189283900 ) ) ;
#2412 = CARTESIAN_POINT ( 'NONE',  ( -42.84738325557899700, -18.90603182311999900, 8.566754982728898700 ) ) ;
#2413 = EDGE_CURVE ( 'NONE', #2514, #748, #4511, .T. ) ;
#2414 = AXIS2_PLACEMENT_3D ( 'NONE', #4407, #7744, #3539 ) ;
#2415 = ORIENTED_EDGE ( 'NONE', *, *, #5392, .T. ) ;
#2416 = AXIS2_PLACEMENT_3D ( 'NONE', #8024, #6320, #4712 ) ;
#2417 = VERTEX_POINT ( 'NONE', #41 ) ;
#2418 = CARTESIAN_POINT ( 'NONE',  ( -51.32238325557906900, -12.51387191825309800, 12.02058214781100000 ) ) ;
#2419 = PRESENTATION_STYLE_ASSIGNMENT (( #9706 ) ) ;
#2420 = CARTESIAN_POINT ( 'NONE',  ( -37.32238325557892700, -17.89470394645617200, 10.52259647065307000 ) ) ;
#2421 = CARTESIAN_POINT ( 'NONE',  ( -54.32238325557899800, -11.83319185107872300, 3.172217492832408100 ) ) ;
#2422 = ORIENTED_EDGE ( 'NONE', *, *, #6916, .F. ) ;
#2423 = LINE ( 'NONE', #10962, #2155 ) ;
#2424 = ORIENTED_EDGE ( 'NONE', *, *, #253, .T. ) ;
#2425 = EDGE_CURVE ( 'NONE', #5340, #4358, #7886, .T. ) ;
#2426 = DIRECTION ( 'NONE',  ( 1.000000000000000000, 0.0000000000000000000, 0.0000000000000000000 ) ) ;
#2427 = AXIS2_PLACEMENT_3D ( 'NONE', #6174, #1075, #10430 ) ;
#2428 = CARTESIAN_POINT ( 'NONE',  ( -37.32238325557826600, -2.742813334624882400, 3.677829426620972300 ) ) ;
#2429 = CARTESIAN_POINT ( 'NONE',  ( -44.82238325557900500, -7.725610139289643500, 14.93870687926290900 ) ) ;
#2430 = DIRECTION ( 'NONE',  ( 1.000000000000000000, 0.0000000000000000000, 0.0000000000000000000 ) ) ;
#2431 = CIRCLE ( 'NONE', #1951, 7.749999999999968900 ) ;
#2432 = ORIENTED_EDGE ( 'NONE', *, *, #3269, .F. ) ;
#2433 = VECTOR ( 'NONE', #6115, 1000.000000000000100 ) ;
#2434 = FACE_OUTER_BOUND ( 'NONE', #10912, .T. ) ;
#2435 = LINE ( 'NONE', #9074, #4458 ) ;
#2436 = DIRECTION ( 'NONE',  ( -1.000000000000000000, 0.0000000000000000000, 0.0000000000000000000 ) ) ;
#2437 = PLANE ( 'NONE',  #10711 ) ;
#2438 = CARTESIAN_POINT ( 'NONE',  ( -39.82238325557899100, -4.501771808586959800, 7.267148744758648200 ) ) ;
#2439 = ORIENTED_EDGE ( 'NONE', *, *, #8801, .T. ) ;
#2440 = LINE ( 'NONE', #9215, #6951 ) ;
#2441 = VERTEX_POINT ( 'NONE', #10966 ) ;
#2442 = FILL_AREA_STYLE_COLOUR ( '', #1256 ) ;
#2443 = LINE ( 'NONE', #4315, #143 ) ;
#2444 = CARTESIAN_POINT ( 'NONE',  ( -51.06987062899401100, -4.779730551373194900, 8.531841371183206800 ) ) ;
#2445 = PLANE ( 'NONE',  #1309 ) ;
#2446 = LINE ( 'NONE', #3593, #8965 ) ;
#2447 = AXIS2_PLACEMENT_3D ( 'NONE', #8426, #9291, #1625 ) ;
#2448 = ADVANCED_FACE ( 'F50', ( #10177 ), #7607, .T. ) ;
#2449 = CARTESIAN_POINT ( 'NONE',  ( -35.07238325557899800, -4.042145142715500400, 7.652821310570601600 ) ) ;
#2450 = ORIENTED_EDGE ( 'NONE', *, *, #2209, .T. ) ;
#2451 = ORIENTED_EDGE ( 'NONE', *, *, #3354, .T. ) ;
#2452 = LINE ( 'NONE', #6981, #150 ) ;
#2453 = CARTESIAN_POINT ( 'NONE',  ( -51.32238325557892000, -12.08174503626092500, 8.221041176019648200 ) ) ;
#2454 = EDGE_CURVE ( 'NONE', #2772, #3570, #1104, .T. ) ;
#2455 = ORIENTED_EDGE ( 'NONE', *, *, #1913, .F. ) ;
#2456 = COLOUR_RGB ( '',1.000000000000000000, 0.6588235294117647000, 0.0000000000000000000 ) ;
#2457 = DIRECTION ( 'NONE',  ( 0.0000000000000000000, 0.9063077870366156300, -0.4226182617407728800 ) ) ;
#2458 = EDGE_CURVE ( 'NONE', #4103, #8628, #1643, .T. ) ;
#2459 = FACE_OUTER_BOUND ( 'NONE', #9051, .T. ) ;
#2460 = DIRECTION ( 'NONE',  ( 0.0000000000000000000, -0.4226182617407859800, -0.9063077870366095200 ) ) ;
#2461 = VECTOR ( 'NONE', #2971, 1000.000000000000100 ) ;
#2462 = CARTESIAN_POINT ( 'NONE',  ( -37.32238325557858600, -16.94002720689061500, 9.967085604034050300 ) ) ;
#2463 = ADVANCED_FACE ( 'F2', ( #5374 ), #9430, .T. ) ;
#2464 = LINE ( 'NONE', #4121, #4756 ) ;
#2465 = CARTESIAN_POINT ( 'NONE',  ( -37.32238325557787600, -15.83896085730351200, 9.784663308773991400 ) ) ;
#2466 = DIRECTION ( 'NONE',  ( 0.0000000000000000000, -0.9063077870366800200, 0.4226182617406352100 ) ) ;
#2467 = ORIENTED_EDGE ( 'NONE', *, *, #804, .F. ) ;
#2468 = CARTESIAN_POINT ( 'NONE',  ( -52.82238325557899100, -12.71488887246531100, 16.82070711199232700 ) ) ;
#2469 = LINE ( 'NONE', #10710, #2741 ) ;
#2470 = ORIENTED_EDGE ( 'NONE', *, *, #3045, .F. ) ;
#2471 = DIRECTION ( 'NONE',  ( -1.212404037481728500E-013, -0.4226182617407725500, -0.9063077870366158500 ) ) ;
#2472 = LINE ( 'NONE', #8273, #8988 ) ;
#2473 = FILL_AREA_STYLE ('',( #5846 ) ) ;
#2474 = EDGE_CURVE ( 'NONE', #10548, #10565, #8379, .T. ) ;
#2475 = EDGE_CURVE ( 'NONE', #5692, #8079, #9646, .T. ) ;
#2476 = EDGE_LOOP ( 'NONE', ( #6942, #2493, #514, #7219 ) ) ;
#2477 = VERTEX_POINT ( 'NONE', #8604 ) ;
#2478 = FACE_OUTER_BOUND ( 'NONE', #3025, .T. ) ;
#2479 = CONICAL_SURFACE ( 'NONE', #4577, 0.9749999999997610600, 0.03288287980555698600 ) ;
#2480 = ORIENTED_EDGE ( 'NONE', *, *, #4212, .F. ) ;
#2481 = EDGE_CURVE ( 'NONE', #310, #7285, #9913, .T. ) ;
#2482 = DIRECTION ( 'NONE',  ( 0.0000000000000000000, -0.6427876096865879900, 0.7660444431189372700 ) ) ;
#2483 = SURFACE_STYLE_FILL_AREA ( #6157 ) ;
#2484 = CARTESIAN_POINT ( 'NONE',  ( -43.02238325557900100, -5.335376668881699500, 11.78287355715300000 ) ) ;
#2485 = AXIS2_PLACEMENT_3D ( 'NONE', #3784, #6269, #6232 ) ;
#2486 = FILL_AREA_STYLE_COLOUR ( '', #1892 ) ;
#2487 = VERTEX_POINT ( 'NONE', #8382 ) ;
#2488 = CARTESIAN_POINT ( 'NONE',  ( -37.32238325557794700, -20.15577425341485800, 0.7638472645825809000 ) ) ;
#2489 = ORIENTED_EDGE ( 'NONE', *, *, #4700, .F. ) ;
#2490 = ORIENTED_EDGE ( 'NONE', *, *, #4048, .T. ) ;
#2491 = COLOUR_RGB ( '',1.000000000000000000, 0.3294117647058823500, 0.0000000000000000000 ) ;
#2492 = LINE ( 'NONE', #264, #6739 ) ;
#2493 = ORIENTED_EDGE ( 'NONE', *, *, #7213, .F. ) ;
#2494 = LINE ( 'NONE', #58, #4788 ) ;
#2495 = ORIENTED_EDGE ( 'NONE', *, *, #1690, .F. ) ;
#2496 = CARTESIAN_POINT ( 'NONE',  ( -50.62238325557900300, -8.990411361334066600, 12.10802182636285500 ) ) ;
#2497 = ORIENTED_EDGE ( 'NONE', *, *, #7875, .T. ) ;
#2498 = PRESENTATION_LAYER_ASSIGNMENT (  '', '', ( #1356 ) ) ;
#2499 = DIRECTION ( 'NONE',  ( -0.0000000000000000000, 0.7660444431190065500, 0.6427876096865052800 ) ) ;
#2500 = DIRECTION ( 'NONE',  ( -0.0000000000000000000, -7.502679033599704800E-013, 1.000000000000000000 ) ) ;
#2501 = PLANE ( 'NONE',  #3237 ) ;
#2502 = VERTEX_POINT ( 'NONE', #7693 ) ;
#2503 = EDGE_LOOP ( 'NONE', ( #5470, #4089, #7161, #9210 ) ) ;
#2504 = DIRECTION ( 'NONE',  ( -1.000000000000000000, 0.0000000000000000000, 0.0000000000000000000 ) ) ;
#2505 = CARTESIAN_POINT ( 'NONE',  ( -36.92238325557900700, -5.603120509318708600, -2.160343906399618200 ) ) ;
#2506 = ORIENTED_EDGE ( 'NONE', *, *, #4259, .T. ) ;
#2507 = CARTESIAN_POINT ( 'NONE',  ( -35.97238325557899700, -18.26333418762714800, 10.91516715893106900 ) ) ;
#2508 = DIRECTION ( 'NONE',  ( 0.0000000000000000000, -0.6427876096865398100, 0.7660444431189774600 ) ) ;
#2509 = ORIENTED_EDGE ( 'NONE', *, *, #4787, .F. ) ;
#2510 = ORIENTED_EDGE ( 'NONE', *, *, #1855, .T. ) ;
#2511 = LINE ( 'NONE', #2484, #210 ) ;
#2512 = ADVANCED_FACE ( 'F299', ( #9359 ), #7926, .T. ) ;
#2513 = AXIS2_PLACEMENT_3D ( 'NONE', #6376, #9814, #4731 ) ;
#2514 = VERTEX_POINT ( 'NONE', #5817 ) ;
#2515 = CARTESIAN_POINT ( 'NONE',  ( -51.32238325557899800, -10.90382141096300100, 11.82058214781099900 ) ) ;
#2516 = DIRECTION ( 'NONE',  ( 1.000000000000000000, 0.0000000000000000000, 0.0000000000000000000 ) ) ;
#2517 = DIRECTION ( 'NONE',  ( -1.000000000000000000, -0.0000000000000000000, -0.0000000000000000000 ) ) ;
#2518 = EDGE_CURVE ( 'NONE', #1785, #7030, #8552, .T. ) ;
#2519 = CARTESIAN_POINT ( 'NONE',  ( -33.92238325557900000, -7.778259198206692200, -1.146060078221983600 ) ) ;
#2521 = FILL_AREA_STYLE_COLOUR ( '', #2456 ) ;
#2520 = CARTESIAN_POINT ( 'NONE',  ( -51.32238325557904800, -5.364691164197469500, 7.912008850020281900 ) ) ;
#2522 = CARTESIAN_POINT ( 'NONE',  ( -52.82238325557904800, -2.771137938037608400, 5.062615886071415400 ) ) ;
#2523 = CARTESIAN_POINT ( 'NONE',  ( -39.82238325557899800, -4.143400953713899600, 7.306776139040850100 ) ) ;
#2524 = ORIENTED_EDGE ( 'NONE', *, *, #7961, .T. ) ;
#2525 = ORIENTED_EDGE ( 'NONE', *, *, #5643, .T. ) ;
#2526 = STYLED_ITEM ( 'NONE', ( #6561 ), #2823 ) ;
#2527 = B_SPLINE_CURVE_WITH_KNOTS ( 'NONE', 3,
 ( #6984, #2766, #9573, #4496, #10434, #5330, #195, #6180, #1077, #7021 ),
 .UNSPECIFIED., .F., .F.,
 ( 4, 2, 2, 2, 4 ),
 ( 0.7500000000000000000, 0.8750000000000000000, 1.000000000000000000, 1.125000000000000000, 1.250000000000000000 ),
 .UNSPECIFIED. ) ;
#2528 = DIRECTION ( 'NONE',  ( -0.0000000000000000000, 0.9961946980917516500, 0.08715574274758826300 ) ) ;
#2529 = CARTESIAN_POINT ( 'NONE',  ( -51.32238325557880600, -12.21062704092809500, 8.286504585099306700 ) ) ;
#2530 = AXIS2_PLACEMENT_3D ( 'NONE', #7104, #7968, #2896 ) ;
#2531 = B_SPLINE_CURVE_WITH_KNOTS ( 'NONE', 3,
 ( #8564, #3499, #4369, #10299 ),
 .UNSPECIFIED., .F., .F.,
 ( 4, 4 ),
 ( 0.0000000000000000000, 1.000000000000000000 ),
 .UNSPECIFIED. ) ;
#2532 = DIRECTION ( 'NONE',  ( 0.0000000000000000000, 0.9063077870366457200, -0.4226182617407085500 ) ) ;
#2533 = ORIENTED_EDGE ( 'NONE', *, *, #9826, .F. ) ;
#2534 = EDGE_LOOP ( 'NONE', ( #3608, #4465, #7814, #3502 ) ) ;
#2535 = ORIENTED_EDGE ( 'NONE', *, *, #3797, .F. ) ;
#2536 = FACE_OUTER_BOUND ( 'NONE', #4975, .T. ) ;
#2537 = B_SPLINE_CURVE_WITH_KNOTS ( 'NONE', 3,
 ( #1737, #1778, #9440, #4376 ),
 .UNSPECIFIED., .F., .F.,
 ( 4, 4 ),
 ( 0.0000000000000000000, 1.000000000000000000 ),
 .UNSPECIFIED. ) ;
#2538 = ORIENTED_EDGE ( 'NONE', *, *, #1546, .F. ) ;
#2539 = EDGE_CURVE ( 'NONE', #10866, #7042, #4331, .T. ) ;
#2540 = EDGE_CURVE ( 'NONE', #6278, #10231, #6294, .T. ) ;
#2541 = CARTESIAN_POINT ( 'NONE',  ( -49.62238325557869700, -8.277858131759529700, 17.98709218239915600 ) ) ;
#2542 =( NAMED_UNIT ( * ) PLANE_ANGLE_UNIT ( ) SI_UNIT ( $, .RADIAN. ) );
#2543 = CARTESIAN_POINT ( 'NONE',  ( -51.32238325557896300, -10.97556160356520600, 9.044348702606853900 ) ) ;
#2544 = ORIENTED_EDGE ( 'NONE', *, *, #3423, .F. ) ;
#2545 = CARTESIAN_POINT ( 'NONE',  ( -54.32238325557843700, -10.41264693541869400, 3.497451779565487100 ) ) ;
#2546 = VERTEX_POINT ( 'NONE', #4284 ) ;
#2547 = EDGE_CURVE ( 'NONE', #9969, #4308, #6026, .T. ) ;
#2548 = VECTOR ( 'NONE', #1299, 1000.000000000000000 ) ;
#2549 = CARTESIAN_POINT ( 'NONE',  ( -41.92238325557900000, -13.61319434682600100, 6.098664334163199600 ) ) ;
#2550 = VECTOR ( 'NONE', #5566, 1000.000000000000200 ) ;
#2551 = AXIS2_PLACEMENT_3D ( 'NONE', #7767, #3725, #1283 ) ;
#2552 = ORIENTED_EDGE ( 'NONE', *, *, #6814, .T. ) ;
#2553 = CARTESIAN_POINT ( 'NONE',  ( -44.62238325557924400, -5.594505487807441400, 8.569418032718465000 ) ) ;
#2554 = CARTESIAN_POINT ( 'NONE',  ( -40.40687423694200200, -6.796357142760499800, 5.331554563858500000 ) ) ;
#2555 = CARTESIAN_POINT ( 'NONE',  ( -51.32238325557896300, -10.97556160356520600, 9.044348702606853900 ) ) ;
#2556 = ORIENTED_EDGE ( 'NONE', *, *, #1732, .F. ) ;
#2557 = LINE ( 'NONE', #81, #2828 ) ;
#2558 = DIRECTION ( 'NONE',  ( -7.103455424048832200E-015, 0.4226182617407321900, 0.9063077870366347300 ) ) ;
#2559 = DIRECTION ( 'NONE',  ( -0.0000000000000000000, 0.4226182617407087100, 0.9063077870366458300 ) ) ;
#2560 = CIRCLE ( 'NONE', #7423, 1.299999999999770000 ) ;
#2561 = B_SPLINE_CURVE_WITH_KNOTS ( 'NONE', 3,
 ( #6129, #6141, #6030, #6017 ),
 .UNSPECIFIED., .F., .F.,
 ( 4, 4 ),
 ( 0.0000000000000000000, 1.000000000000000000 ),
 .UNSPECIFIED. ) ;
#2563 = CARTESIAN_POINT ( 'NONE',  ( -37.32238325557794700, -21.03942434577557600, 1.175900069779927100 ) ) ;
#2562 = CARTESIAN_POINT ( 'NONE',  ( -35.97238325557899700, -5.018412972575980300, 12.46260439743025800 ) ) ;
#2564 = EDGE_CURVE ( 'NONE', #3350, #3575, #8288, .T. ) ;
#2565 = AXIS2_PLACEMENT_3D ( 'NONE', #2621, #3490, #9427 ) ;
#2566 = FACE_OUTER_BOUND ( 'NONE', #8657, .T. ) ;
#2567 = ORIENTED_EDGE ( 'NONE', *, *, #1425, .F. ) ;
#2568 = LINE ( 'NONE', #8861, #260 ) ;
#2569 = CARTESIAN_POINT ( 'NONE',  ( -51.62238325557900300, -12.76384686860154900, 12.02058214781100000 ) ) ;
#2570 = DIRECTION ( 'NONE',  ( 1.000000000000000000, -0.0000000000000000000, -0.0000000000000000000 ) ) ;
#2571 = SURFACE_STYLE_FILL_AREA ( #8555 ) ;
#2572 = CARTESIAN_POINT ( 'NONE',  ( -33.32238325557899800, -12.76295202690819900, 1.178340361351901000 ) ) ;
#2573 = DIRECTION ( 'NONE',  ( 1.320382972902144400E-013, 0.4226182617408429900, 0.9063077870365828800 ) ) ;
#2574 = CARTESIAN_POINT ( 'NONE',  ( -37.32238325557867100, -5.120407100651442900, -0.1786810276302912300 ) ) ;
#2575 = CARTESIAN_POINT ( 'NONE',  ( -51.32238325557882100, -11.70884666412818500, 10.87058214781311200 ) ) ;
#2576 = ADVANCED_FACE ( 'F225', ( #1512 ), #3496, .T. ) ;
#2577 = CARTESIAN_POINT ( 'NONE',  ( -33.46738325557900100, -4.813726628002200400, 4.643512154698400200 ) ) ;
#2578 = EDGE_CURVE ( 'NONE', #499, #10565, #1296, .T. ) ;
#2579 = EDGE_LOOP ( 'NONE', ( #1317, #5882, #2497, #5209 ) ) ;
#2580 = FACE_OUTER_BOUND ( 'NONE', #8114, .T. ) ;
#2581 = DIRECTION ( 'NONE',  ( 0.0000000000000000000, 0.6427876096867910500, -0.7660444431187667400 ) ) ;
#2582 = CARTESIAN_POINT ( 'NONE',  ( -28.92238325557900300, -15.87767735622339800, 3.182449594941962400 ) ) ;
#2583 = CIRCLE ( 'NONE', #9729, 0.9749999999999200400 ) ;
#2584 = CARTESIAN_POINT ( 'NONE',  ( -51.62238325557900300, -4.331394309826500000, 7.997535044629999300 ) ) ;
#2585 = VERTEX_POINT ( 'NONE', #2739 ) ;
#2586 = ORIENTED_EDGE ( 'NONE', *, *, #5608, .T. ) ;
#2587 = LINE ( 'NONE', #7781, #4608 ) ;
#2588 = LINE ( 'NONE', #8320, #4082 ) ;
#2589 = VECTOR ( 'NONE', #10818, 1000.000000000000200 ) ;
#2590 = CIRCLE ( 'NONE', #6505, 0.9749999999999376900 ) ;
#2591 = STYLED_ITEM ( 'NONE', ( #2419 ), #2082 ) ;
#2592 = DIRECTION ( 'NONE',  ( 0.0000000000000000000, -0.9063077870366609300, 0.4226182617406756300 ) ) ;
#2593 = CARTESIAN_POINT ( 'NONE',  ( -37.32238325557816700, -5.120407100651389600, -0.1786810276303257300 ) ) ;
#2595 = CARTESIAN_POINT ( 'NONE',  ( -54.32238325557899800, -11.29086653402531600, 11.52567481218631900 ) ) ;
#2594 = PLANE ( 'NONE',  #1271 ) ;
#2596 = VERTEX_POINT ( 'NONE', #1081 ) ;
#2597 = VECTOR ( 'NONE', #760, 1000.000000000000000 ) ;
#2598 = EDGE_LOOP ( 'NONE', ( #4440, #4230, #8644, #9486 ) ) ;
#2599 = ORIENTED_EDGE ( 'NONE', *, *, #4737, .T. ) ;
#2600 = DIRECTION ( 'NONE',  ( -1.000000000000000000, -1.298248336395906500E-013, -2.784102541941135400E-013 ) ) ;
#2601 = AXIS2_PLACEMENT_3D ( 'NONE', #6090, #6931, #5287 ) ;
#2602 = ORIENTED_EDGE ( 'NONE', *, *, #11055, .F. ) ;
#2603 = VECTOR ( 'NONE', #8607, 1000.000000000000000 ) ;
#2604 = VECTOR ( 'NONE', #780, 1000.000000000000000 ) ;
#2605 = CARTESIAN_POINT ( 'NONE',  ( -44.82238325557877800, -14.43676940950159200, 10.24141823171909100 ) ) ;
#2606 = EDGE_CURVE ( 'NONE', #513, #10220, #8023, .T. ) ;
#2607 = SURFACE_STYLE_USAGE ( .BOTH. , #7679 ) ;
#2608 = CARTESIAN_POINT ( 'NONE',  ( -33.32238325557899800, -21.01035288894197000, 5.024166543192315300 ) ) ;
#2609 = EDGE_CURVE ( 'NONE', #2224, #1588, #10848, .T. ) ;
#2610 = EDGE_LOOP ( 'NONE', ( #4005, #1891 ) ) ;
#2611 = ORIENTED_EDGE ( 'NONE', *, *, #1830, .F. ) ;
#2612 = FACE_OUTER_BOUND ( 'NONE', #7221, .T. ) ;
#2613 = CARTESIAN_POINT ( 'NONE',  ( -51.06987062899399600, -5.719840425434401100, 9.185503542971051900 ) ) ;
#2614 = PRESENTATION_STYLE_ASSIGNMENT (( #10462 ) ) ;
#2615 = ORIENTED_EDGE ( 'NONE', *, *, #8314, .F. ) ;
#2616 = EDGE_CURVE ( 'NONE', #2139, #8653, #10306, .T. ) ;
#2617 = CARTESIAN_POINT ( 'NONE',  ( -53.12238325557866100, -5.364692154873402800, 8.762254315625979100 ) ) ;
#2618 = CARTESIAN_POINT ( 'NONE',  ( -30.82238325557900200, -18.01171259046499900, 6.910971615879200100 ) ) ;
#2619 = VERTEX_POINT ( 'NONE', #5 ) ;
#2620 = LINE ( 'NONE', #2647, #6866 ) ;
#2621 = CARTESIAN_POINT ( 'NONE',  ( -32.02238325557899400, -5.203648000568500200, 0.4118238009540000100 ) ) ;
#2622 = LINE ( 'NONE', #10745, #7125 ) ;
#2623 = EDGE_LOOP ( 'NONE', ( #4625, #6652, #7474, #5704 ) ) ;
#2624 = APPLICATION_PROTOCOL_DEFINITION ( 'draft international standard', 'automotive_design', 1998, #7690 ) ;
#2625 = DIRECTION ( 'NONE',  ( 0.0000000000000000000, -0.9063077870366265100, 0.4226182617407497900 ) ) ;
#2626 = EDGE_CURVE ( 'NONE', #5219, #10013, #5507, .T. ) ;
#2627 = EDGE_CURVE ( 'NONE', #8202, #4226, #5768, .T. ) ;
#2628 = ORIENTED_EDGE ( 'NONE', *, *, #7496, .T. ) ;
#2629 = ADVANCED_FACE ( 'F284', ( #961 ), #10938, .T. ) ;
#2630 = CARTESIAN_POINT ( 'NONE',  ( -32.02238325557899400, -5.459784462476131100, -1.675493643250779400 ) ) ;
#2631 = VERTEX_POINT ( 'NONE', #10986 ) ;
#2632 = EDGE_CURVE ( 'NONE', #2777, #777, #8951, .T. ) ;
#2633 = DIRECTION ( 'NONE',  ( -0.0000000000000000000, 0.4226182617406882800, 0.9063077870366551500 ) ) ;
#2634 = AXIS2_PLACEMENT_3D ( 'NONE', #6347, #1238, #7183 ) ;
#2635 = ORIENTED_EDGE ( 'NONE', *, *, #5674, .F. ) ;
#2636 = FACE_OUTER_BOUND ( 'NONE', #4736, .T. ) ;
#2638 = CARTESIAN_POINT ( 'NONE',  ( -54.32238325557899800, -5.459840671698000100, 13.88216122491100000 ) ) ;
#2637 =( NAMED_UNIT ( * ) PLANE_ANGLE_UNIT ( ) SI_UNIT ( $, .RADIAN. ) );
#2639 = CARTESIAN_POINT ( 'NONE',  ( -32.02238325557899400, -4.614547938994695300, 0.1371219308225497000 ) ) ;
#2640 = CARTESIAN_POINT ( 'NONE',  ( -32.02238325557899400, -13.86457249797505600, -1.893952837573373200 ) ) ;
#2641 = ORIENTED_EDGE ( 'NONE', *, *, #8523, .T. ) ;
#2642 = EDGE_LOOP ( 'NONE', ( #10474, #6507, #4430, #9660, #9721, #2567, #5945 ) ) ;
#2643 = VERTEX_POINT ( 'NONE', #10691 ) ;
#2644 = EDGE_LOOP ( 'NONE', ( #6577, #9978, #1912, #5681 ) ) ;
#2645 = DIRECTION ( 'NONE',  ( -1.000000000000000000, 0.0000000000000000000, 0.0000000000000000000 ) ) ;
#2646 = DIRECTION ( 'NONE',  ( -0.0000000000000000000, 0.9063077870366624800, -0.4226182617406728000 ) ) ;
#2647 = CARTESIAN_POINT ( 'NONE',  ( -29.52238325557900100, -17.06076816570249800, 4.561667338916950400 ) ) ;
#2648 = AXIS2_PLACEMENT_3D ( 'NONE', #8300, #3228, #9157 ) ;
#2649 = DIRECTION ( 'NONE',  ( 1.329483194096452300E-014, 0.4226182617407498500, 0.9063077870366265100 ) ) ;
#2650 = SURFACE_STYLE_FILL_AREA ( #815 ) ;
#2651 = DIRECTION ( 'NONE',  ( 0.0000000000000000000, 0.6427876096867910500, -0.7660444431187667400 ) ) ;
#2652 = EDGE_LOOP ( 'NONE', ( #6304, #896, #6432, #9941 ) ) ;
#2653 = DIRECTION ( 'NONE',  ( 0.0000000000000000000, -0.9063077870365353600, 0.4226182617409450800 ) ) ;
#2654 = VERTEX_POINT ( 'NONE', #10592 ) ;
#2655 = VERTEX_POINT ( 'NONE', #10571 ) ;
#2656 = CARTESIAN_POINT ( 'NONE',  ( -54.32238325557899800, -13.22434990126400000, 3.738171801415799900 ) ) ;
#2657 = CARTESIAN_POINT ( 'NONE',  ( -54.32238325557899800, -9.137516936461199900, 1.762674078905800000 ) ) ;
#2658 = CARTESIAN_POINT ( 'NONE',  ( -51.32238325557899800, -4.546231614194325300, 7.164561497111065200 ) ) ;
#2659 = ORIENTED_EDGE ( 'NONE', *, *, #3753, .F. ) ;
#2660 = LINE ( 'NONE', #8446, #6898 ) ;
#2661 = CARTESIAN_POINT ( 'NONE',  ( -51.32238325557897000, -10.95884666412898900, 12.12058214781000300 ) ) ;
#2662 = B_SPLINE_CURVE_WITH_KNOTS ( 'NONE', 3,
 ( #10121, #10968, #5851, #737 ),
 .UNSPECIFIED., .F., .F.,
 ( 4, 4 ),
 ( 0.0000000000000000000, 1.000000000000000000 ),
 .UNSPECIFIED. ) ;
#2663 = ORIENTED_EDGE ( 'NONE', *, *, #7023, .F. ) ;
#2664 = AXIS2_PLACEMENT_3D ( 'NONE', #4941, #5043, #5076 ) ;
#2665 = CARTESIAN_POINT ( 'NONE',  ( -37.32238325557829500, -3.218624922819033800, 3.899704014034822500 ) ) ;
#2666 = ADVANCED_FACE ( 'F285', ( #2434 ), #10166, .T. ) ;
#2667 = EDGE_LOOP ( 'NONE', ( #4438, #1252, #4278, #4860 ) ) ;
#2668 = AXIS2_PLACEMENT_3D ( 'NONE', #2153, #8955, #3905 ) ;
#2669 = EDGE_LOOP ( 'NONE', ( #7159, #7466, #1845, #8788 ) ) ;
#2670 = CARTESIAN_POINT ( 'NONE',  ( -51.62238325557900300, -9.236902531914326500, 8.030117430477814000 ) ) ;
#2671 = CARTESIAN_POINT ( 'NONE',  ( -51.32238325557899800, -12.97472872745576900, 12.02058214781100200 ) ) ;
#2672 = CARTESIAN_POINT ( 'NONE',  ( -51.32238325557884200, -11.93595442172962400, 8.189222840758988700 ) ) ;
#2673 = FACE_OUTER_BOUND ( 'NONE', #2208, .T. ) ;
#2674 = VERTEX_POINT ( 'NONE', #10387 ) ;
#2675 = DIRECTION ( 'NONE',  ( 0.0000000000000000000, -0.4226182617407065500, -0.9063077870366467200 ) ) ;
#2676 = EDGE_CURVE ( 'NONE', #8793, #6156, #8151, .T. ) ;
#2677 = CARTESIAN_POINT ( 'NONE',  ( -54.32238325557915500, -12.00118871842609600, 18.00336379014259700 ) ) ;
#2678 = EDGE_CURVE ( 'NONE', #10990, #10014, #7206, .T. ) ;
#2679 = ORIENTED_EDGE ( 'NONE', *, *, #10979, .F. ) ;
#2680 = ORIENTED_EDGE ( 'NONE', *, *, #7660, .F. ) ;
#2681 = ORIENTED_EDGE ( 'NONE', *, *, #7229, .T. ) ;
#2682 = LINE ( 'NONE', #616, #380 ) ;
#2683 = ORIENTED_EDGE ( 'NONE', *, *, #2937, .F. ) ;
#2684 = DIRECTION ( 'NONE',  ( -0.0000000000000000000, 0.4226182617406917800, 0.9063077870366536000 ) ) ;
#2685 = CARTESIAN_POINT ( 'NONE',  ( -37.32238325557835200, -7.444807540225499000, -5.163373856330403000 ) ) ;
#2686 = DIRECTION ( 'NONE',  ( 0.0000000000000000000, 0.7071067811865492400, -0.7071067811865458000 ) ) ;
#2687 = DIRECTION ( 'NONE',  ( -5.920288589536064300E-014, 0.4226182617406329400, 0.9063077870366810200 ) ) ;
#2688 = ADVANCED_FACE ( 'F214', ( #5885 ), #10100, .T. ) ;
#2689 = VERTEX_POINT ( 'NONE', #10154 ) ;
#2690 = DIRECTION ( 'NONE',  ( 1.329483194096452300E-014, 0.4226182617407498500, 0.9063077870366265100 ) ) ;
#2691 = ORIENTED_EDGE ( 'NONE', *, *, #8670, .F. ) ;
#2692 = EDGE_CURVE ( 'NONE', #4103, #8457, #3379, .T. ) ;
#2693 = EDGE_CURVE ( 'NONE', #7297, #5919, #5636, .T. ) ;
#2694 = VECTOR ( 'NONE', #11029, 1000.000000000000100 ) ;
#2695 = DIRECTION ( 'NONE',  ( -1.000000000000000000, -3.408974992128698900E-014, 2.253391977305914800E-014 ) ) ;
#2696 = ORIENTED_EDGE ( 'NONE', *, *, #4707, .F. ) ;
#2697 = EDGE_CURVE ( 'NONE', #247, #4598, #1371, .T. ) ;
#2698 = CIRCLE ( 'NONE', #5726, 7.750000000007136500 ) ;
#2699 = CARTESIAN_POINT ( 'NONE',  ( -31.42238325557900000, -14.80214454774095700, 2.129231450268593800 ) ) ;
#2700 = ORIENTED_EDGE ( 'NONE', *, *, #10027, .F. ) ;
#2701 = PRESENTATION_STYLE_ASSIGNMENT (( #3338 ) ) ;
#2702 = ORIENTED_EDGE ( 'NONE', *, *, #3618, .T. ) ;
#2703 = CYLINDRICAL_SURFACE ( 'NONE', #9363, 0.5249999999999077600 ) ;
#2704 = CARTESIAN_POINT ( 'NONE',  ( -30.82238325557899800, -5.134878821936141000, 8.955090598530398800 ) ) ;
#2705 = CARTESIAN_POINT ( 'NONE',  ( -51.62238325557900300, -10.77596388298491800, 6.149310661910260700 ) ) ;
#2706 = CARTESIAN_POINT ( 'NONE',  ( -29.22238325557900000, -7.652700598178441300, -0.6529200554810811200 ) ) ;
#2707 = ORIENTED_EDGE ( 'NONE', *, *, #530, .T. ) ;
#2708 = LINE ( 'NONE', #2970, #410 ) ;
#2709 = ORIENTED_EDGE ( 'NONE', *, *, #6599, .T. ) ;
#2710 = CYLINDRICAL_SURFACE ( 'NONE', #3005, 6.999999999999811700 ) ;
#2711 = ORIENTED_EDGE ( 'NONE', *, *, #10032, .F. ) ;
#2712 = DIRECTION ( 'NONE',  ( -6.839766848137309200E-014, 1.000000000000000000, 0.0000000000000000000 ) ) ;
#2713 =( LENGTH_UNIT ( ) NAMED_UNIT ( * ) SI_UNIT ( .MILLI., .METRE. ) );
#2714 = CIRCLE ( 'NONE', #4398, 1.299999999999581500 ) ;
#2715 = PRESENTATION_LAYER_ASSIGNMENT (  '', '', ( #2138 ) ) ;
#2716 = ORIENTED_EDGE ( 'NONE', *, *, #7515, .F. ) ;
#2717 = SURFACE_SIDE_STYLE ('',( #2359 ) ) ;
#2718 = ADVANCED_FACE ( 'F112', ( #5361 ), #9702, .T. ) ;
#2719 = LINE ( 'NONE', #3248, #418 ) ;
#2720 = VERTEX_POINT ( 'NONE', #9716 ) ;
#2721 = DIRECTION ( 'NONE',  ( -7.755234363190354400E-014, 1.959217102279668400E-014, 1.000000000000000000 ) ) ;
#2722 = FACE_OUTER_BOUND ( 'NONE', #1650, .T. ) ;
#2723 = CARTESIAN_POINT ( 'NONE',  ( -28.92238325557900700, -7.579847266289111700, -0.6868921220631791800 ) ) ;
#2724 = DIRECTION ( 'NONE',  ( 1.000000000000000000, 0.0000000000000000000, 0.0000000000000000000 ) ) ;
#2725 = LINE ( 'NONE', #2913, #4743 ) ;
#2726 = CARTESIAN_POINT ( 'NONE',  ( -30.82238325557900200, -16.32193562586460800, 11.85666758382078000 ) ) ;
#2727 = PRESENTATION_LAYER_ASSIGNMENT (  '', '', ( #1581 ) ) ;
#2728 = ORIENTED_EDGE ( 'NONE', *, *, #9842, .F. ) ;
#2729 = LINE ( 'NONE', #10395, #5259 ) ;
#2730 = CARTESIAN_POINT ( 'NONE',  ( -51.62238325557900300, -4.561207642762200400, 7.804698761724050200 ) ) ;
#2731 = ORIENTED_EDGE ( 'NONE', *, *, #3465, .F. ) ;
#2732 = VECTOR ( 'NONE', #7587, 1000.000000000000100 ) ;
#2733 = CARTESIAN_POINT ( 'NONE',  ( -50.62238325557900300, -7.902842016890080100, 11.60087991227352500 ) ) ;
#2734 = FACE_OUTER_BOUND ( 'NONE', #3320, .T. ) ;
#2735 = FACE_OUTER_BOUND ( 'NONE', #598, .T. ) ;
#2736 = DIRECTION ( 'NONE',  ( 0.0000000000000000000, -0.9063077870366534900, 0.4226182617406919500 ) ) ;
#2737 = FACE_BOUND ( 'NONE', #8186, .T. ) ;
#2738 = STYLED_ITEM ( 'NONE', ( #5111 ), #8638 ) ;
#2739 = CARTESIAN_POINT ( 'NONE',  ( -31.36347352433402200, -6.150730185941182700, -1.201437363830292200 ) ) ;
#2740 = ORIENTED_EDGE ( 'NONE', *, *, #10065, .T. ) ;
#2741 = VECTOR ( 'NONE', #3081, 1000.000000000000000 ) ;
#2742 = VERTEX_POINT ( 'NONE', #9600 ) ;
#2743 = STYLED_ITEM ( 'NONE', ( #7468 ), #2629 ) ;
#2744 = FACE_OUTER_BOUND ( 'NONE', #6124, .T. ) ;
#2746 = DIRECTION ( 'NONE',  ( 0.0000000000000000000, 0.0000000000000000000, 1.000000000000000000 ) ) ;
#2745 = FILL_AREA_STYLE_COLOUR ( '', #2167 ) ;
#2747 = ORIENTED_EDGE ( 'NONE', *, *, #9598, .T. ) ;
#2748 = CARTESIAN_POINT ( 'NONE',  ( -51.32238325557850800, -12.45884666412898400, 11.32058214781096200 ) ) ;
#2749 = ORIENTED_EDGE ( 'NONE', *, *, #897, .T. ) ;
#2750 = FACE_OUTER_BOUND ( 'NONE', #5522, .T. ) ;
#2751 = VERTEX_POINT ( 'NONE', #9529 ) ;
#2752 = CARTESIAN_POINT ( 'NONE',  ( -42.42238325557900700, -11.67538268246428700, 0.6711984472630875300 ) ) ;
#2753 = CARTESIAN_POINT ( 'NONE',  ( -51.62238325557900300, -9.298171507415913700, 7.898725688502104900 ) ) ;
#2754 = EDGE_CURVE ( 'NONE', #9580, #4484, #7879, .T. ) ;
#2755 = EDGE_CURVE ( 'NONE', #6783, #5737, #3118, .T. ) ;
#2756 = CARTESIAN_POINT ( 'NONE',  ( -40.34738325557900400, -12.98858786205600100, 3.214467437419899800 ) ) ;
#2757 = CARTESIAN_POINT ( 'NONE',  ( -32.62238325557900300, -9.307374991275351000, 11.42829112840349900 ) ) ;
#2758 = VECTOR ( 'NONE', #5038, 1000.000000000000000 ) ;
#2759 = ORIENTED_EDGE ( 'NONE', *, *, #2454, .F. ) ;
#2760 = CARTESIAN_POINT ( 'NONE',  ( -37.32238325557867900, -5.072761602353758700, -0.07650492679983542100 ) ) ;
#2761 = EDGE_CURVE ( 'NONE', #6819, #10656, #810, .T. ) ;
#2762 = ORIENTED_EDGE ( 'NONE', *, *, #8305, .T. ) ;
#2763 = CARTESIAN_POINT ( 'NONE',  ( -32.02238325557899400, -20.62246485219253600, 2.731916272760006600 ) ) ;
#2764 = CARTESIAN_POINT ( 'NONE',  ( -31.42238325557900000, -14.95360256084200000, 3.579079880369800300 ) ) ;
#2765 = ORIENTED_EDGE ( 'NONE', *, *, #9172, .T. ) ;
#2766 = CARTESIAN_POINT ( 'NONE',  ( -37.45982793417246600, -16.33743014017417700, 10.01710335273145500 ) ) ;
#2767 = DIRECTION ( 'NONE',  ( -0.7071067811859103000, -0.7071067811871846200, 0.0000000000000000000 ) ) ;
#2768 = EDGE_CURVE ( 'NONE', #343, #10682, #7340, .T. ) ;
#2769 = VERTEX_POINT ( 'NONE', #9299 ) ;
#2770 = ADVANCED_FACE ( 'F131', ( #546 ), #9250, .T. ) ;
#2771 = PRESENTATION_STYLE_ASSIGNMENT (( #7308 ) ) ;
#2772 = VERTEX_POINT ( 'NONE', #9287 ) ;
#2773 = FILL_AREA_STYLE ('',( #167 ) ) ;
#2774 = EDGE_CURVE ( 'NONE', #3688, #327, #5105, .T. ) ;
#2775 = DIRECTION ( 'NONE',  ( 0.0000000000000000000, -0.9063077870366644800, 0.4226182617406682400 ) ) ;
#2776 = CARTESIAN_POINT ( 'NONE',  ( -33.32238325557899800, -15.48187538801800600, 2.446195146573987100 ) ) ;
#2777 = VERTEX_POINT ( 'NONE', #8994 ) ;
#2779 = DIRECTION ( 'NONE',  ( 0.0000000000000000000, 0.9063077870366467200, -0.4226182617407066000 ) ) ;
#2778 = CARTESIAN_POINT ( 'NONE',  ( -31.42238325557900000, -12.99189959060271000, 1.836789323099690300 ) ) ;
#2780 = ORIENTED_EDGE ( 'NONE', *, *, #9543, .F. ) ;
#2781 = DIRECTION ( 'NONE',  ( 1.320382972902144400E-013, 0.4226182617408429900, 0.9063077870365828800 ) ) ;
#2782 = CARTESIAN_POINT ( 'NONE',  ( -51.34612694228650300, -10.11542824784429900, 6.146112952820800500 ) ) ;
#2783 = LINE ( 'NONE', #8078, #493 ) ;
#2784 = ORIENTED_EDGE ( 'NONE', *, *, #1182, .T. ) ;
#2785 = DIRECTION ( 'NONE',  ( 0.0000000000000000000, 0.9063077870366156300, -0.4226182617407728800 ) ) ;
#2786 =( NAMED_UNIT ( * ) SI_UNIT ( $, .STERADIAN. ) SOLID_ANGLE_UNIT ( ) );
#2787 = EDGE_CURVE ( 'NONE', #9666, #8422, #9198, .T. ) ;
#2788 = CARTESIAN_POINT ( 'NONE',  ( -53.12238325557899500, -13.25920965975699900, 8.040588966464151000 ) ) ;
#2789 = DIRECTION ( 'NONE',  ( -1.212404037481728500E-013, -0.4226182617407725500, -0.9063077870366158500 ) ) ;
#2790 =( NAMED_UNIT ( * ) SI_UNIT ( $, .STERADIAN. ) SOLID_ANGLE_UNIT ( ) );
#2791 = VERTEX_POINT ( 'NONE', #8795 ) ;
#2792 = PLANE ( 'NONE',  #7741 ) ;
#2793 = ORIENTED_EDGE ( 'NONE', *, *, #8440, .F. ) ;
#2794 = FACE_OUTER_BOUND ( 'NONE', #8639, .T. ) ;
#2795 = DIRECTION ( 'NONE',  ( 0.0000000000000000000, 0.4226182617407244800, 0.9063077870366382800 ) ) ;
#2796 = ORIENTED_EDGE ( 'NONE', *, *, #5068, .T. ) ;
#2797 = PLANE ( 'NONE',  #3022 ) ;
#2798 = DIRECTION ( 'NONE',  ( -1.092316201647335900E-013, -1.642279502353791600E-012, 1.000000000000000000 ) ) ;
#2799 = PLANE ( 'NONE',  #9607 ) ;
#2800 = ORIENTED_EDGE ( 'NONE', *, *, #9351, .F. ) ;
#2801 = ORIENTED_EDGE ( 'NONE', *, *, #8507, .F. ) ;
#2802 = AXIS2_PLACEMENT_3D ( 'NONE', #633, #7148, #1209 ) ;
#2803 = DIRECTION ( 'NONE',  ( -0.7071067811871847300, 0.7071067811859104200, 0.0000000000000000000 ) ) ;
#2804 = ORIENTED_EDGE ( 'NONE', *, *, #148, .T. ) ;
#2805 = ADVANCED_FACE ( 'F303', ( #4855 ), #11092, .T. ) ;
#2806 = EDGE_LOOP ( 'NONE', ( #6868, #5089, #8191, #2250, #8913, #5123 ) ) ;
#2807 = CARTESIAN_POINT ( 'NONE',  ( -43.02238325557900100, -14.31050808127498200, 25.07091389914004200 ) ) ;
#2808 = AXIS2_PLACEMENT_3D ( 'NONE', #8908, #407, #6350 ) ;
#2809 = CARTESIAN_POINT ( 'NONE',  ( -32.62238325557900300, -2.023912074292058000, 4.314150504468235800 ) ) ;
#2810 = CARTESIAN_POINT ( 'NONE',  ( -37.32238325557911200, -7.444807540227122500, -5.163373856329759100 ) ) ;
#2811 = CARTESIAN_POINT ( 'NONE',  ( -33.92238325557900000, -16.88127741904149900, 5.360671764350899900 ) ) ;
#2812 = ORIENTED_EDGE ( 'NONE', *, *, #9900, .T. ) ;
#2813 = DIRECTION ( 'NONE',  ( 0.0000000000000000000, 0.9063077870366906800, -0.4226182617406121800 ) ) ;
#2814 = ORIENTED_EDGE ( 'NONE', *, *, #1188, .F. ) ;
#2815 = LINE ( 'NONE', #1848, #7053 ) ;
#2817 = CARTESIAN_POINT ( 'NONE',  ( -52.82238325557901200, -16.48678847635499900, 13.64124998986599900 ) ) ;
#2816 = CARTESIAN_POINT ( 'NONE',  ( -49.62238325557898100, -12.71488887246531100, 16.82070711199122900 ) ) ;
#2818 = VECTOR ( 'NONE', #6634, 1000.000000000000000 ) ;
#2819 = ORIENTED_EDGE ( 'NONE', *, *, #9376, .F. ) ;
#2820 = EDGE_CURVE ( 'NONE', #3705, #10871, #4591, .T. ) ;
#2821 = CARTESIAN_POINT ( 'NONE',  ( -33.32238325557899800, -12.76295202690819900, 1.178340361351901000 ) ) ;
#2822 = EDGE_CURVE ( 'NONE', #2957, #9809, #7072, .T. ) ;
#2823 = ADVANCED_FACE ( 'F73', ( #2304 ), #8586, .T. ) ;
#2824 = CARTESIAN_POINT ( 'NONE',  ( -51.06987062899499800, -12.26135929071399900, 11.42058214781100000 ) ) ;
#2825 = UNCERTAINTY_MEASURE_WITH_UNIT (LENGTH_MEASURE( 1.000000000000000100E-005 ), #8553, 'distance_accuracy_value', 'NONE');
#2826 = CARTESIAN_POINT ( 'NONE',  ( -53.12238325557899500, -8.913828252732603400, 8.486332299708299900 ) ) ;
#2827 = EDGE_LOOP ( 'NONE', ( #3359, #1417, #4800 ) ) ;
#2828 = VECTOR ( 'NONE', #965, 1000.000000000000000 ) ;
#2829 = ORIENTED_EDGE ( 'NONE', *, *, #4143, .T. ) ;
#2830 = CARTESIAN_POINT ( 'NONE',  ( -44.62238325557929400, -5.134878821936125900, 8.955090598530242500 ) ) ;
#2831 = ADVANCED_FACE ( 'F85', ( #1504 ), #2703, .F. ) ;
#2832 = LINE ( 'NONE', #6508, #5098 ) ;
#2833 = DIRECTION ( 'NONE',  ( 0.0000000000000000000, -0.9063077870366418300, 0.4226182617407169800 ) ) ;
#2834 = FILL_AREA_STYLE_COLOUR ( '', #6927 ) ;
#2835 = FACE_OUTER_BOUND ( 'NONE', #4884, .T. ) ;
#2836 = EDGE_CURVE ( 'NONE', #6975, #5728, #4126, .T. ) ;
#2837 = EDGE_LOOP ( 'NONE', ( #7049, #4350, #4936, #5235 ) ) ;
#2838 = VECTOR ( 'NONE', #7182, 1000.000000000000000 ) ;
#2839 = EDGE_CURVE ( 'NONE', #1277, #8234, #3387, .T. ) ;
#2840 = ORIENTED_EDGE ( 'NONE', *, *, #2692, .T. ) ;
#2841 = DIRECTION ( 'NONE',  ( -0.0000000000000000000, 0.9063077870366504900, -0.4226182617406983300 ) ) ;
#2842 = DIRECTION ( 'NONE',  ( 1.000000000000000000, -2.918290966787332300E-014, 1.088501248464561100E-013 ) ) ;
#2843 = VECTOR ( 'NONE', #9354, 1000.000000000000100 ) ;
#2844 = CARTESIAN_POINT ( 'NONE',  ( -38.22238325557900400, -5.584830148717668600, 9.491321708714860300 ) ) ;
#2845 = EDGE_CURVE ( 'NONE', #10775, #1853, #9489, .T. ) ;
#2846 = AXIS2_PLACEMENT_3D ( 'NONE', #7819, #2746, #8682 ) ;
#2847 =( NAMED_UNIT ( * ) SI_UNIT ( $, .STERADIAN. ) SOLID_ANGLE_UNIT ( ) );
#2848 = AXIS2_PLACEMENT_3D ( 'NONE', #5771, #1535, #7454 ) ;
#2849 = COLOUR_RGB ( '',1.000000000000000000, 0.3294117647058823500, 0.0000000000000000000 ) ;
#2850 = ORIENTED_EDGE ( 'NONE', *, *, #5830, .T. ) ;
#2851 = CARTESIAN_POINT ( 'NONE',  ( -49.62238325557817100, -8.536769409500458000, 10.24141823171831700 ) ) ;
#2852 = LINE ( 'NONE', #11009, #9357 ) ;
#2853 = DIRECTION ( 'NONE',  ( -0.9659258262892230800, 0.2345697160093529200, -0.1093816549462160600 ) ) ;
#2854 = COLOUR_RGB ( '',1.000000000000000000, 0.0000000000000000000, 0.0000000000000000000 ) ;
#2855 = VECTOR ( 'NONE', #5290, 999.9999999999998900 ) ;
#2856 = CARTESIAN_POINT ( 'NONE',  ( -33.92238325557900000, -10.09361776411460100, 4.181614340441199400 ) ) ;
#2857 = CARTESIAN_POINT ( 'NONE',  ( -37.32238325557827400, -19.55641217238745400, 6.663276482380877200 ) ) ;
#2858 = DIRECTION ( 'NONE',  ( -0.0000000000000000000, -0.0000000000000000000, -1.000000000000000000 ) ) ;
#2860 = CARTESIAN_POINT ( 'NONE',  ( -32.02238325557899400, -12.00095640334300000, 3.581460764009300100 ) ) ;
#2859 = CARTESIAN_POINT ( 'NONE',  ( -53.12238325557899500, -4.546231615168900400, 7.164561496293299700 ) ) ;
#2861 = ORIENTED_EDGE ( 'NONE', *, *, #4196, .T. ) ;
#2862 = ORIENTED_EDGE ( 'NONE', *, *, #6515, .T. ) ;
#2863 = VECTOR ( 'NONE', #2675, 999.9999999999998900 ) ;
#2864 = LINE ( 'NONE', #910, #4872 ) ;
#2865 = LINE ( 'NONE', #4871, #7095 ) ;
#2866 = DIRECTION ( 'NONE',  ( -1.000000000000000000, -0.0000000000000000000, -0.0000000000000000000 ) ) ;
#2867 = ADVANCED_FACE ( 'F283', ( #403 ), #7977, .T. ) ;
#2868 = CARTESIAN_POINT ( 'NONE',  ( -30.12238325557900600, -16.78863180043445900, 3.607234628507995500 ) ) ;
#2869 = CARTESIAN_POINT ( 'NONE',  ( -42.42238325557900700, -13.63921224048176300, 2.138636168958987700 ) ) ;
#2870 = VERTEX_POINT ( 'NONE', #7388 ) ;
#2871 = LINE ( 'NONE', #1605, #5134 ) ;
#2872 =( NAMED_UNIT ( * ) PLANE_ANGLE_UNIT ( ) SI_UNIT ( $, .RADIAN. ) );
#2873 = DIRECTION ( 'NONE',  ( -0.9659258262889332000, -0.2345697160102474300, 0.1093816549468584300 ) ) ;
#2874 = EDGE_LOOP ( 'NONE', ( #8059, #2861, #4132, #4965 ) ) ;
#2875 = ORIENTED_EDGE ( 'NONE', *, *, #2626, .F. ) ;
#2876 = LINE ( 'NONE', #10298, #846 ) ;
#2877 = PLANE ( 'NONE',  #10297 ) ;
#2878 = LINE ( 'NONE', #860, #849 ) ;
#2879 = AXIS2_PLACEMENT_3D ( 'NONE', #4076, #4010, #4306 ) ;
#2880 = PLANE ( 'NONE',  #5437 ) ;
#2881 = DIRECTION ( 'NONE',  ( -6.040919398697628100E-013, 0.0000000000000000000, -1.000000000000000000 ) ) ;
#2882 = DIRECTION ( 'NONE',  ( 1.000000000000000000, 0.0000000000000000000, 0.0000000000000000000 ) ) ;
#2883 = ADVANCED_FACE ( 'F237', ( #1899 ), #7047, .T. ) ;
#2884 = CARTESIAN_POINT ( 'NONE',  ( -32.62238325557900300, -17.00213719371997800, 10.60290582197049000 ) ) ;
#2885 = ORIENTED_EDGE ( 'NONE', *, *, #10403, .T. ) ;
#2886 = LINE ( 'NONE', #1034, #5145 ) ;
#2887 = VERTEX_POINT ( 'NONE', #7113 ) ;
#2888 = AXIS2_PLACEMENT_3D ( 'NONE', #9454, #1838, #7762 ) ;
#2889 =( LENGTH_UNIT ( ) NAMED_UNIT ( * ) SI_UNIT ( .MILLI., .METRE. ) );
#2890 = FACE_OUTER_BOUND ( 'NONE', #735, .T. ) ;
#2891 = EDGE_CURVE ( 'NONE', #10565, #8559, #4188, .T. ) ;
#2892 = CARTESIAN_POINT ( 'NONE',  ( -32.62238325557899500, -6.687244424274076900, 9.871693586019969000 ) ) ;
#2893 = DIRECTION ( 'NONE',  ( -6.839766848137309200E-014, 1.000000000000000000, 0.0000000000000000000 ) ) ;
#2894 = B_SPLINE_CURVE_WITH_KNOTS ( 'NONE', 3,
 ( #3640, #2763, #422, #6406 ),
 .UNSPECIFIED., .F., .F.,
 ( 4, 4 ),
 ( 0.0000000000000000000, 1.000000000000000000 ),
 .UNSPECIFIED. ) ;
#2895 = EDGE_CURVE ( 'NONE', #2596, #5039, #10485, .T. ) ;
#2896 = DIRECTION ( 'NONE',  ( 0.0000000000000000000, 0.9063077870366681400, -0.4226182617406604700 ) ) ;
#2897 = DIRECTION ( 'NONE',  ( 1.000000000000000000, -7.807046758806955900E-013, -6.830280870083328900E-014 ) ) ;
#2898 = VECTOR ( 'NONE', #5177, 1000.000000000000000 ) ;
#2899 = VECTOR ( 'NONE', #3039, 1000.000000000000000 ) ;
#2900 = ORIENTED_EDGE ( 'NONE', *, *, #4572, .F. ) ;
#2901 = DIRECTION ( 'NONE',  ( -1.000000000000000000, 0.0000000000000000000, -0.0000000000000000000 ) ) ;
#2902 = PRESENTATION_LAYER_ASSIGNMENT (  '', '', ( #1741 ) ) ;
#2904 = CARTESIAN_POINT ( 'NONE',  ( -51.32238325557926100, -10.61858005650534100, 7.688018843611749800 ) ) ;
#2903 = DIRECTION ( 'NONE',  ( 0.0000000000000000000, 0.6427876096867910500, -0.7660444431187667400 ) ) ;
#2905 = VERTEX_POINT ( 'NONE', #6727 ) ;
#2906 = AXIS2_PLACEMENT_3D ( 'NONE', #5921, #803, #6774 ) ;
#2907 = SURFACE_STYLE_USAGE ( .BOTH. , #2915 ) ;
#2908 = ORIENTED_EDGE ( 'NONE', *, *, #8525, .F. ) ;
#2909 = ORIENTED_EDGE ( 'NONE', *, *, #5107, .T. ) ;
#2910 = DIRECTION ( 'NONE',  ( -0.0000000000000000000, 0.4226182617404418100, 0.9063077870367700600 ) ) ;
#2911 = EDGE_CURVE ( 'NONE', #502, #8156, #10700, .T. ) ;
#2912 = VECTOR ( 'NONE', #2411, 1000.000000000000200 ) ;
#2913 = CARTESIAN_POINT ( 'NONE',  ( -38.17238325557900700, -13.61319434682598800, 6.098664334163229800 ) ) ;
#2914 = EDGE_CURVE ( 'NONE', #10112, #5381, #1621, .T. ) ;
#2915 = SURFACE_SIDE_STYLE ('',( #3234 ) ) ;
#2916 = CARTESIAN_POINT ( 'NONE',  ( -51.32238325557899800, -9.029211997070328600, 8.238891061461815800 ) ) ;
#2917 = ORIENTED_EDGE ( 'NONE', *, *, #8451, .T. ) ;
#2918 = ORIENTED_EDGE ( 'NONE', *, *, #8223, .T. ) ;
#2919 = DIRECTION ( 'NONE',  ( -0.05286618295642802500, -0.4220272747285695500, -0.9050404112992933600 ) ) ;
#2920 = ORIENTED_EDGE ( 'NONE', *, *, #8902, .F. ) ;
#2921 = EDGE_CURVE ( 'NONE', #3484, #10800, #6144, .T. ) ;
#2922 = VERTEX_POINT ( 'NONE', #6751 ) ;
#2923 = AXIS2_PLACEMENT_3D ( 'NONE', #9159, #4479, #4371 ) ;
#2924 = CARTESIAN_POINT ( 'NONE',  ( -51.62238325557900300, -6.168176666978600200, 9.719809869521549600 ) ) ;
#2925 = CARTESIAN_POINT ( 'NONE',  ( -53.12238325557866100, -7.339698907860858800, 6.952494058966770800 ) ) ;
#2926 = LINE ( 'NONE', #9669, #7149 ) ;
#2927 = CARTESIAN_POINT ( 'NONE',  ( -51.32238325557909100, -11.57727786147272700, 9.871532724182030100 ) ) ;
#2928 = ORIENTED_EDGE ( 'NONE', *, *, #10096, .T. ) ;
#2929 = FILL_AREA_STYLE ('',( #3422 ) ) ;
#2930 = DIRECTION ( 'NONE',  ( -0.0000000000000000000, 0.7660444431189239500, 0.6427876096866037600 ) ) ;
#2931 = ADVANCED_FACE ( 'F292', ( #5874 ), #6481, .T. ) ;
#2932 = ORIENTED_EDGE ( 'NONE', *, *, #3124, .T. ) ;
#2933 = ORIENTED_EDGE ( 'NONE', *, *, #4701, .T. ) ;
#2934 = DIRECTION ( 'NONE',  ( 0.0000000000000000000, 0.6427876096860255500, -0.7660444431194092200 ) ) ;
#2935 = ORIENTED_EDGE ( 'NONE', *, *, #4616, .F. ) ;
#2936 = CARTESIAN_POINT ( 'NONE',  ( -41.92238325557900000, -9.123429179502013000, 2.239647782982489700 ) ) ;
#2937 = EDGE_CURVE ( 'NONE', #6363, #4286, #2832, .T. ) ;
#2938 = DIRECTION ( 'NONE',  ( 0.0000000000000000000, 1.000000000000000000, 0.0000000000000000000 ) ) ;
#2939 = AXIS2_PLACEMENT_3D ( 'NONE', #6552, #1458, #7385 ) ;
#2940 = VECTOR ( 'NONE', #4256, 1000.000000000000100 ) ;
#2941 = CARTESIAN_POINT ( 'NONE',  ( -32.62238325557900300, -6.815272672446055500, 11.09373799818488100 ) ) ;
#2942 = ORIENTED_EDGE ( 'NONE', *, *, #10899, .T. ) ;
#2944 = DIRECTION ( 'NONE',  ( -0.0000000000000000000, 0.7660444431190056600, 0.6427876096865062800 ) ) ;
#2943 = CARTESIAN_POINT ( 'NONE',  ( -51.32238325557899100, -12.97472872840986500, 11.42058214876516200 ) ) ;
#2945 = CARTESIAN_POINT ( 'NONE',  ( -30.12238325557900300, -6.880317406586300400, 1.193667585174299900 ) ) ;
#2946 = CLOSED_SHELL ( 'NONE', ( #2448, #10052, #10169, #10519, #10746, #6254, #6313, #4725, #8089, #643, #4983, #9152, #213, #11003, #5176, #4551, #7291, #7189, #8990, #7941, #1968, #3143, #8143, #1177, #3429, #9736, #3309, #7714, #5198, #6887, #7882, #4940, #2463, #1229, #11057, #9636, #1609, #4216, #4993, #3094, #7773, #2132, #7133 ) ) ;
#2947 = CARTESIAN_POINT ( 'NONE',  ( -42.62611206065500400, -6.227617758401801300, 10.25736615183100000 ) ) ;
#2948 = ORIENTED_EDGE ( 'NONE', *, *, #1849, .F. ) ;
#2949 = LINE ( 'NONE', #1344, #9452 ) ;
#2950 = DIRECTION ( 'NONE',  ( 0.0000000000000000000, -0.9063077870366566000, 0.4226182617406853400 ) ) ;
#2951 = ORIENTED_EDGE ( 'NONE', *, *, #9692, .F. ) ;
#2952 = CARTESIAN_POINT ( 'NONE',  ( -51.32238325557899800, -4.518674214374399900, 8.220726543695601400 ) ) ;
#2953 = CARTESIAN_POINT ( 'NONE',  ( -36.81344626328424100, -21.82784073155732300, 1.543544668285153000 ) ) ;
#2954 = ORIENTED_EDGE ( 'NONE', *, *, #9164, .F. ) ;
#2955 = PLANE ( 'NONE',  #347 ) ;
#2956 = AXIS2_PLACEMENT_3D ( 'NONE', #9069, #4020, #9948 ) ;
#2957 = VERTEX_POINT ( 'NONE', #6196 ) ;
#2958 = ORIENTED_EDGE ( 'NONE', *, *, #4461, .T. ) ;
#2959 = FACE_OUTER_BOUND ( 'NONE', #3911, .T. ) ;
#2960 = VERTEX_POINT ( 'NONE', #6166 ) ;
#2961 = SURFACE_SIDE_STYLE ('',( #1109 ) ) ;
#2962 = DIRECTION ( 'NONE',  ( 0.0000000000000000000, 0.9063077870366635900, -0.4226182617406702400 ) ) ;
#2963 = CARTESIAN_POINT ( 'NONE',  ( -51.32238325557899100, -12.66948819000947200, 8.941826220532544100 ) ) ;
#2964 = AXIS2_PLACEMENT_3D ( 'NONE', #5485, #4654, #4618 ) ;
#2965 = PLANE ( 'NONE',  #8517 ) ;
#2966 = ORIENTED_EDGE ( 'NONE', *, *, #9692, .T. ) ;
#2967 = ORIENTED_EDGE ( 'NONE', *, *, #2754, .T. ) ;
#2968 = VECTOR ( 'NONE', #3219, 1000.000000000000000 ) ;
#2969 = LINE ( 'NONE', #11066, #5221 ) ;
#2970 = CARTESIAN_POINT ( 'NONE',  ( -53.12238325557899500, -11.70884666412930000, 12.12058214781050000 ) ) ;
#2971 = DIRECTION ( 'NONE',  ( -0.0000000000000000000, 0.9063077870366305100, -0.4226182617407410200 ) ) ;
#2972 = DIRECTION ( 'NONE',  ( 0.0000000000000000000, -0.4226182617406841200, -0.9063077870366570400 ) ) ;
#2973 =( NAMED_UNIT ( * ) SI_UNIT ( $, .STERADIAN. ) SOLID_ANGLE_UNIT ( ) );
#2974 = LINE ( 'NONE', #221, #7456 ) ;
#2975 = ORIENTED_EDGE ( 'NONE', *, *, #2105, .F. ) ;
#2976 = CARTESIAN_POINT ( 'NONE',  ( -41.42238325557900000, -5.144554161027899800, 8.033186922536401700 ) ) ;
#2977 = VECTOR ( 'NONE', #9088, 1000.000000000000000 ) ;
#2978 = EDGE_CURVE ( 'NONE', #8617, #7668, #9342, .T. ) ;
#2979 = EDGE_CURVE ( 'NONE', #10109, #2487, #2561, .T. ) ;
#2980 = VECTOR ( 'NONE', #3394, 1000.000000000000100 ) ;
#2981 = CARTESIAN_POINT ( 'NONE',  ( -51.32238325557875000, -6.561795929304273600, 7.327743763498089500 ) ) ;
#2982 = ADVANCED_FACE ( 'F254', ( #254 ), #5946, .T. ) ;
#2983 =( LENGTH_UNIT ( ) NAMED_UNIT ( * ) SI_UNIT ( .MILLI., .METRE. ) );
#2984 = EDGE_CURVE ( 'NONE', #9168, #1366, #9070, .T. ) ;
#2985 = LINE ( 'NONE', #4765, #125 ) ;
#2986 = VERTEX_POINT ( 'NONE', #5825 ) ;
#2987 = SURFACE_STYLE_FILL_AREA ( #10412 ) ;
#2988 = AXIS2_PLACEMENT_3D ( 'NONE', #5362, #9050, #3998 ) ;
#2989 = FILL_AREA_STYLE ('',( #2486 ) ) ;
#2990 =( LENGTH_UNIT ( ) NAMED_UNIT ( * ) SI_UNIT ( .MILLI., .METRE. ) );
#2991 = FACE_OUTER_BOUND ( 'NONE', #6200, .T. ) ;
#2992 = CARTESIAN_POINT ( 'NONE',  ( -40.42238325557900000, -9.893790798483285800, 2.598873305462016800 ) ) ;
#2993 = CARTESIAN_POINT ( 'NONE',  ( -49.62238325557837700, -8.536769409482920100, 10.24141823170077200 ) ) ;
#2994 = EDGE_CURVE ( 'NONE', #7972, #4997, #4578, .T. ) ;
#2995 = DIRECTION ( 'NONE',  ( 3.426078865058958500E-013, 0.0000000000000000000, 1.000000000000000000 ) ) ;
#2996 = ORIENTED_EDGE ( 'NONE', *, *, #9040, .T. ) ;
#2997 = PLANE ( 'NONE',  #10003 ) ;
#2998 = VECTOR ( 'NONE', #638, 1000.000000000000000 ) ;
#2999 = EDGE_LOOP ( 'NONE', ( #7743, #2106, #9058, #4356 ) ) ;
#3000 = CIRCLE ( 'NONE', #5697, 0.8499999999997294200 ) ;
#3001 = CARTESIAN_POINT ( 'NONE',  ( -29.52238325557900100, -16.53249533852697800, 5.694552072712844500 ) ) ;
#3002 = CARTESIAN_POINT ( 'NONE',  ( -32.62238325557899500, -4.521016523252851200, 8.223517998716451100 ) ) ;
#3003 = FACE_OUTER_BOUND ( 'NONE', #7301, .T. ) ;
#3004 = EDGE_CURVE ( 'NONE', #7510, #7646, #538, .T. ) ;
#3005 = AXIS2_PLACEMENT_3D ( 'NONE', #977, #5236, #6080 ) ;
#3006 = CARTESIAN_POINT ( 'NONE',  ( -40.42238325557900000, -8.943816418262251500, 2.624828592473100300 ) ) ;
#3007 = DIRECTION ( 'NONE',  ( -0.0000000000000000000, 0.7660444431190071000, 0.6427876096865046100 ) ) ;
#3008 = DIRECTION ( 'NONE',  ( 0.0000000000000000000, 0.9063077870366502700, -0.4226182617406987200 ) ) ;
#3009 = VERTEX_POINT ( 'NONE', #5582 ) ;
#3010 = FACE_OUTER_BOUND ( 'NONE', #5164, .T. ) ;
#3011 = EDGE_LOOP ( 'NONE', ( #6640, #6885, #9049, #4769, #8090, #9208, #6072, #8511, #9653 ) ) ;
#3012 = B_SPLINE_CURVE_WITH_KNOTS ( 'NONE', 3,
 ( #3505, #3870, #4083, #4190, #4228, #4296, #4411, #4443, #4512, #4543 ),
 .UNSPECIFIED., .F., .F.,
 ( 4, 2, 2, 2, 4 ),
 ( 0.2500000000000000000, 0.3750000000000000000, 0.5000000000000000000, 0.6250000000000000000, 0.7500000000000000000 ),
 .UNSPECIFIED. ) ;
#3013 = ORIENTED_EDGE ( 'NONE', *, *, #4427, .T. ) ;
#3014 = FACE_BOUND ( 'NONE', #3172, .T. ) ;
#3015 = CARTESIAN_POINT ( 'NONE',  ( -33.92238325557900000, -12.55164289603789600, 1.631494254870430500 ) ) ;
#3016 = VECTOR ( 'NONE', #2781, 1000.000000000000200 ) ;
#3018 = CARTESIAN_POINT ( 'NONE',  ( -51.32238325557886300, -5.232196052067246600, 9.615712087012205700 ) ) ;
#3017 = DIRECTION ( 'NONE',  ( 0.0000000000000000000, 0.4226182617407099300, 0.9063077870366450500 ) ) ;
#3019 = EDGE_CURVE ( 'NONE', #2323, #4692, #2560, .T. ) ;
#3020 = CARTESIAN_POINT ( 'NONE',  ( -54.32238325557866400, -8.536769409500779600, 10.24141823171816800 ) ) ;
#3021 = ORIENTED_EDGE ( 'NONE', *, *, #1979, .F. ) ;
#3022 = AXIS2_PLACEMENT_3D ( 'NONE', #7017, #191, #3676 ) ;
#3023 = CARTESIAN_POINT ( 'NONE',  ( -37.46310042652000000, -15.83896085730343600, 9.784663308773984300 ) ) ;
#3024 = COLOUR_RGB ( '',1.000000000000000000, 0.6588235294117647000, 0.0000000000000000000 ) ;
#3025 = EDGE_LOOP ( 'NONE', ( #885, #5612, #3149, #3078 ) ) ;
#3026 = CARTESIAN_POINT ( 'NONE',  ( -51.32238325557874200, -6.506278602317591400, 7.179112635227494500 ) ) ;
#3027 = CIRCLE ( 'NONE', #5242, 1.199999999999910700 ) ;
#3028 = CARTESIAN_POINT ( 'NONE',  ( -28.92238325557900300, -17.98461980886499800, 4.992466435122800300 ) ) ;
#3029 = CARTESIAN_POINT ( 'NONE',  ( -33.92238325557900000, -16.01490998247299700, 7.218602727776006300 ) ) ;
#3030 = ORIENTED_EDGE ( 'NONE', *, *, #4542, .F. ) ;
#3031 = ORIENTED_EDGE ( 'NONE', *, *, #1618, .F. ) ;
#3032 = LINE ( 'NONE', #3294, #7511 ) ;
#3033 = ORIENTED_EDGE ( 'NONE', *, *, #3252, .F. ) ;
#3034 = AXIS2_PLACEMENT_3D ( 'NONE', #3488, #3373, #3764 ) ;
#3035 = DIRECTION ( 'NONE',  ( 1.129040364025541300E-013, -1.000000000000000000, 0.0000000000000000000 ) ) ;
#3036 = DIRECTION ( 'NONE',  ( 1.000000000000000000, 1.124744024573817900E-013, 9.840235151880140300E-015 ) ) ;
#3037 = AXIS2_PLACEMENT_3D ( 'NONE', #10197, #823, #6788 ) ;
#3038 = FACE_OUTER_BOUND ( 'NONE', #7090, .T. ) ;
#3039 = DIRECTION ( 'NONE',  ( -1.000000000000000000, 0.0000000000000000000, 0.0000000000000000000 ) ) ;
#3040 = ADVANCED_FACE ( 'F138', ( #8802 ), #5562, .T. ) ;
#3041 = ORIENTED_EDGE ( 'NONE', *, *, #9598, .F. ) ;
#3042 = DIRECTION ( 'NONE',  ( -0.0000000000000000000, 0.6427876096865395800, -0.7660444431189777900 ) ) ;
#3043 = ORIENTED_EDGE ( 'NONE', *, *, #4929, .T. ) ;
#3044 = CARTESIAN_POINT ( 'NONE',  ( -43.02238325557900100, -4.668717382076417600, 4.575893232819912400 ) ) ;
#3045 = EDGE_CURVE ( 'NONE', #7485, #937, #11083, .T. ) ;
#3046 = EDGE_CURVE ( 'NONE', #2502, #6819, #4312, .T. ) ;
#3047 = ORIENTED_EDGE ( 'NONE', *, *, #6713, .T. ) ;
#3048 = DIRECTION ( 'NONE',  ( -0.0000000000000000000, -0.4226182617407228100, -0.9063077870366391700 ) ) ;
#3049 = CARTESIAN_POINT ( 'NONE',  ( -37.32238325557828800, -19.68930477726502600, 6.614907529851443300 ) ) ;
#3050 = SURFACE_SIDE_STYLE ('',( #6112 ) ) ;
#3051 = ORIENTED_EDGE ( 'NONE', *, *, #8807, .T. ) ;
#3053 = CARTESIAN_POINT ( 'NONE',  ( -40.42238325557900000, -10.34694469202673200, 2.810182436344109000 ) ) ;
#3052 = DIRECTION ( 'NONE',  ( -1.000000000000000000, -0.0000000000000000000, -0.0000000000000000000 ) ) ;
#3054 = ORIENTED_EDGE ( 'NONE', *, *, #4637, .F. ) ;
#3055 = FACE_OUTER_BOUND ( 'NONE', #4120, .T. ) ;
#3056 = DIRECTION ( 'NONE',  ( -0.0000000000000000000, 0.9063077870366539300, -0.4226182617406908400 ) ) ;
#3057 = ORIENTED_EDGE ( 'NONE', *, *, #3349, .F. ) ;
#3058 = CARTESIAN_POINT ( 'NONE',  ( -47.57238325557905500, -5.540365084889873300, 9.593902691839574000 ) ) ;
#3059 = ORIENTED_EDGE ( 'NONE', *, *, #1251, .F. ) ;
#3060 = DIRECTION ( 'NONE',  ( -1.000000000000000000, -0.0000000000000000000, -0.0000000000000000000 ) ) ;
#3061 = EDGE_CURVE ( 'NONE', #5936, #7546, #4555, .T. ) ;
#3062 = DIRECTION ( 'NONE',  ( 1.000000000000000000, 2.874238418593461300E-013, -3.425383961318446200E-013 ) ) ;
#3063 = EDGE_CURVE ( 'NONE', #10499, #6161, #8534, .T. ) ;
#3064 = ORIENTED_EDGE ( 'NONE', *, *, #1030, .F. ) ;
#3065 = CARTESIAN_POINT ( 'NONE',  ( -43.02238325557900100, -8.885488883370742400, 14.81754046878202000 ) ) ;
#3066 = VECTOR ( 'NONE', #2962, 999.9999999999998900 ) ;
#3067 = DIRECTION ( 'NONE',  ( 1.129040364025541300E-013, -1.000000000000000000, 0.0000000000000000000 ) ) ;
#3068 = ORIENTED_EDGE ( 'NONE', *, *, #4298, .T. ) ;
#3069 = EDGE_CURVE ( 'NONE', #1969, #10526, #7650, .T. ) ;
#3070 = PRESENTATION_LAYER_ASSIGNMENT (  '', '', ( #10410 ) ) ;
#3071 = AXIS2_PLACEMENT_3D ( 'NONE', #7202, #652, #291 ) ;
#3072 = DIRECTION ( 'NONE',  ( 0.0000000000000000000, -0.4226182617406951100, -0.9063077870366519400 ) ) ;
#3073 = CARTESIAN_POINT ( 'NONE',  ( -41.92238325557900000, -13.38283174941690000, 3.398306381277052400 ) ) ;
#3074 = CARTESIAN_POINT ( 'NONE',  ( -51.32238325557899800, -6.408207942020403000, 9.539150855829372900 ) ) ;
#3075 = EDGE_LOOP ( 'NONE', ( #9278, #9594 ) ) ;
#3076 = VERTEX_POINT ( 'NONE', #4685 ) ;
#3077 = CARTESIAN_POINT ( 'NONE',  ( -32.62238325557899500, -4.042145142715526200, 7.652821310570590900 ) ) ;
#3078 = ORIENTED_EDGE ( 'NONE', *, *, #9597, .F. ) ;
#3079 = CARTESIAN_POINT ( 'NONE',  ( -37.32238325557828100, -17.78911198766701000, 5.839170871986409500 ) ) ;
#3080 = CARTESIAN_POINT ( 'NONE',  ( -31.72238325557899700, -18.87111813800700600, 6.785069793646400200 ) ) ;
#3081 = DIRECTION ( 'NONE',  ( 1.000000000000000000, 0.0000000000000000000, 0.0000000000000000000 ) ) ;
#3082 = MECHANICAL_DESIGN_GEOMETRIC_PRESENTATION_REPRESENTATION (  '', ( #1356 ), #3663 ) ;
#3083 = ORIENTED_EDGE ( 'NONE', *, *, #217, .F. ) ;
#3084 = VERTEX_POINT ( 'NONE', #5062 ) ;
#3085 = ORIENTED_EDGE ( 'NONE', *, *, #2787, .T. ) ;
#3086 = ADVANCED_FACE ( 'F223', ( #2021 ), #4615, .T. ) ;
#3088 = CARTESIAN_POINT ( 'NONE',  ( -37.32238325557835200, -6.561157447864807100, -5.575426661527486300 ) ) ;
#3087 = DIRECTION ( 'NONE',  ( 0.0000000000000000000, 0.4226182617407128200, 0.9063077870366437200 ) ) ;
#3089 = ORIENTED_EDGE ( 'NONE', *, *, #2190, .F. ) ;
#3090 = SURFACE_SIDE_STYLE ('',( #10158 ) ) ;
#3091 = DIRECTION ( 'NONE',  ( -0.0000000000000000000, 0.4226182617407091000, 0.9063077870366453800 ) ) ;
#3092 = ORIENTED_EDGE ( 'NONE', *, *, #6190, .T. ) ;
#3093 = PLANE ( 'NONE',  #6790 ) ;
#3094 = ADVANCED_FACE ( 'F29', ( #6550 ), #4499, .T. ) ;
#3095 = VERTEX_POINT ( 'NONE', #4960 ) ;
#3096 = DIRECTION ( 'NONE',  ( 0.0000000000000000000, 0.6427876096865984300, -0.7660444431189283900 ) ) ;
#3097 = STYLED_ITEM ( 'NONE', ( #3411 ), #705 ) ;
#3098 = LINE ( 'NONE', #1975, #9605 ) ;
#3099 = CARTESIAN_POINT ( 'NONE',  ( -39.82238325557899100, -4.373214286649650600, 7.113939856134856600 ) ) ;
#3100 = LINE ( 'NONE', #6135, #9606 ) ;
#3101 = ORIENTED_EDGE ( 'NONE', *, *, #6806, .T. ) ;
#3102 = CARTESIAN_POINT ( 'NONE',  ( -28.92238325557900300, 2.299802781503200100, 9.794844442572399500 ) ) ;
#3103 =( NAMED_UNIT ( * ) SI_UNIT ( $, .STERADIAN. ) SOLID_ANGLE_UNIT ( ) );
#3104 = ORIENTED_EDGE ( 'NONE', *, *, #8314, .T. ) ;
#3105 = EDGE_CURVE ( 'NONE', #2487, #177, #4050, .T. ) ;
#3106 = CYLINDRICAL_SURFACE ( 'NONE', #1992, 0.8499999999995091500 ) ;
#3107 = DIRECTION ( 'NONE',  ( 0.0000000000000000000, -1.000000000000000000, 2.859815558967479800E-013 ) ) ;
#3108 = DIRECTION ( 'NONE',  ( 1.000000000000000000, -5.037441912124048900E-013, -6.003389496261228900E-013 ) ) ;
#3109 = EDGE_CURVE ( 'NONE', #4262, #5347, #1754, .T. ) ;
#3110 = CARTESIAN_POINT ( 'NONE',  ( -50.47238325557899700, -4.850462067123550500, 8.149418761130448300 ) ) ;
#3111 = PLANE ( 'NONE',  #2045 ) ;
#3112 = CARTESIAN_POINT ( 'NONE',  ( -37.32238325557835200, -8.328457632586191700, -4.751321051133319700 ) ) ;
#3113 = VECTOR ( 'NONE', #724, 1000.000000000000100 ) ;
#3114 = PRESENTATION_LAYER_ASSIGNMENT (  '', '', ( #2526 ) ) ;
#3115 = ORIENTED_EDGE ( 'NONE', *, *, #9757, .T. ) ;
#3116 = LINE ( 'NONE', #4630, #9349 ) ;
#3117 = EDGE_CURVE ( 'NONE', #7123, #1602, #10556, .T. ) ;
#3118 = LINE ( 'NONE', #9418, #9904 ) ;
#3119 = AXIS2_PLACEMENT_3D ( 'NONE', #8854, #3812, #9741 ) ;
#3120 = DIRECTION ( 'NONE',  ( 0.0000000000000000000, 0.7660444431189737900, 0.6427876096865443600 ) ) ;
#3121 = CARTESIAN_POINT ( 'NONE',  ( -51.32238325557927500, -8.173119213406259600, 6.725875482704851500 ) ) ;
#3122 = CARTESIAN_POINT ( 'NONE',  ( -47.37238325557911600, -7.232809980558301700, 15.99552023009102400 ) ) ;
#3123 = LINE ( 'NONE', #7590, #7345 ) ;
#3124 = EDGE_CURVE ( 'NONE', #4773, #7117, #8271, .T. ) ;
#3125 = ORIENTED_EDGE ( 'NONE', *, *, #6768, .T. ) ;
#3126 = VECTOR ( 'NONE', #661, 999.9999999999998900 ) ;
#3127 = EDGE_CURVE ( 'NONE', #710, #2887, #3789, .T. ) ;
#3128 = VECTOR ( 'NONE', #10115, 1000.000000000000000 ) ;
#3129 = CARTESIAN_POINT ( 'NONE',  ( -52.82238325557896300, -4.437836106307909900, 3.664090067790984700 ) ) ;
#3130 = DIRECTION ( 'NONE',  ( 0.8829475928589852800, 0.1984072558028763000, 0.4254857331442450400 ) ) ;
#3131 = EDGE_CURVE ( 'NONE', #2791, #7283, #10284, .T. ) ;
#3132 = VERTEX_POINT ( 'NONE', #4013 ) ;
#3133 = AXIS2_PLACEMENT_3D ( 'NONE', #9928, #1381, #6000 ) ;
#3134 = FACE_OUTER_BOUND ( 'NONE', #9434, .T. ) ;
#3135 = CARTESIAN_POINT ( 'NONE',  ( -37.32238325557867100, -5.792748062141513700, 0.6865256710850661200 ) ) ;
#3136 = VERTEX_POINT ( 'NONE', #3975 ) ;
#3137 = DIRECTION ( 'NONE',  ( 1.000000000000000000, 6.807801527363549800E-014, -6.743438870400674900E-014 ) ) ;
#3138 = CYLINDRICAL_SURFACE ( 'NONE', #9910, 8.500000000000083500 ) ;
#3139 = LINE ( 'NONE', #870, #9368 ) ;
#3140 = LINE ( 'NONE', #6521, #835 ) ;
#3141 = DIRECTION ( 'NONE',  ( 1.000000000000000000, 6.807801527363549800E-014, -6.743438870400674900E-014 ) ) ;
#3142 = CARTESIAN_POINT ( 'NONE',  ( -51.32238325557899800, -5.958756857404400100, 9.314660676415103400 ) ) ;
#3143 = ADVANCED_FACE ( 'F7', ( #1216 ), #3987, .T. ) ;
#3144 = CARTESIAN_POINT ( 'NONE',  ( -42.42238325557900700, -19.92278354449800700, 4.517024629103399700 ) ) ;
#3145 = EDGE_LOOP ( 'NONE', ( #3815, #4144, #9057, #2740 ) ) ;
#3146 = LINE ( 'NONE', #10141, #7629 ) ;
#3147 = DIRECTION ( 'NONE',  ( -8.446290927817065700E-014, -0.4226182617408593100, -0.9063077870365754400 ) ) ;
#3148 = VECTOR ( 'NONE', #4856, 1000.000000000000100 ) ;
#3149 = ORIENTED_EDGE ( 'NONE', *, *, #3019, .F. ) ;
#3150 = VERTEX_POINT ( 'NONE', #4054 ) ;
#3151 = EDGE_CURVE ( 'NONE', #7952, #9874, #7725, .T. ) ;
#3152 = AXIS2_PLACEMENT_3D ( 'NONE', #157, #6139, #1045 ) ;
#3153 = FACE_OUTER_BOUND ( 'NONE', #8132, .T. ) ;
#3154 = DIRECTION ( 'NONE',  ( 1.000000000000000000, 0.0000000000000000000, 0.0000000000000000000 ) ) ;
#3155 = ADVANCED_FACE ( 'F220', ( #5749 ), #3825, .T. ) ;
#3156 = FACE_OUTER_BOUND ( 'NONE', #4683, .T. ) ;
#3157 = VERTEX_POINT ( 'NONE', #3768 ) ;
#3158 = DIRECTION ( 'NONE',  ( 0.0000000000000000000, -0.6427876096865071700, 0.7660444431190051000 ) ) ;
#3159 = VECTOR ( 'NONE', #2724, 1000.000000000000000 ) ;
#3160 = EDGE_LOOP ( 'NONE', ( #5814, #3908 ) ) ;
#3161 = LINE ( 'NONE', #9722, #3435 ) ;
#3162 = CARTESIAN_POINT ( 'NONE',  ( -51.32238325557899100, -13.45884666412900000, 11.72058214781099900 ) ) ;
#3163 = EDGE_CURVE ( 'NONE', #864, #7322, #938, .T. ) ;
#3164 = ORIENTED_EDGE ( 'NONE', *, *, #10179, .T. ) ;
#3165 = VERTEX_POINT ( 'NONE', #3556 ) ;
#3166 = LINE ( 'NONE', #1273, #866 ) ;
#3167 = EDGE_LOOP ( 'NONE', ( #8445, #1875, #10294, #8610 ) ) ;
#3168 = LINE ( 'NONE', #3398, #6614 ) ;
#3169 = VERTEX_POINT ( 'NONE', #3458 ) ;
#3170 = DIRECTION ( 'NONE',  ( -1.000000000000000000, 0.0000000000000000000, 0.0000000000000000000 ) ) ;
#3171 = CARTESIAN_POINT ( 'NONE',  ( -51.32238325557899800, -9.958846665401818400, 12.12058214781000000 ) ) ;
#3172 = EDGE_LOOP ( 'NONE', ( #3085, #1922, #10658, #4560 ) ) ;
#3173 = CARTESIAN_POINT ( 'NONE',  ( -30.82238325557900200, -6.150730185941100100, -1.201437363830300600 ) ) ;
#3174 = DIRECTION ( 'NONE',  ( -0.0000000000000000000, -0.9063077870366923500, 0.4226182617406085100 ) ) ;
#3175 = PRESENTATION_LAYER_ASSIGNMENT (  '', '', ( #2591 ) ) ;
#3176 = COLOUR_RGB ( '',1.000000000000000000, 0.0000000000000000000, 1.000000000000000000 ) ;
#3177 = CARTESIAN_POINT ( 'NONE',  ( -37.86377365947795000, -17.66455509193863800, 10.63595188106782900 ) ) ;
#3178 = ORIENTED_EDGE ( 'NONE', *, *, #3278, .F. ) ;
#3179 = DIRECTION ( 'NONE',  ( 1.000000000000000000, 2.009809788925401600E-013, 2.645964783881782400E-014 ) ) ;
#3180 = LINE ( 'NONE', #7442, #882 ) ;
#3181 = CARTESIAN_POINT ( 'NONE',  ( -37.32238325557828800, -18.71502390620138100, 6.160592898480448600 ) ) ;
#3182 = STYLED_ITEM ( 'NONE', ( #11007 ), #10169 ) ;
#3183 = ORIENTED_EDGE ( 'NONE', *, *, #9577, .F. ) ;
#3184 = DIRECTION ( 'NONE',  ( 0.0000000000000000000, 0.9063077870366385000, -0.4226182617407240900 ) ) ;
#3185 = VERTEX_POINT ( 'NONE', #3494 ) ;
#3186 = ORIENTED_EDGE ( 'NONE', *, *, #3124, .F. ) ;
#3187 = VERTEX_POINT ( 'NONE', #3605 ) ;
#3188 = CARTESIAN_POINT ( 'NONE',  ( -37.80369026791230200, -20.84872224932590600, 1.086974221779582600 ) ) ;
#3189 = EDGE_CURVE ( 'NONE', #3705, #8116, #5702, .T. ) ;
#3190 = EDGE_CURVE ( 'NONE', #7234, #1809, #5484, .T. ) ;
#3191 = DIRECTION ( 'NONE',  ( -0.9985991029009401200, -0.05291343577426830400, 0.0000000000000000000 ) ) ;
#3192 = DIRECTION ( 'NONE',  ( -1.000000000000000000, -0.0000000000000000000, -0.0000000000000000000 ) ) ;
#3193 = FILL_AREA_STYLE_COLOUR ( '', #4754 ) ;
#3194 = VECTOR ( 'NONE', #1211, 1000.000000000000000 ) ;
#3195 = DIRECTION ( 'NONE',  ( 1.000000000000000000, -0.0000000000000000000, -0.0000000000000000000 ) ) ;
#3196 = EDGE_LOOP ( 'NONE', ( #10291, #7130, #9593, #1924 ) ) ;
#3197 = ADVANCED_FACE ( 'F232', ( #9758 ), #3209, .T. ) ;
#3198 = DIRECTION ( 'NONE',  ( 0.0000000000000000000, -0.6427876096865491300, 0.7660444431189698000 ) ) ;
#3199 = ORIENTED_EDGE ( 'NONE', *, *, #6098, .T. ) ;
#3200 = EDGE_CURVE ( 'NONE', #6011, #700, #657, .T. ) ;
#3201 = AXIS2_PLACEMENT_3D ( 'NONE', #2281, #2007, #1997 ) ;
#3202 = ORIENTED_EDGE ( 'NONE', *, *, #10332, .T. ) ;
#3203 = VECTOR ( 'NONE', #4758, 1000.000000000000100 ) ;
#3204 = ADVANCED_FACE ( 'F294', ( #9476 ), #2965, .T. ) ;
#3205 = ORIENTED_EDGE ( 'NONE', *, *, #9543, .T. ) ;
#3206 = CARTESIAN_POINT ( 'NONE',  ( -44.82238325557867900, -8.536769409502397800, 10.24141823171832800 ) ) ;
#3207 = EDGE_CURVE ( 'NONE', #7633, #8877, #6413, .T. ) ;
#3208 = EDGE_CURVE ( 'NONE', #4287, #298, #8661, .T. ) ;
#3209 = PLANE ( 'NONE',  #5114 ) ;
#3210 = ORIENTED_EDGE ( 'NONE', *, *, #104, .T. ) ;
#3211 = PLANE ( 'NONE',  #7837 ) ;
#3212 = VERTEX_POINT ( 'NONE', #2699 ) ;
#3213 = EDGE_CURVE ( 'NONE', #7972, #6963, #10688, .T. ) ;
#3214 = VECTOR ( 'NONE', #1130, 1000.000000000000100 ) ;
#3215 = AXIS2_PLACEMENT_3D ( 'NONE', #9530, #5291, #144 ) ;
#3216 = EDGE_LOOP ( 'NONE', ( #6558, #9960, #1336, #4751, #10120, #3030, #5804 ) ) ;
#3217 = DIRECTION ( 'NONE',  ( 0.0000000000000000000, -0.6427876096860273300, 0.7660444431194076700 ) ) ;
#3218 = DIRECTION ( 'NONE',  ( -0.0000000000000000000, 0.4226182617407079900, 0.9063077870366459400 ) ) ;
#3219 = DIRECTION ( 'NONE',  ( 1.109721812872235300E-014, 0.3925931576114589100, 0.9197122444529398600 ) ) ;
#3220 = ORIENTED_EDGE ( 'NONE', *, *, #8656, .F. ) ;
#3221 = CARTESIAN_POINT ( 'NONE',  ( -44.62238325557899500, -4.850462067123550500, 8.149418761130448300 ) ) ;
#3222 = DIRECTION ( 'NONE',  ( 0.0000000000000000000, 0.4226182617406905000, 0.9063077870366541600 ) ) ;
#3223 = ORIENTED_EDGE ( 'NONE', *, *, #3131, .F. ) ;
#3224 = ORIENTED_EDGE ( 'NONE', *, *, #10393, .T. ) ;
#3225 = FACE_OUTER_BOUND ( 'NONE', #9464, .T. ) ;
#3226 = CARTESIAN_POINT ( 'NONE',  ( -37.59757948416297800, -21.44613623404114100, 1.365552937941277000 ) ) ;
#3227 = ORIENTED_EDGE ( 'NONE', *, *, #4989, .T. ) ;
#3228 = DIRECTION ( 'NONE',  ( -3.420548494710057900E-013, -0.4226182617410114100, -0.9063077870365045000 ) ) ;
#3229 = AXIS2_PLACEMENT_3D ( 'NONE', #9991, #10860, #5743 ) ;
#3230 = DIRECTION ( 'NONE',  ( 0.7071067811867372000, 0.4545194776718999900, -0.5416752204195747200 ) ) ;
#3231 = EDGE_LOOP ( 'NONE', ( #5587, #3957, #9429, #5745, #3274, #3337, #1916, #5307, #9755, #5271 ) ) ;
#3232 = DIRECTION ( 'NONE',  ( 1.000000000000000000, 0.0000000000000000000, 0.0000000000000000000 ) ) ;
#3233 = ORIENTED_EDGE ( 'NONE', *, *, #371, .T. ) ;
#3234 = SURFACE_STYLE_FILL_AREA ( #2929 ) ;
#3235 = LINE ( 'NONE', #10880, #9760 ) ;
#3236 = CARTESIAN_POINT ( 'NONE',  ( -49.62238325557938600, -12.63570271269339800, 16.81874639564439600 ) ) ;
#3237 = AXIS2_PLACEMENT_3D ( 'NONE', #2577, #3222, #3330 ) ;
#3238 = VECTOR ( 'NONE', #9566, 999.9999999999998900 ) ;
#3239 = VERTEX_POINT ( 'NONE', #2519 ) ;
#3240 = VECTOR ( 'NONE', #4034, 1000.000000000000000 ) ;
#3241 = DIRECTION ( 'NONE',  ( 1.000000000000000000, -0.0000000000000000000, -0.0000000000000000000 ) ) ;
#3242 = DIRECTION ( 'NONE',  ( -3.339473067880405900E-014, 0.4226182617408429900, 0.9063077870365829900 ) ) ;
#3243 = LINE ( 'NONE', #3702, #2980 ) ;
#3244 = DIRECTION ( 'NONE',  ( 3.226988050179041500E-014, -0.3420201433256567800, 0.9396926207859126500 ) ) ;
#3245 = CARTESIAN_POINT ( 'NONE',  ( -52.66238325557900200, -14.78660051445499900, -2.451527349926800000 ) ) ;
#3246 = STYLED_ITEM ( 'NONE', ( #2771 ), #9468 ) ;
#3247 = ADVANCED_FACE ( 'F64', ( #4181 ), #3111, .T. ) ;
#3248 = CARTESIAN_POINT ( 'NONE',  ( -32.02238325557899400, -18.20916474454405800, 6.476395856932977100 ) ) ;
#3249 = VECTOR ( 'NONE', #2103, 1000.000000000000000 ) ;
#3250 = ORIENTED_EDGE ( 'NONE', *, *, #4135, .F. ) ;
#3251 = FACE_OUTER_BOUND ( 'NONE', #2598, .T. ) ;
#3252 = EDGE_CURVE ( 'NONE', #907, #6574, #7573, .T. ) ;
#3253 = VECTOR ( 'NONE', #11046, 1000.000000000000000 ) ;
#3254 = DIRECTION ( 'NONE',  ( 5.500510726409449900E-013, -0.7660444431191824100, -0.6427876096862956700 ) ) ;
#3255 = CARTESIAN_POINT ( 'NONE',  ( -51.06987062899389000, -5.239357217244609900, 8.146168805371448900 ) ) ;
#3256 = EDGE_CURVE ( 'NONE', #648, #2050, #6133, .T. ) ;
#3257 = VECTOR ( 'NONE', #2358, 1000.000000000000100 ) ;
#3258 = CARTESIAN_POINT ( 'NONE',  ( -29.52238325557900100, -7.469417468160200400, 1.468369455305800000 ) ) ;
#3259 = ADVANCED_FACE ( 'F196', ( #5343 ), #2038, .T. ) ;
#3260 = CARTESIAN_POINT ( 'NONE',  ( -52.82238325557933900, -8.536769409502344500, 10.24141823171770600 ) ) ;
#3261 = ORIENTED_EDGE ( 'NONE', *, *, #6242, .F. ) ;
#3262 = LINE ( 'NONE', #9980, #9788 ) ;
#3263 = ORIENTED_EDGE ( 'NONE', *, *, #1158, .T. ) ;
#3264 = CARTESIAN_POINT ( 'NONE',  ( -40.42238325557900000, -8.447239960716903100, 3.689740242241200000 ) ) ;
#3265 = CARTESIAN_POINT ( 'NONE',  ( -41.62238325557900300, -8.885488883370699800, 14.81754046878199900 ) ) ;
#3266 =( LENGTH_UNIT ( ) NAMED_UNIT ( * ) SI_UNIT ( .MILLI., .METRE. ) );
#3267 = LINE ( 'NONE', #1447, #5517 ) ;
#3268 = EDGE_CURVE ( 'NONE', #5584, #1835, #3098, .T. ) ;
#3269 = EDGE_CURVE ( 'NONE', #4728, #7664, #5087, .T. ) ;
#3270 = VERTEX_POINT ( 'NONE', #1881 ) ;
#3271 = VECTOR ( 'NONE', #6025, 1000.000000000000000 ) ;
#3272 = DIRECTION ( 'NONE',  ( -0.0000000000000000000, 0.4226182617404576900, 0.9063077870367626200 ) ) ;
#3273 = ORIENTED_EDGE ( 'NONE', *, *, #6448, .T. ) ;
#3274 = ORIENTED_EDGE ( 'NONE', *, *, #4656, .T. ) ;
#3275 = CIRCLE ( 'NONE', #10748, 0.1999999999999866300 ) ;
#3276 = VECTOR ( 'NONE', #2269, 1000.000000000000000 ) ;
#3277 = DIRECTION ( 'NONE',  ( -1.000000000000000000, 0.0000000000000000000, 0.0000000000000000000 ) ) ;
#3278 = EDGE_CURVE ( 'NONE', #865, #10644, #2815, .T. ) ;
#3279 = AXIS2_PLACEMENT_3D ( 'NONE', #8103, #3036, #8962 ) ;
#3280 = CARTESIAN_POINT ( 'NONE',  ( -50.47238325557896100, -4.620648734187973600, 8.342255044036338800 ) ) ;
#3281 = ORIENTED_EDGE ( 'NONE', *, *, #8381, .F. ) ;
#3282 = FACE_OUTER_BOUND ( 'NONE', #3878, .T. ) ;
#3283 = VERTEX_POINT ( 'NONE', #1952 ) ;
#3284 = DIRECTION ( 'NONE',  ( -0.0000000000000000000, -0.9063077870366314000, 0.4226182617407392400 ) ) ;
#3285 = VECTOR ( 'NONE', #10764, 1000.000000000000200 ) ;
#3286 = UNCERTAINTY_MEASURE_WITH_UNIT (LENGTH_MEASURE( 1.000000000000000100E-005 ), #10851, 'distance_accuracy_value', 'NONE');
#3287 = CARTESIAN_POINT ( 'NONE',  ( -28.92238325557900000, -16.64292513665575900, 3.539290495343811600 ) ) ;
#3288 = FILL_AREA_STYLE ('',( #3193 ) ) ;
#3289 = PLANE ( 'NONE',  #10348 ) ;
#3290 = ORIENTED_EDGE ( 'NONE', *, *, #2914, .T. ) ;
#3291 = ORIENTED_EDGE ( 'NONE', *, *, #8525, .T. ) ;
#3293 = MECHANICAL_DESIGN_GEOMETRIC_PRESENTATION_REPRESENTATION (  '', ( #2138 ), #3886 ) ;
#3292 = VECTOR ( 'NONE', #8458, 1000.000000000000200 ) ;
#3294 = CARTESIAN_POINT ( 'NONE',  ( -51.32238325557899800, -9.754258226699876700, 8.576985670854494300 ) ) ;
#3295 = FACE_OUTER_BOUND ( 'NONE', #10233, .T. ) ;
#3296 = ORIENTED_EDGE ( 'NONE', *, *, #8325, .T. ) ;
#3297 = VECTOR ( 'NONE', #987, 1000.000000000000200 ) ;
#3298 = ORIENTED_EDGE ( 'NONE', *, *, #2676, .T. ) ;
#3299 = DIRECTION ( 'NONE',  ( 0.0000000000000000000, 0.9063077870366630400, -0.4226182617406714600 ) ) ;
#3300 = CARTESIAN_POINT ( 'NONE',  ( -47.57238325557902700, -4.576183670360327600, 8.444836027161425600 ) ) ;
#3301 = ORIENTED_EDGE ( 'NONE', *, *, #8086, .F. ) ;
#3302 = FACE_OUTER_BOUND ( 'NONE', #1585, .T. ) ;
#3303 = ADVANCED_FACE ( 'F193', ( #9332 ), #1704, .T. ) ;
#3304 = COLOUR_RGB ( '',1.000000000000000000, 0.6588235294117647000, 0.0000000000000000000 ) ;
#3305 = ORIENTED_EDGE ( 'NONE', *, *, #3993, .T. ) ;
#3306 = MECHANICAL_DESIGN_GEOMETRIC_PRESENTATION_REPRESENTATION (  '', ( #1581 ), #3900 ) ;
#3307 = VECTOR ( 'NONE', #9481, 1000.000000000000000 ) ;
#3308 = ORIENTED_EDGE ( 'NONE', *, *, #4363, .T. ) ;
#3309 = ADVANCED_FACE ( 'F44', ( #7320 ), #1518, .T. ) ;
#3310 = AXIS2_PLACEMENT_3D ( 'NONE', #2756, #3630, #9564 ) ;
#3311 = ORIENTED_EDGE ( 'NONE', *, *, #1781, .F. ) ;
#3312 = CARTESIAN_POINT ( 'NONE',  ( -43.92238325557900700, -14.31050808127500000, 25.07091389913999900 ) ) ;
#3313 = DIRECTION ( 'NONE',  ( -1.000000000000000000, 0.0000000000000000000, 0.0000000000000000000 ) ) ;
#3314 = ORIENTED_EDGE ( 'NONE', *, *, #2252, .T. ) ;
#3315 = CARTESIAN_POINT ( 'NONE',  ( -52.66238325557900200, -8.710742796047201300, 9.158470625338399200 ) ) ;
#3316 = CARTESIAN_POINT ( 'NONE',  ( -41.62238325557900300, -6.837813502444117100, 11.04539903226000800 ) ) ;
#3317 = LINE ( 'NONE', #4713, #5304 ) ;
#3318 = CARTESIAN_POINT ( 'NONE',  ( -50.47238325557899700, -5.878922242619600200, 9.375089870117950100 ) ) ;
#3319 = DIRECTION ( 'NONE',  ( 2.048604716801344700E-012, -0.6427876096866032000, 0.7660444431189246100 ) ) ;
#3320 = EDGE_LOOP ( 'NONE', ( #294, #7964, #806, #6490 ) ) ;
#3321 = AXIS2_PLACEMENT_3D ( 'NONE', #2549, #1883, #1850 ) ;
#3322 = VERTEX_POINT ( 'NONE', #1370 ) ;
#3323 = CARTESIAN_POINT ( 'NONE',  ( -32.62238325557900300, -5.681248290170650300, 9.606228375182800100 ) ) ;
#3324 = ORIENTED_EDGE ( 'NONE', *, *, #1894, .F. ) ;
#3325 = CARTESIAN_POINT ( 'NONE',  ( -53.12238325557899500, -13.45884666412900000, 11.32058214781100100 ) ) ;
#3326 = AXIS2_PLACEMENT_3D ( 'NONE', #5967, #6822, #1728 ) ;
#3327 = CARTESIAN_POINT ( 'NONE',  ( -51.32238325557872800, -7.006587835685220300, 7.734502379634682800 ) ) ;
#3328 = LINE ( 'NONE', #1719, #7826 ) ;
#3329 = DIRECTION ( 'NONE',  ( 0.0000000000000000000, 0.9063077870367006700, -0.4226182617405905800 ) ) ;
#3330 = DIRECTION ( 'NONE',  ( 0.0000000000000000000, 0.9063077870366540400, -0.4226182617406904500 ) ) ;
#3331 = EDGE_LOOP ( 'NONE', ( #6913, #1255, #8635, #2233 ) ) ;
#3332 = CARTESIAN_POINT ( 'NONE',  ( -53.12238325557866100, -11.82569358225205400, 9.044347730077504400 ) ) ;
#3333 = EDGE_CURVE ( 'NONE', #1442, #2006, #242, .T. ) ;
#3334 = EDGE_CURVE ( 'NONE', #4695, #10523, #9059, .T. ) ;
#3335 = DIRECTION ( 'NONE',  ( -1.000000000000000000, 0.0000000000000000000, -0.0000000000000000000 ) ) ;
#3336 = ORIENTED_EDGE ( 'NONE', *, *, #10238, .T. ) ;
#3337 = ORIENTED_EDGE ( 'NONE', *, *, #9466, .T. ) ;
#3338 = SURFACE_STYLE_USAGE ( .BOTH. , #8409 ) ;
#3339 = EDGE_LOOP ( 'NONE', ( #2213, #4498, #6918, #1697 ) ) ;
#3340 = EDGE_CURVE ( 'NONE', #1950, #9994, #4880, .T. ) ;
#3341 = AXIS2_PLACEMENT_3D ( 'NONE', #6523, #8052, #9006 ) ;
#3342 = B_SPLINE_CURVE_WITH_KNOTS ( 'NONE', 3,
 ( #7224, #7860, #7707, #9405 ),
 .UNSPECIFIED., .F., .F.,
 ( 4, 4 ),
 ( 0.0000000000000000000, 1.000000000000000000 ),
 .UNSPECIFIED. ) ;
#3343 = ORIENTED_EDGE ( 'NONE', *, *, #5691, .T. ) ;
#3344 = EDGE_LOOP ( 'NONE', ( #9475, #5018, #4951, #10489 ) ) ;
#3345 = CARTESIAN_POINT ( 'NONE',  ( -30.82238325557900200, -15.96269416937500000, 11.30510580015900000 ) ) ;
#3346 = CARTESIAN_POINT ( 'NONE',  ( -30.12238325557900300, -7.469417468160200400, 1.468369455305800000 ) ) ;
#3347 = ORIENTED_EDGE ( 'NONE', *, *, #4265, .T. ) ;
#3348 = PRESENTATION_STYLE_ASSIGNMENT (( #1684 ) ) ;
#3349 = EDGE_CURVE ( 'NONE', #9580, #7537, #4563, .T. ) ;
#3350 = VERTEX_POINT ( 'NONE', #1173 ) ;
#3351 = DIRECTION ( 'NONE',  ( 1.000000000000000000, 0.0000000000000000000, -0.0000000000000000000 ) ) ;
#3352 = DIRECTION ( 'NONE',  ( -1.000000000000000000, -0.0000000000000000000, -0.0000000000000000000 ) ) ;
#3353 = SURFACE_STYLE_USAGE ( .BOTH. , #10308 ) ;
#3354 = EDGE_CURVE ( 'NONE', #2276, #513, #6538, .T. ) ;
#3355 = VERTEX_POINT ( 'NONE', #1098 ) ;
#3356 = ORIENTED_EDGE ( 'NONE', *, *, #6031, .T. ) ;
#3357 = CARTESIAN_POINT ( 'NONE',  ( -32.02238325557899400, -14.13646483408600000, -1.767167359051200300 ) ) ;
#3358 = VECTOR ( 'NONE', #7243, 1000.000000000000000 ) ;
#3359 = ORIENTED_EDGE ( 'NONE', *, *, #4766, .T. ) ;
#3360 = CARTESIAN_POINT ( 'NONE',  ( -51.32238325557903400, -5.246728356874264400, 7.918415772748425700 ) ) ;
#3361 = CARTESIAN_POINT ( 'NONE',  ( -51.32238325557899800, -7.038192637915700300, 8.095746922150132400 ) ) ;
#3362 = ADVANCED_FACE ( 'F93', ( #4836 ), #993, .T. ) ;
#3363 = CARTESIAN_POINT ( 'NONE',  ( -33.32238325557899800, -15.37622082258300100, 2.672772093333149800 ) ) ;
#3364 = VERTEX_POINT ( 'NONE', #1119 ) ;
#3365 = B_SPLINE_CURVE_WITH_KNOTS ( 'NONE', 3,
 ( #2287, #4025, #10814, #5711, #578, #6560, #1465, #7392, #2320, #8262, #3188, #9123, #4061, #9990, #4907, #10855, #5740, #614, #6598, #1502, #7424, #2360, #8292, #3226, #9155, #4100, #10025, #4943 ),
 .UNSPECIFIED., .F., .F.,
 ( 4, 2, 2, 2, 1, 2, 2, 2, 2, 2, 1, 2, 2, 2, 4 ),
 ( 0.7557145239245168800, 0.8167921138021699800, 0.8473309087409991400, 0.8778697036798284200, 0.9084084986186575800, 0.9236778960880717100, 0.9389472935574859600, 1.000024883435138000, 1.061102473312790100, 1.076371870782203900, 1.091641268251617400, 1.122180063190441700, 1.152718858129265800, 1.183257653068090100, 1.244335242945734200 ),
 .UNSPECIFIED. ) ;
#3366 = VECTOR ( 'NONE', #4244, 1000.000000000000100 ) ;
#3367 = ORIENTED_EDGE ( 'NONE', *, *, #4787, .T. ) ;
#3368 = EDGE_CURVE ( 'NONE', #4809, #1785, #8790, .T. ) ;
#3369 = FACE_OUTER_BOUND ( 'NONE', #5667, .T. ) ;
#3370 = CARTESIAN_POINT ( 'NONE',  ( -40.32238325557799600, -14.43676940950108400, 10.24141823171915700 ) ) ;
#3371 = DIRECTION ( 'NONE',  ( -1.000000000000000000, 0.0000000000000000000, 0.0000000000000000000 ) ) ;
#3372 = CARTESIAN_POINT ( 'NONE',  ( -30.82238325557900200, -7.841203232903900800, -4.826668511976901500 ) ) ;
#3373 = DIRECTION ( 'NONE',  ( 1.000000000000000000, -7.807046758806955900E-013, -6.830280870083328900E-014 ) ) ;
#3374 = DIRECTION ( 'NONE',  ( -1.000000000000000000, 2.918290966787332300E-014, -1.088501248464561100E-013 ) ) ;
#3375 = CARTESIAN_POINT ( 'NONE',  ( -54.32238325557900500, -12.54513551138950000, 4.366581206908399800 ) ) ;
#3376 = LINE ( 'NONE', #5079, #7067 ) ;
#3377 = VERTEX_POINT ( 'NONE', #755 ) ;
#3378 = CIRCLE ( 'NONE', #4723, 1.600000000000457100 ) ;
#3379 = CIRCLE ( 'NONE', #9009, 0.8499999999997519500 ) ;
#3380 = VECTOR ( 'NONE', #7019, 1000.000000000000100 ) ;
#3381 = DIRECTION ( 'NONE',  ( 0.0000000000000000000, 0.9961946980918028300, -0.08715574274700324500 ) ) ;
#3382 = CARTESIAN_POINT ( 'NONE',  ( -32.32238325557899800, -7.569310896792900100, -4.953453990499101100 ) ) ;
#3383 = CARTESIAN_POINT ( 'NONE',  ( -43.92238325557900000, -14.31050808127500000, 25.07091389913999900 ) ) ;
#3384 = SURFACE_STYLE_USAGE ( .BOTH. , #3436 ) ;
#3385 = CARTESIAN_POINT ( 'NONE',  ( -51.32238325557899800, -7.101402243644476400, 8.818236007069117500 ) ) ;
#3386 = ORIENTED_EDGE ( 'NONE', *, *, #9456, .F. ) ;
#3387 = B_SPLINE_CURVE_WITH_KNOTS ( 'NONE', 3,
 ( #7923, #8278, #7873, #7844, #7758, #7731, #7719, #7692, #7661, #7643, #7625, #7600, #7558, #7526, #7516, #7490, #7473, #7453 ),
 .UNSPECIFIED., .F., .F.,
 ( 4, 2, 2, 2, 2, 2, 2, 2, 4 ),
 ( 0.2500000000000000000, 0.3125000000000000000, 0.3750000000000000000, 0.4375000000000000000, 0.5000000000000000000, 0.5625000000000000000, 0.6250000000000000000, 0.6875000000000000000, 0.7500000000000000000 ),
 .UNSPECIFIED. ) ;
#3389 = CARTESIAN_POINT ( 'NONE',  ( -32.62238325557899500, -2.563728383189492800, 5.890912826053916100 ) ) ;
#3388 = CARTESIAN_POINT ( 'NONE',  ( -53.12238325557899500, -5.213440592332299100, 14.41056790032500100 ) ) ;
#3390 = VECTOR ( 'NONE', #478, 1000.000000000000100 ) ;
#3391 = VECTOR ( 'NONE', #10258, 1000.000000000000100 ) ;
#3392 = CARTESIAN_POINT ( 'NONE',  ( -51.32238325557899800, -5.529456594539099400, 2.395717057588600000 ) ) ;
#3393 = DIRECTION ( 'NONE',  ( -0.0000000000000000000, 0.7660444431190056600, 0.6427876096865062800 ) ) ;
#3394 = DIRECTION ( 'NONE',  ( 0.9985991029009403400, 0.02236218424964509600, 0.04795585888107865800 ) ) ;
#3395 = AXIS2_PLACEMENT_3D ( 'NONE', #7227, #5577, #449 ) ;
#3396 = ORIENTED_EDGE ( 'NONE', *, *, #6315, .F. ) ;
#3397 = ORIENTED_EDGE ( 'NONE', *, *, #3189, .T. ) ;
#3398 = CARTESIAN_POINT ( 'NONE',  ( -32.02238325557899400, -19.64350132960001400, 4.938482152991166000 ) ) ;
#3399 = VECTOR ( 'NONE', #9730, 1000.000000000000100 ) ;
#3400 = SURFACE_SIDE_STYLE ('',( #436 ) ) ;
#3401 = EDGE_CURVE ( 'NONE', #4446, #6642, #2011, .T. ) ;
#3402 = EDGE_LOOP ( 'NONE', ( #7809, #4178, #1107, #8503 ) ) ;
#3403 = SURFACE_SIDE_STYLE ('',( #5292 ) ) ;
#3404 = VECTOR ( 'NONE', #10304, 1000.000000000000100 ) ;
#3405 = CARTESIAN_POINT ( 'NONE',  ( -32.62238325557900300, 0.4206930299701005000, 7.918324016681442100 ) ) ;
#3406 = EDGE_CURVE ( 'NONE', #233, #9520, #2285, .T. ) ;
#3407 = LINE ( 'NONE', #2811, #8170 ) ;
#3408 = CARTESIAN_POINT ( 'NONE',  ( -51.32238325557899800, -7.069797440146401400, 8.456991464665065900 ) ) ;
#3409 = LINE ( 'NONE', #9888, #5390 ) ;
#3410 = CARTESIAN_POINT ( 'NONE',  ( -30.82238325557900200, -6.150730185941100100, -1.201437363830300000 ) ) ;
#3411 = PRESENTATION_STYLE_ASSIGNMENT (( #10376 ) ) ;
#3412 = CARTESIAN_POINT ( 'NONE',  ( -47.57238325557922600, -9.970373907084400900, 6.220562832116733900 ) ) ;
#3413 = ORIENTED_EDGE ( 'NONE', *, *, #1735, .F. ) ;
#3414 = LINE ( 'NONE', #9192, #840 ) ;
#3415 = DIRECTION ( 'NONE',  ( 0.0000000000000000000, -0.9063077870366527100, 0.4226182617406935600 ) ) ;
#3416 = LINE ( 'NONE', #7377, #3148 ) ;
#3417 = ORIENTED_EDGE ( 'NONE', *, *, #6039, .T. ) ;
#3418 = ORIENTED_EDGE ( 'NONE', *, *, #4922, .T. ) ;
#3419 = LINE ( 'NONE', #7621, #3972 ) ;
#3420 = DIRECTION ( 'NONE',  ( 0.7071067811866491600, 0.2988362387300849100, 0.6408563820556927300 ) ) ;
#3421 = VECTOR ( 'NONE', #9790, 1000.000000000000100 ) ;
#3422 = FILL_AREA_STYLE_COLOUR ( '', #7191 ) ;
#3423 = EDGE_CURVE ( 'NONE', #2922, #6529, #8524, .T. ) ;
#3424 = EDGE_CURVE ( 'NONE', #2224, #2148, #4041, .T. ) ;
#3425 = DIRECTION ( 'NONE',  ( 0.0000000000000000000, 0.9063077870366259600, -0.4226182617407508400 ) ) ;
#3426 = FACE_OUTER_BOUND ( 'NONE', #4634, .T. ) ;
#3427 = VERTEX_POINT ( 'NONE', #372 ) ;
#3428 = VECTOR ( 'NONE', #9450, 1000.000000000000000 ) ;
#3429 = ADVANCED_FACE ( 'F46', ( #6262 ), #334, .T. ) ;
#3430 = EDGE_LOOP ( 'NONE', ( #5567, #8260, #7307, #10749 ) ) ;
#3431 = DIRECTION ( 'NONE',  ( -1.561251128382824100E-013, 0.6427876096864561000, -0.7660444431190478500 ) ) ;
#3432 = EDGE_CURVE ( 'NONE', #1145, #8541, #1482, .T. ) ;
#3433 = CARTESIAN_POINT ( 'NONE',  ( -37.32238325557843000, -16.85550355454238100, 10.14834716144202500 ) ) ;
#3434 = PRESENTATION_LAYER_ASSIGNMENT (  '', '', ( #2273 ) ) ;
#3435 = VECTOR ( 'NONE', #3787, 1000.000000000000000 ) ;
#3436 = SURFACE_SIDE_STYLE ('',( #4415 ) ) ;
#3437 = AXIS2_PLACEMENT_3D ( 'NONE', #2462, #8400, #3329 ) ;
#3438 = SURFACE_SIDE_STYLE ('',( #6966 ) ) ;
#3439 = VECTOR ( 'NONE', #6334, 1000.000000000000100 ) ;
#3440 = ORIENTED_EDGE ( 'NONE', *, *, #11035, .T. ) ;
#3441 = LINE ( 'NONE', #6462, #10219 ) ;
#3442 = DIRECTION ( 'NONE',  ( -0.0000000000000000000, -1.000000000000000000, -0.0000000000000000000 ) ) ;
#3443 = CARTESIAN_POINT ( 'NONE',  ( -28.92238325557900000, -17.52343852578593100, 3.949880631803141200 ) ) ;
#3444 = ORIENTED_EDGE ( 'NONE', *, *, #10171, .F. ) ;
#3445 = DIRECTION ( 'NONE',  ( -0.0000000000000000000, 1.000000000000000000, -0.0000000000000000000 ) ) ;
#3446 = CARTESIAN_POINT ( 'NONE',  ( -31.36347352433400800, -5.363660565019688200, 0.4864388851586129400 ) ) ;
#3447 = VECTOR ( 'NONE', #423, 1000.000000000000000 ) ;
#3448 = ORIENTED_EDGE ( 'NONE', *, *, #6659, .F. ) ;
#3449 = FACE_OUTER_BOUND ( 'NONE', #1519, .T. ) ;
#3450 = DIRECTION ( 'NONE',  ( -0.0000000000000000000, -0.4226182617405457900, -0.9063077870367215500 ) ) ;
#3451 = CARTESIAN_POINT ( 'NONE',  ( -44.82238325557901200, -12.76295202690848600, 1.178340361351859000 ) ) ;
#3452 = PLANE ( 'NONE',  #7812 ) ;
#3453 = VERTEX_POINT ( 'NONE', #255 ) ;
#3454 = CARTESIAN_POINT ( 'NONE',  ( -51.62238325557900300, -5.938363334042900700, 9.912646152427500500 ) ) ;
#3455 = FILL_AREA_STYLE ('',( #8491 ) ) ;
#3456 = VERTEX_POINT ( 'NONE', #176 ) ;
#3457 = STYLED_ITEM ( 'NONE', ( #7887 ), #1082 ) ;
#3458 = CARTESIAN_POINT ( 'NONE',  ( -49.62238325557932900, -0.8331532196902529100, 6.649163006922158600 ) ) ;
#3459 = ORIENTED_EDGE ( 'NONE', *, *, #796, .F. ) ;
#3460 = FACE_OUTER_BOUND ( 'NONE', #6215, .T. ) ;
#3461 = AXIS2_PLACEMENT_3D ( 'NONE', #3560, #2690, #72 ) ;
#3462 = EDGE_LOOP ( 'NONE', ( #136, #9431, #5074, #1946 ) ) ;
#3463 = CARTESIAN_POINT ( 'NONE',  ( -53.12238325557899500, -6.489570471823951100, 10.10283209108360000 ) ) ;
#3464 = DIRECTION ( 'NONE',  ( 4.563650266178933600E-014, 0.4226182617406757400, 0.9063077870366609300 ) ) ;
#3465 = EDGE_CURVE ( 'NONE', #3136, #10250, #10276, .T. ) ;
#3466 = ORIENTED_EDGE ( 'NONE', *, *, #6293, .F. ) ;
#3467 = DIRECTION ( 'NONE',  ( 0.0000000000000000000, -0.9063077870361503400, 0.4226182617417708600 ) ) ;
#3468 = DIRECTION ( 'NONE',  ( -1.000000000000000000, 2.918290966787332300E-014, -1.088501248464561100E-013 ) ) ;
#3469 = EDGE_CURVE ( 'NONE', #6500, #2221, #5994, .T. ) ;
#3470 = ORIENTED_EDGE ( 'NONE', *, *, #8176, .F. ) ;
#3471 = CYLINDRICAL_SURFACE ( 'NONE', #7, 1.599999999997775000 ) ;
#3472 = ORIENTED_EDGE ( 'NONE', *, *, #2264, .F. ) ;
#3473 = MECHANICAL_DESIGN_GEOMETRIC_PRESENTATION_REPRESENTATION (  '', ( #1741 ), #4058 ) ;
#3474 = CARTESIAN_POINT ( 'NONE',  ( -41.92238325557900700, -14.60634726191616800, 3.968841034626897600 ) ) ;
#3475 =( NAMED_UNIT ( * ) PLANE_ANGLE_UNIT ( ) SI_UNIT ( $, .RADIAN. ) );
#3476 = DIRECTION ( 'NONE',  ( 1.000000000000000000, 0.0000000000000000000, 0.0000000000000000000 ) ) ;
#3477 = AXIS2_PLACEMENT_3D ( 'NONE', #6741, #7570, #2508 ) ;
#3478 = EDGE_LOOP ( 'NONE', ( #3417, #1056, #5239, #7801, #8117, #186, #4674, #5084, #417, #2935, #5503, #10902 ) ) ;
#3479 = ADVANCED_FACE ( 'F234', ( #1206 ), #142, .T. ) ;
#3480 = ORIENTED_EDGE ( 'NONE', *, *, #8163, .T. ) ;
#3481 = VERTEX_POINT ( 'NONE', #11045 ) ;
#3482 = VECTOR ( 'NONE', #3195, 1000.000000000000000 ) ;
#3483 = PLANE ( 'NONE',  #1155 ) ;
#3484 = VERTEX_POINT ( 'NONE', #10971 ) ;
#3485 = EDGE_CURVE ( 'NONE', #8248, #7123, #7990, .T. ) ;
#3486 = EDGE_CURVE ( 'NONE', #699, #6184, #2894, .T. ) ;
#3487 =( NAMED_UNIT ( * ) PLANE_ANGLE_UNIT ( ) SI_UNIT ( $, .RADIAN. ) );
#3488 = CARTESIAN_POINT ( 'NONE',  ( -53.12238325557866100, -10.01593332559327400, 7.069340977090808700 ) ) ;
#3489 = ORIENTED_EDGE ( 'NONE', *, *, #8385, .F. ) ;
#3490 = DIRECTION ( 'NONE',  ( 0.2588190451023973900, 0.8754260980656137800, -0.4082178936767689200 ) ) ;
#3491 = UNCERTAINTY_MEASURE_WITH_UNIT (LENGTH_MEASURE( 1.000000000000000100E-005 ), #3590, 'distance_accuracy_value', 'NONE');
#3492 = ORIENTED_EDGE ( 'NONE', *, *, #3737, .T. ) ;
#3493 = EDGE_CURVE ( 'NONE', #10231, #777, #7711, .T. ) ;
#3494 = CARTESIAN_POINT ( 'NONE',  ( -31.42238325557900000, -10.04402866579801000, -0.08951442387022273700 ) ) ;
#3495 = VECTOR ( 'NONE', #5557, 1000.000000000000000 ) ;
#3496 = PLANE ( 'NONE',  #3321 ) ;
#3497 = ORIENTED_EDGE ( 'NONE', *, *, #10897, .F. ) ;
#3498 = CARTESIAN_POINT ( 'NONE',  ( -32.32238325557899800, -14.53514264871922600, -1.912274216639893800 ) ) ;
#3499 = CARTESIAN_POINT ( 'NONE',  ( -51.32238325557899800, -4.770627452338766600, 8.209847954833302100 ) ) ;
#3500 = VERTEX_POINT ( 'NONE', #8374 ) ;
#3501 = FILL_AREA_STYLE_COLOUR ( '', #1864 ) ;
#3502 = ORIENTED_EDGE ( 'NONE', *, *, #8365, .T. ) ;
#3503 = VECTOR ( 'NONE', #4118, 1000.000000000000000 ) ;
#3504 = LINE ( 'NONE', #6651, #7726 ) ;
#3505 = CARTESIAN_POINT ( 'NONE',  ( -37.32238325557906900, -17.28905331656254400, 10.46085252755935700 ) ) ;
#3506 = CARTESIAN_POINT ( 'NONE',  ( -51.32238325557899800, -10.44295036432066800, 11.62058214781100300 ) ) ;
#3507 = DIRECTION ( 'NONE',  ( -1.000000000000000000, 5.618638765025826100E-015, 1.204920971543941500E-014 ) ) ;
#3508 = EDGE_CURVE ( 'NONE', #8125, #233, #9746, .T. ) ;
#3509 = AXIS2_PLACEMENT_3D ( 'NONE', #9008, #3951, #9878 ) ;
#3510 = FACE_OUTER_BOUND ( 'NONE', #11076, .T. ) ;
#3511 = EDGE_LOOP ( 'NONE', ( #8349, #6535, #6322, #8505 ) ) ;
#3512 = VECTOR ( 'NONE', #1399, 1000.000000000000000 ) ;
#3513 = ORIENTED_EDGE ( 'NONE', *, *, #4048, .F. ) ;
#3514 = CARTESIAN_POINT ( 'NONE',  ( -43.12238325557900300, -3.251112787854700100, 11.63849878703599900 ) ) ;
#3515 = ADVANCED_FACE ( 'F281', ( #3225 ), #962, .T. ) ;
#3516 = CARTESIAN_POINT ( 'NONE',  ( -44.62238325557929400, -5.134878821936089500, 8.955090598530274400 ) ) ;
#3517 = LINE ( 'NONE', #9750, #7735 ) ;
#3518 = DIRECTION ( 'NONE',  ( -0.0000000000000000000, 0.4226182617407226400, 0.9063077870366390600 ) ) ;
#3519 = DIRECTION ( 'NONE',  ( -0.7071067811865373600, 0.2988362387300591000, 0.6408563820558280700 ) ) ;
#3520 = FACE_OUTER_BOUND ( 'NONE', #7811, .T. ) ;
#3521 = ORIENTED_EDGE ( 'NONE', *, *, #7495, .F. ) ;
#3522 = ORIENTED_EDGE ( 'NONE', *, *, #6875, .T. ) ;
#3523 = VECTOR ( 'NONE', #658, 1000.000000000000100 ) ;
#3524 = PLANE ( 'NONE',  #9173 ) ;
#3525 = LINE ( 'NONE', #2248, #9782 ) ;
#3526 = CARTESIAN_POINT ( 'NONE',  ( -51.32238325557899800, -10.62551333079586500, 12.12058214781000100 ) ) ;
#3527 = AXIS2_PLACEMENT_3D ( 'NONE', #5660, #537, #6513 ) ;
#3528 = ORIENTED_EDGE ( 'NONE', *, *, #6713, .F. ) ;
#3529 = FACE_OUTER_BOUND ( 'NONE', #1500, .T. ) ;
#3530 = ORIENTED_EDGE ( 'NONE', *, *, #1440, .T. ) ;
#3531 = VECTOR ( 'NONE', #9517, 1000.000000000000200 ) ;
#3532 = ADVANCED_FACE ( 'F36', ( #2959 ), #5531, .T. ) ;
#3533 = VECTOR ( 'NONE', #2191, 1000.000000000000000 ) ;
#3534 = DIRECTION ( 'NONE',  ( -0.7071067811866527100, 0.2988362387300721500, 0.6408563820556946200 ) ) ;
#3535 = DIRECTION ( 'NONE',  ( 0.2588190451030082400, -0.8754260980654700000, 0.4082178936766897600 ) ) ;
#3536 = DIRECTION ( 'NONE',  ( 0.0000000000000000000, -0.9063077870366655900, 0.4226182617406659700 ) ) ;
#3537 = B_SPLINE_CURVE_WITH_KNOTS ( 'NONE', 3,
 ( #5415, #4582, #6257, #1165 ),
 .UNSPECIFIED., .F., .F.,
 ( 4, 4 ),
 ( 0.0000000000000000000, 1.000000000000000000 ),
 .UNSPECIFIED. ) ;
#3538 = DIRECTION ( 'NONE',  ( -0.0000000000000000000, 0.9063077870366482700, -0.4226182617407029400 ) ) ;
#3540 = CARTESIAN_POINT ( 'NONE',  ( -32.62238325557900300, -11.47677931914010200, 3.226686159183599600 ) ) ;
#3539 = DIRECTION ( 'NONE',  ( -7.836868409118702800E-013, 0.0000000000000000000, -1.000000000000000000 ) ) ;
#3541 = ORIENTED_EDGE ( 'NONE', *, *, #8092, .F. ) ;
#3542 = VECTOR ( 'NONE', #6944, 1000.000000000000200 ) ;
#3543 = VERTEX_POINT ( 'NONE', #10501 ) ;
#3544 = SURFACE_STYLE_FILL_AREA ( #10975 ) ;
#3545 = CARTESIAN_POINT ( 'NONE',  ( -37.32238325557845800, -2.461760308980005500, 3.215758872726307800 ) ) ;
#3546 = AXIS2_PLACEMENT_3D ( 'NONE', #6425, #9868, #4785 ) ;
#3547 = ORIENTED_EDGE ( 'NONE', *, *, #3965, .F. ) ;
#3548 = LINE ( 'NONE', #1996, #8044 ) ;
#3549 = PLANE ( 'NONE',  #10000 ) ;
#3550 = EDGE_CURVE ( 'NONE', #2905, #7311, #883, .T. ) ;
#3551 = CARTESIAN_POINT ( 'NONE',  ( -50.47238325557879800, -5.080275400059170100, 7.956582478224523100 ) ) ;
#3552 = EDGE_CURVE ( 'NONE', #759, #5936, #5211, .T. ) ;
#3553 = FILL_AREA_STYLE ('',( #8622 ) ) ;
#3554 = ORIENTED_EDGE ( 'NONE', *, *, #8466, .T. ) ;
#3555 = VECTOR ( 'NONE', #2972, 1000.000000000000100 ) ;
#3556 = CARTESIAN_POINT ( 'NONE',  ( -33.32238325557899800, -15.27056625714800700, 2.899349040092285400 ) ) ;
#3557 = LINE ( 'NONE', #256, #1540 ) ;
#3558 = VERTEX_POINT ( 'NONE', #7653 ) ;
#3559 = VECTOR ( 'NONE', #6504, 1000.000000000000000 ) ;
#3560 = CARTESIAN_POINT ( 'NONE',  ( -37.32238325557829500, -3.260886748993094400, 3.809073235331189800 ) ) ;
#3561 = EDGE_CURVE ( 'NONE', #8104, #3132, #647, .T. ) ;
#3562 = STYLED_ITEM ( 'NONE', ( #8920 ), #3628 ) ;
#3563 = CARTESIAN_POINT ( 'NONE',  ( -42.42238325557900700, -13.06586805311120400, 4.078037221554621900 ) ) ;
#3564 = PLANE ( 'NONE',  #5233 ) ;
#3565 = ORIENTED_EDGE ( 'NONE', *, *, #10042, .T. ) ;
#3566 = VERTEX_POINT ( 'NONE', #10342 ) ;
#3567 = VECTOR ( 'NONE', #10189, 1000.000000000000200 ) ;
#3568 = CARTESIAN_POINT ( 'NONE',  ( -41.92238325557900000, -13.06586805311108000, 4.078037221554510900 ) ) ;
#3569 = LINE ( 'NONE', #10062, #7791 ) ;
#3570 = VERTEX_POINT ( 'NONE', #2582 ) ;
#3571 = VECTOR ( 'NONE', #2645, 1000.000000000000000 ) ;
#3572 = EDGE_CURVE ( 'NONE', #5935, #8828, #2682, .T. ) ;
#3573 = ADVANCED_FACE ( 'F111', ( #7181 ), #10472, .T. ) ;
#3574 = ORIENTED_EDGE ( 'NONE', *, *, #10765, .T. ) ;
#3575 = VERTEX_POINT ( 'NONE', #226 ) ;
#3576 = EDGE_CURVE ( 'NONE', #4822, #6792, #9189, .T. ) ;
#3577 = FILL_AREA_STYLE_COLOUR ( '', #1419 ) ;
#3579 = MECHANICAL_DESIGN_GEOMETRIC_PRESENTATION_REPRESENTATION (  '', ( #675 ), #4158 ) ;
#3578 = VECTOR ( 'NONE', #4900, 1000.000000000000000 ) ;
#3580 = CARTESIAN_POINT ( 'NONE',  ( -52.82238325557923300, -5.644295877602697700, 3.051418449571096300 ) ) ;
#3581 = ORIENTED_EDGE ( 'NONE', *, *, #3930, .F. ) ;
#3582 = FACE_OUTER_BOUND ( 'NONE', #10924, .T. ) ;
#3584 = DIRECTION ( 'NONE',  ( 0.0000000000000000000, -0.4226182617406871700, -0.9063077870366558200 ) ) ;
#3583 = CARTESIAN_POINT ( 'NONE',  ( -33.32238325557899800, -7.068480784466149900, -0.9253462286609849300 ) ) ;
#3585 = DIRECTION ( 'NONE',  ( 0.0000000000000000000, -0.9063077870366533800, 0.4226182617406920000 ) ) ;
#3586 =( NAMED_UNIT ( * ) SI_UNIT ( $, .STERADIAN. ) SOLID_ANGLE_UNIT ( ) );
#3587 = ORIENTED_EDGE ( 'NONE', *, *, #9313, .T. ) ;
#3588 = VERTEX_POINT ( 'NONE', #8137 ) ;
#3589 = ORIENTED_EDGE ( 'NONE', *, *, #7162, .T. ) ;
#3590 =( LENGTH_UNIT ( ) NAMED_UNIT ( * ) SI_UNIT ( .MILLI., .METRE. ) );
#3591 = EDGE_CURVE ( 'NONE', #1214, #5578, #9981, .T. ) ;
#3592 = CIRCLE ( 'NONE', #2096, 5.900000000000218000 ) ;
#3593 = CARTESIAN_POINT ( 'NONE',  ( -51.32238325557899100, -13.25920965975699900, 8.040588966464149200 ) ) ;
#3594 = CARTESIAN_POINT ( 'NONE',  ( -31.42238325557900000, -12.14666306712098800, 3.649404897173028000 ) ) ;
#3595 = PLANE ( 'NONE',  #3215 ) ;
#3596 = ORIENTED_EDGE ( 'NONE', *, *, #1330, .T. ) ;
#3597 = CARTESIAN_POINT ( 'NONE',  ( -30.82238325557900500, -16.39859275533086000, 11.77189618856219000 ) ) ;
#3598 = ORIENTED_EDGE ( 'NONE', *, *, #10174, .T. ) ;
#3599 = ORIENTED_EDGE ( 'NONE', *, *, #689, .F. ) ;
#3600 = PLANE ( 'NONE',  #1290 ) ;
#3601 = CARTESIAN_POINT ( 'NONE',  ( -51.32238325557899800, -12.66749085433600400, 11.42058214781100000 ) ) ;
#3602 = ORIENTED_EDGE ( 'NONE', *, *, #5184, .T. ) ;
#3603 = ORIENTED_EDGE ( 'NONE', *, *, #2895, .T. ) ;
#3604 = AXIS2_PLACEMENT_3D ( 'NONE', #884, #964, #1911 ) ;
#3605 = CARTESIAN_POINT ( 'NONE',  ( -54.32238325557900500, -10.47373017054988300, 2.538290100233520100 ) ) ;
#3606 = EDGE_LOOP ( 'NONE', ( #10099, #1740, #7102, #10254, #2702 ) ) ;
#3607 = AXIS2_PLACEMENT_3D ( 'NONE', #7671, #2600, #8538 ) ;
#3608 = ORIENTED_EDGE ( 'NONE', *, *, #6757, .F. ) ;
#3609 = DIRECTION ( 'NONE',  ( 1.000000000000000000, 0.0000000000000000000, 0.0000000000000000000 ) ) ;
#3610 = DIRECTION ( 'NONE',  ( -1.483828250715999000E-013, -0.7660444431187658500, -0.6427876096867922700 ) ) ;
#3611 = CARTESIAN_POINT ( 'NONE',  ( -51.62238325557900300, -10.50407154687400200, 6.022525183388100200 ) ) ;
#3612 = DIRECTION ( 'NONE',  ( -1.000000000000000000, 0.0000000000000000000, 0.0000000000000000000 ) ) ;
#3613 = ORIENTED_EDGE ( 'NONE', *, *, #8237, .F. ) ;
#3615 = FILL_AREA_STYLE_COLOUR ( '', #1521 ) ;
#3614 = DIRECTION ( 'NONE',  ( 0.0000000000000000000, 0.4226182617406849500, 0.9063077870366567100 ) ) ;
#3616 = EDGE_CURVE ( 'NONE', #1445, #7536, #929, .T. ) ;
#3617 = DIRECTION ( 'NONE',  ( -1.000000000000000000, 0.0000000000000000000, 0.0000000000000000000 ) ) ;
#3618 = EDGE_CURVE ( 'NONE', #6986, #6717, #4958, .T. ) ;
#3619 = CARTESIAN_POINT ( 'NONE',  ( -39.82238325557899800, -4.271958475651199900, 7.459985027664650700 ) ) ;
#3620 = CARTESIAN_POINT ( 'NONE',  ( -39.42238325557900000, -19.92278354449800700, 4.517024629103399700 ) ) ;
#3621 = ORIENTED_EDGE ( 'NONE', *, *, #4915, .T. ) ;
#3622 = DIRECTION ( 'NONE',  ( -0.0000000000000000000, 0.4226182617415874500, 0.9063077870362358200 ) ) ;
#3623 = ORIENTED_EDGE ( 'NONE', *, *, #9903, .F. ) ;
#3624 = ORIENTED_EDGE ( 'NONE', *, *, #7715, .T. ) ;
#3625 = VECTOR ( 'NONE', #9352, 1000.000000000000000 ) ;
#3626 = ORIENTED_EDGE ( 'NONE', *, *, #7623, .F. ) ;
#3627 = CARTESIAN_POINT ( 'NONE',  ( -37.32238325557816700, -6.207976445095270400, 0.3284608864585151200 ) ) ;
#3628 = ADVANCED_FACE ( 'F276', ( #101 ), #10678, .T. ) ;
#3629 = DIRECTION ( 'NONE',  ( -0.0000000000000000000, 0.5735764363505141400, -0.8191520442893641700 ) ) ;
#3630 = DIRECTION ( 'NONE',  ( -0.0000000000000000000, -0.4226182617406009600, -0.9063077870366959000 ) ) ;
#3631 = DIRECTION ( 'NONE',  ( 0.0000000000000000000, -0.4226182617442353400, -0.9063077870350011400 ) ) ;
#3632 = DIRECTION ( 'NONE',  ( 0.0000000000000000000, -0.4226182617404724600, -0.9063077870367557400 ) ) ;
#3633 = ORIENTED_EDGE ( 'NONE', *, *, #461, .F. ) ;
#3634 = DIRECTION ( 'NONE',  ( 0.0000000000000000000, -0.9063077870366561500, 0.4226182617406862900 ) ) ;
#3635 = ORIENTED_EDGE ( 'NONE', *, *, #8821, .T. ) ;
#3636 = EDGE_CURVE ( 'NONE', #913, #4849, #1601, .T. ) ;
#3637 = EDGE_CURVE ( 'NONE', #749, #3187, #8118, .T. ) ;
#3638 = VECTOR ( 'NONE', #7965, 1000.000000000000200 ) ;
#3639 = DIRECTION ( 'NONE',  ( 0.0000000000000000000, -0.7660444431189730200, -0.6427876096865453600 ) ) ;
#3640 = CARTESIAN_POINT ( 'NONE',  ( -32.02238325557899400, -21.14369404167278800, 1.614136668748002500 ) ) ;
#3641 = CARTESIAN_POINT ( 'NONE',  ( -32.17238325557900000, -7.777810493642800100, -4.690722343921400700 ) ) ;
#3642 = EDGE_CURVE ( 'NONE', #10232, #10706, #5854, .T. ) ;
#3643 = MECHANICAL_DESIGN_GEOMETRIC_PRESENTATION_REPRESENTATION (  '', ( #10410 ), #4220 ) ;
#3644 = DIRECTION ( 'NONE',  ( 0.0000000000000000000, -0.9063077870350011400, 0.4226182617442353400 ) ) ;
#3645 = ORIENTED_EDGE ( 'NONE', *, *, #4850, .T. ) ;
#3646 = LINE ( 'NONE', #1646, #3366 ) ;
#3647 = VERTEX_POINT ( 'NONE', #5715 ) ;
#3648 = AXIS2_PLACEMENT_3D ( 'NONE', #135, #212, #6245 ) ;
#3649 = VECTOR ( 'NONE', #6630, 1000.000000000000000 ) ;
#3650 = LINE ( 'NONE', #10415, #5353 ) ;
#3651 = SURFACE_STYLE_USAGE ( .BOTH. , #8714 ) ;
#3652 = CARTESIAN_POINT ( 'NONE',  ( -32.62238325557896700, -3.258464111713007300, 5.474287564937022800 ) ) ;
#3653 = VECTOR ( 'NONE', #5014, 1000.000000000000000 ) ;
#3654 = VERTEX_POINT ( 'NONE', #585 ) ;
#3656 = CARTESIAN_POINT ( 'NONE',  ( -54.32238325557900500, -12.74866032764856300, 3.930120829945207700 ) ) ;
#3655 = CARTESIAN_POINT ( 'NONE',  ( -36.92238325557900700, -10.04402866579804700, -0.08951442387029753800 ) ) ;
#3657 = LINE ( 'NONE', #3655, #5883 ) ;
#3658 = VECTOR ( 'NONE', #10207, 1000.000000000000100 ) ;
#3659 = CARTESIAN_POINT ( 'NONE',  ( -51.22238325557900400, -15.56065475903600200, 13.51670976020800000 ) ) ;
#3660 = VECTOR ( 'NONE', #8447, 1000.000000000000100 ) ;
#3661 = DIRECTION ( 'NONE',  ( 0.0000000000000000000, 0.9063077870365772200, -0.4226182617408554300 ) ) ;
#3662 = UNCERTAINTY_MEASURE_WITH_UNIT (LENGTH_MEASURE( 1.000000000000000100E-005 ), #5355, 'distance_accuracy_value', 'NONE');
#3663 =( GEOMETRIC_REPRESENTATION_CONTEXT ( 3 ) GLOBAL_UNCERTAINTY_ASSIGNED_CONTEXT ( ( #4528 ) ) GLOBAL_UNIT_ASSIGNED_CONTEXT ( ( #11079, #5968, #856 ) ) REPRESENTATION_CONTEXT ( 'NONE', 'WORKASPACE' ) );
#3664 = DIRECTION ( 'NONE',  ( -0.0000000000000000000, 0.9063077870366492700, -0.4226182617407007200 ) ) ;
#3665 = ADVANCED_FACE ( 'F290', ( #7846 ), #10820, .T. ) ;
#3666 = CARTESIAN_POINT ( 'NONE',  ( -52.76238325557899600, -2.959076288091300200, 5.428635815928999800 ) ) ;
#3667 = VERTEX_POINT ( 'NONE', #9025 ) ;
#3668 = LINE ( 'NONE', #10681, #10173 ) ;
#3669 = PLANE ( 'NONE',  #2300 ) ;
#3670 = CARTESIAN_POINT ( 'NONE',  ( -43.12984086573200000, -10.00884666413300300, 11.42058214781100000 ) ) ;
#3671 = VECTOR ( 'NONE', #2102, 1000.000000000000200 ) ;
#3672 = SURFACE_STYLE_FILL_AREA ( #7009 ) ;
#3673 = CARTESIAN_POINT ( 'NONE',  ( -37.32238325557845800, -2.461760308980005500, 3.215758872726307800 ) ) ;
#3674 = AXIS2_PLACEMENT_3D ( 'NONE', #7547, #10010, #9907 ) ;
#3675 = ORIENTED_EDGE ( 'NONE', *, *, #6420, .F. ) ;
#3676 = DIRECTION ( 'NONE',  ( -1.000000000000000000, 0.0000000000000000000, 0.0000000000000000000 ) ) ;
#3677 = FACE_OUTER_BOUND ( 'NONE', #5871, .T. ) ;
#3678 = EDGE_LOOP ( 'NONE', ( #2509, #10149, #1126, #2948 ) ) ;
#3679 = CYLINDRICAL_SURFACE ( 'NONE', #9322, 0.9750000000000564900 ) ;
#3680 = CARTESIAN_POINT ( 'NONE',  ( -51.32238325557890600, -6.642524237482179600, 6.442697174136659700 ) ) ;
#3681 = ADVANCED_FACE ( 'F243', ( #1339 ), #3962, .T. ) ;
#3682 = LINE ( 'NONE', #2005, #1393 ) ;
#3683 = LINE ( 'NONE', #472, #7902 ) ;
#3684 = VECTOR ( 'NONE', #7378, 1000.000000000000200 ) ;
#3685 = DIRECTION ( 'NONE',  ( 1.749809990794660700E-013, -0.4226182617408547100, -0.9063077870365775500 ) ) ;
#3686 = EDGE_CURVE ( 'NONE', #5094, #4705, #4072, .T. ) ;
#3687 = ADVANCED_FACE ( 'F227', ( #2536 ), #8678, .T. ) ;
#3688 = VERTEX_POINT ( 'NONE', #2941 ) ;
#3689 = VECTOR ( 'NONE', #2389, 1000.000000000000200 ) ;
#3690 = EDGE_CURVE ( 'NONE', #4130, #9703, #7044, .T. ) ;
#3691 = VECTOR ( 'NONE', #6466, 1000.000000000000000 ) ;
#3692 = ORIENTED_EDGE ( 'NONE', *, *, #7000, .F. ) ;
#3693 = CARTESIAN_POINT ( 'NONE',  ( -38.22238325557900400, -4.684927495156521200, 8.418859488348324800 ) ) ;
#3694 = ORIENTED_EDGE ( 'NONE', *, *, #4864, .F. ) ;
#3695 = DIRECTION ( 'NONE',  ( 0.0000000000000000000, 0.9063077870365754400, -0.4226182617408589200 ) ) ;
#3696 = VECTOR ( 'NONE', #9281, 1000.000000000000200 ) ;
#3697 = DIRECTION ( 'NONE',  ( 0.0000000000000000000, 0.9063077870366467200, -0.4226182617407066000 ) ) ;
#3698 = MECHANICAL_DESIGN_GEOMETRIC_PRESENTATION_REPRESENTATION (  '', ( #2526 ), #4263 ) ;
#3700 = CARTESIAN_POINT ( 'NONE',  ( -49.62238325557965600, -8.536769409502365800, 10.24141823171795500 ) ) ;
#3699 = DIRECTION ( 'NONE',  ( 0.0000000000000000000, -0.6427876096865984300, 0.7660444431189286100 ) ) ;
#3701 = DIRECTION ( 'NONE',  ( -1.000000000000000000, 0.0000000000000000000, 0.0000000000000000000 ) ) ;
#3702 = CARTESIAN_POINT ( 'NONE',  ( -47.37611206065500400, -9.685598095244648300, 8.487607639605450100 ) ) ;
#3703 = AXIS2_PLACEMENT_3D ( 'NONE', #276, #2025, #10559 ) ;
#3704 = ORIENTED_EDGE ( 'NONE', *, *, #10174, .F. ) ;
#3705 = VERTEX_POINT ( 'NONE', #8611 ) ;
#3706 = VECTOR ( 'NONE', #7698, 1000.000000000000000 ) ;
#3707 = CIRCLE ( 'NONE', #318, 0.9749999999999200400 ) ;
#3708 = VERTEX_POINT ( 'NONE', #9784 ) ;
#3709 = DIRECTION ( 'NONE',  ( -4.563650266178934800E-014, -0.4226182617406759000, -0.9063077870366611500 ) ) ;
#3710 = VECTOR ( 'NONE', #1100, 1000.000000000000000 ) ;
#3711 = DIRECTION ( 'NONE',  ( -1.908195823579007400E-013, 0.6427876096864561000, -0.7660444431190478500 ) ) ;
#3712 = EDGE_CURVE ( 'NONE', #3654, #5547, #9324, .T. ) ;
#3713 = CARTESIAN_POINT ( 'NONE',  ( -31.42238325557900000, -14.34254205474550000, 1.914915288077699800 ) ) ;
#3714 = EDGE_CURVE ( 'NONE', #3270, #9168, #232, .T. ) ;
#3715 = DIRECTION ( 'NONE',  ( 0.0000000000000000000, -0.6427876096864932900, 0.7660444431190167600 ) ) ;
#3716 = ORIENTED_EDGE ( 'NONE', *, *, #7147, .T. ) ;
#3717 = COLOUR_RGB ( '',1.000000000000000000, 0.6588235294117647000, 0.0000000000000000000 ) ;
#3718 = VECTOR ( 'NONE', #2930, 1000.000000000000000 ) ;
#3719 = ORIENTED_EDGE ( 'NONE', *, *, #2033, .F. ) ;
#3720 = EDGE_CURVE ( 'NONE', #4587, #1445, #4824, .T. ) ;
#3721 = VECTOR ( 'NONE', #3932, 1000.000000000000100 ) ;
#3722 = PRESENTATION_LAYER_ASSIGNMENT (  '', '', ( #1416 ) ) ;
#3723 = VERTEX_POINT ( 'NONE', #8418 ) ;
#3724 = CARTESIAN_POINT ( 'NONE',  ( -50.62238325557901000, -5.863649496057535200, 10.64998882335713900 ) ) ;
#3725 = DIRECTION ( 'NONE',  ( -1.000000000000000000, 6.817949984283902300E-014, -4.506783954631503800E-014 ) ) ;
#3726 = VERTEX_POINT ( 'NONE', #3853 ) ;
#3727 = B_SPLINE_CURVE_WITH_KNOTS ( 'NONE', 3,
 ( #4392, #9457, #6062, #959 ),
 .UNSPECIFIED., .F., .F.,
 ( 4, 4 ),
 ( 0.0000000000000000000, 1.000000000000000000 ),
 .UNSPECIFIED. ) ;
#3728 = CARTESIAN_POINT ( 'NONE',  ( -51.32238325557899800, -10.44295036527502100, 11.42058214781100000 ) ) ;
#3729 = VECTOR ( 'NONE', #385, 1000.000000000000000 ) ;
#3730 = ADVANCED_FACE ( 'F150', ( #8777 ), #8499, .T. ) ;
#3731 = ORIENTED_EDGE ( 'NONE', *, *, #8778, .F. ) ;
#3732 = LINE ( 'NONE', #2348, #10227 ) ;
#3733 = DIRECTION ( 'NONE',  ( 0.0000000000000000000, -0.4226182617406517600, -0.9063077870366722500 ) ) ;
#3734 = CARTESIAN_POINT ( 'NONE',  ( -32.62238325557901000, -3.058464111713020500, 5.474287564937045900 ) ) ;
#3735 = ORIENTED_EDGE ( 'NONE', *, *, #7579, .F. ) ;
#3736 = DIRECTION ( 'NONE',  ( 1.000000000000000000, 6.830280870130652900E-014, -7.807046758802474700E-013 ) ) ;
#3737 = EDGE_CURVE ( 'NONE', #612, #6675, #2275, .T. ) ;
#3738 = DIRECTION ( 'NONE',  ( -1.000000000000000000, 0.0000000000000000000, -0.0000000000000000000 ) ) ;
#3739 = AXIS2_PLACEMENT_3D ( 'NONE', #10288, #6029, #924 ) ;
#3740 = CARTESIAN_POINT ( 'NONE',  ( -51.62238325557900300, -12.81387191729900000, 11.42058214781100000 ) ) ;
#3741 = ORIENTED_EDGE ( 'NONE', *, *, #3200, .F. ) ;
#3742 = ORIENTED_EDGE ( 'NONE', *, *, #6814, .F. ) ;
#3744 = CARTESIAN_POINT ( 'NONE',  ( -51.32238325557899800, -10.89465876071567000, 10.18457516595766800 ) ) ;
#3743 = DIRECTION ( 'NONE',  ( 1.000000000000000000, -8.843810518728433900E-015, 1.053964295791072500E-014 ) ) ;
#3745 = VERTEX_POINT ( 'NONE', #8088 ) ;
#3746 = ADVANCED_FACE ( 'F116', ( #11061 ), #548, .T. ) ;
#3747 = CARTESIAN_POINT ( 'NONE',  ( -37.32238325557862900, -16.85550355454243700, 10.14834716144143000 ) ) ;
#3748 = VECTOR ( 'NONE', #10327, 1000.000000000000300 ) ;
#3749 = ORIENTED_EDGE ( 'NONE', *, *, #3469, .T. ) ;
#3750 = CARTESIAN_POINT ( 'NONE',  ( -50.47238325557870600, -5.649108909683963700, 9.567926153023846000 ) ) ;
#3751 = ORIENTED_EDGE ( 'NONE', *, *, #3432, .T. ) ;
#3752 = CARTESIAN_POINT ( 'NONE',  ( -44.82238325557867900, -8.536769409502397800, 10.24141823171832800 ) ) ;
#3753 = EDGE_CURVE ( 'NONE', #2336, #9021, #6526, .T. ) ;
#3754 = DIRECTION ( 'NONE',  ( 1.000000000000000000, 1.124744024573817900E-013, 9.840235151880140300E-015 ) ) ;
#3755 = CARTESIAN_POINT ( 'NONE',  ( -54.42238325557900000, -10.30468286585200000, 2.900813215047600500 ) ) ;
#3756 = DIRECTION ( 'NONE',  ( -0.0000000000000000000, 0.9961946980917112400, 0.08715574274805108800 ) ) ;
#3757 = ORIENTED_EDGE ( 'NONE', *, *, #3401, .T. ) ;
#3758 = CIRCLE ( 'NONE', #1189, 0.9749999999997615000 ) ;
#3759 = CARTESIAN_POINT ( 'NONE',  ( -54.32238325557953800, -8.536769409501543400, 10.24141823172488100 ) ) ;
#3760 = ORIENTED_EDGE ( 'NONE', *, *, #7803, .F. ) ;
#3761 = DIRECTION ( 'NONE',  ( 1.000000000000000000, 0.0000000000000000000, 0.0000000000000000000 ) ) ;
#3762 = DIRECTION ( 'NONE',  ( 0.0000000000000000000, -0.9063077870366722500, 0.4226182617406517600 ) ) ;
#3763 = CARTESIAN_POINT ( 'NONE',  ( -29.22238325557900000, -17.45058519389677800, 3.915908565221159200 ) ) ;
#3764 = DIRECTION ( 'NONE',  ( 7.836868409121039300E-013, 1.000000000000000000, 0.0000000000000000000 ) ) ;
#3765 = ORIENTED_EDGE ( 'NONE', *, *, #10958, .T. ) ;
#3766 = EDGE_LOOP ( 'NONE', ( #601, #5471, #2996, #6362 ) ) ;
#3767 = MECHANICAL_DESIGN_GEOMETRIC_PRESENTATION_REPRESENTATION (  '', ( #2591 ), #4326 ) ;
#3768 = CARTESIAN_POINT ( 'NONE',  ( -37.32238325557829500, -2.195975099224814400, 3.312496777785633600 ) ) ;
#3769 = ORIENTED_EDGE ( 'NONE', *, *, #2352, .T. ) ;
#3770 = VECTOR ( 'NONE', #384, 1000.000000000000000 ) ;
#3771 = ORIENTED_EDGE ( 'NONE', *, *, #9229, .F. ) ;
#3772 = CARTESIAN_POINT ( 'NONE',  ( -32.62238325557910200, -16.13554670465369900, 11.98757172232697800 ) ) ;
#3773 = PRESENTATION_LAYER_ASSIGNMENT (  '', '', ( #3182 ) ) ;
#3774 = CARTESIAN_POINT ( 'NONE',  ( -43.02238325557900100, -15.36314926910996300, 9.562788721360679000 ) ) ;
#3775 = CARTESIAN_POINT ( 'NONE',  ( -43.02238325557900100, -18.74799982955223500, 15.55468213525498700 ) ) ;
#3776 = EDGE_LOOP ( 'NONE', ( #8743, #9187, #5785, #5067 ) ) ;
#3777 = ORIENTED_EDGE ( 'NONE', *, *, #1241, .F. ) ;
#3778 = VECTOR ( 'NONE', #83, 1000.000000000000000 ) ;
#3780 = CARTESIAN_POINT ( 'NONE',  ( -51.32238325557932500, -10.85100577035645700, 7.289793685851435600 ) ) ;
#3779 = DIRECTION ( 'NONE',  ( 0.0000000000000000000, -0.9961946980917111300, -0.08715574274805217000 ) ) ;
#3781 = ORIENTED_EDGE ( 'NONE', *, *, #3636, .T. ) ;
#3782 = EDGE_CURVE ( 'NONE', #1490, #1639, #2002, .T. ) ;
#3783 = EDGE_CURVE ( 'NONE', #3364, #1147, #40, .T. ) ;
#3784 = CARTESIAN_POINT ( 'NONE',  ( -50.82238325557884900, -4.620648734188019800, 8.342255044036244600 ) ) ;
#3785 = ORIENTED_EDGE ( 'NONE', *, *, #4492, .F. ) ;
#3786 = ADVANCED_FACE ( 'F186', ( #6253 ), #1320, .T. ) ;
#3787 = DIRECTION ( 'NONE',  ( -1.000000000000000000, 0.0000000000000000000, 0.0000000000000000000 ) ) ;
#3788 = EDGE_CURVE ( 'NONE', #4435, #10775, #1731, .T. ) ;
#3789 = LINE ( 'NONE', #4307, #3503 ) ;
#3790 = VECTOR ( 'NONE', #4859, 1000.000000000000000 ) ;
#3791 = CARTESIAN_POINT ( 'NONE',  ( -31.42238325557900000, -12.55164289603800000, 1.631494254870250200 ) ) ;
#3792 = CARTESIAN_POINT ( 'NONE',  ( -42.42238325557900700, -11.03021715377139800, 4.894202288202150100 ) ) ;
#3793 = VECTOR ( 'NONE', #5182, 1000.000000000000000 ) ;
#3794 = EDGE_CURVE ( 'NONE', #6095, #4489, #4033, .T. ) ;
#3795 = ORIENTED_EDGE ( 'NONE', *, *, #2181, .T. ) ;
#3796 = LINE ( 'NONE', #9020, #8010 ) ;
#3797 = EDGE_CURVE ( 'NONE', #5261, #3588, #4291, .T. ) ;
#3798 = ORIENTED_EDGE ( 'NONE', *, *, #9256, .F. ) ;
#3799 = CARTESIAN_POINT ( 'NONE',  ( -37.32238325557858600, -17.82367729925177400, 10.37913840923130100 ) ) ;
#3800 = PLANE ( 'NONE',  #4123 ) ;
#3801 = CARTESIAN_POINT ( 'NONE',  ( -32.62238325557899500, -5.134878821936967000, 8.955090598531413100 ) ) ;
#3802 = LINE ( 'NONE', #7823, #10296 ) ;
#3803 = EDGE_CURVE ( 'NONE', #2029, #9933, #5985, .T. ) ;
#3804 = CARTESIAN_POINT ( 'NONE',  ( -28.92238325557900300, -14.88207438990633800, 9.614304300782517700 ) ) ;
#3805 = CARTESIAN_POINT ( 'NONE',  ( -44.82238325557901200, -7.479210059923949500, 15.46711355467700100 ) ) ;
#3806 = STYLED_ITEM ( 'NONE', ( #2614 ), #4704 ) ;
#3807 = FACE_OUTER_BOUND ( 'NONE', #10942, .T. ) ;
#3808 = ORIENTED_EDGE ( 'NONE', *, *, #9900, .F. ) ;
#3809 = CARTESIAN_POINT ( 'NONE',  ( -33.92238325557900000, -15.30500635544200000, 17.25932166818699900 ) ) ;
#3810 = VECTOR ( 'NONE', #3425, 1000.000000000000100 ) ;
#3811 = LINE ( 'NONE', #833, #10850 ) ;
#3812 = DIRECTION ( 'NONE',  ( 1.000000000000000000, -6.830280870090087800E-014, 7.807046758812214700E-013 ) ) ;
#3813 = CARTESIAN_POINT ( 'NONE',  ( -49.62238325557954300, -8.536769409501632200, 10.24141823172521400 ) ) ;
#3814 = SURFACE_SIDE_STYLE ('',( #6953 ) ) ;
#3815 = ORIENTED_EDGE ( 'NONE', *, *, #8150, .F. ) ;
#3816 = VECTOR ( 'NONE', #8178, 1000.000000000000100 ) ;
#3817 = ORIENTED_EDGE ( 'NONE', *, *, #6385, .T. ) ;
#3818 = SURFACE_STYLE_FILL_AREA ( #4442 ) ;
#3819 = DIRECTION ( 'NONE',  ( 0.0000000000000000000, -0.9063077870366609300, 0.4226182617406760200 ) ) ;
#3820 = CIRCLE ( 'NONE', #6353, 1.174999999999931900 ) ;
#3821 = LINE ( 'NONE', #2232, #10049 ) ;
#3822 = CARTESIAN_POINT ( 'NONE',  ( -35.97238325557899700, -10.77346742025908500, 15.14623035948381600 ) ) ;
#3823 = ORIENTED_EDGE ( 'NONE', *, *, #4638, .F. ) ;
#3824 = FACE_OUTER_BOUND ( 'NONE', #5720, .T. ) ;
#3825 = PLANE ( 'NONE',  #4004 ) ;
#3826 = ORIENTED_EDGE ( 'NONE', *, *, #6800, .T. ) ;
#3827 = CARTESIAN_POINT ( 'NONE',  ( -36.34738325557805200, -21.27076339898475500, 1.283775241921834900 ) ) ;
#3828 = FACE_OUTER_BOUND ( 'NONE', #6636, .T. ) ;
#3829 = ORIENTED_EDGE ( 'NONE', *, *, #3061, .T. ) ;
#3830 = EDGE_LOOP ( 'NONE', ( #10715, #6088 ) ) ;
#3831 = DIRECTION ( 'NONE',  ( 0.0000000000000000000, -0.4226182617406590800, -0.9063077870366687000 ) ) ;
#3832 =( LENGTH_UNIT ( ) NAMED_UNIT ( * ) SI_UNIT ( .MILLI., .METRE. ) );
#3833 = DIRECTION ( 'NONE',  ( -0.9659258262889330900, -0.2345697160102474000, 0.1093816549468584200 ) ) ;
#3834 = DIRECTION ( 'NONE',  ( 0.0000000000000000000, -0.4226182617403064200, -0.9063077870368331200 ) ) ;
#3835 = ORIENTED_EDGE ( 'NONE', *, *, #4848, .F. ) ;
#3836 = LINE ( 'NONE', #5489, #6056 ) ;
#3837 = VECTOR ( 'NONE', #1976, 999.9999999999998900 ) ;
#3838 = ORIENTED_EDGE ( 'NONE', *, *, #378, .T. ) ;
#3839 = PRESENTATION_LAYER_ASSIGNMENT (  '', '', ( #3246 ) ) ;
#3840 = VECTOR ( 'NONE', #1327, 1000.000000000000100 ) ;
#3841 = DIRECTION ( 'NONE',  ( -1.000000000000000000, -0.0000000000000000000, -0.0000000000000000000 ) ) ;
#3842 = ADVANCED_FACE ( 'F235', ( #10266 ), #921, .T. ) ;
#3843 = CARTESIAN_POINT ( 'NONE',  ( -53.12238325557899500, -8.913828252732603400, 8.486332299708299900 ) ) ;
#3844 = DIRECTION ( 'NONE',  ( 0.0000000000000000000, -0.6427876096865984300, 0.7660444431189286100 ) ) ;
#3845 = EDGE_CURVE ( 'NONE', #6095, #2441, #5729, .T. ) ;
#3846 = EDGE_CURVE ( 'NONE', #6184, #7030, #7982, .T. ) ;
#3847 = PLANE ( 'NONE',  #8230 ) ;
#3848 = CARTESIAN_POINT ( 'NONE',  ( -28.92238325557900000, -15.79768861317400100, 5.351906069417097500 ) ) ;
#3849 = LINE ( 'NONE', #739, #8060 ) ;
#3850 = CARTESIAN_POINT ( 'NONE',  ( -36.92238325557900000, -14.80214454774094800, 2.129231450268612000 ) ) ;
#3851 = LINE ( 'NONE', #3221, #5802 ) ;
#3852 = ORIENTED_EDGE ( 'NONE', *, *, #2266, .T. ) ;
#3853 = CARTESIAN_POINT ( 'NONE',  ( -51.32238325557899800, -9.230184465319441100, 8.044524370783019400 ) ) ;
#3854 = LINE ( 'NONE', #6012, #6345 ) ;
#3856 = CARTESIAN_POINT ( 'NONE',  ( -52.82238325557901200, -11.42924294139800200, 17.43141801386499900 ) ) ;
#3855 = CARTESIAN_POINT ( 'NONE',  ( -37.32238325557829500, -3.260886748993136100, 3.809073235331116100 ) ) ;
#3857 = DIRECTION ( 'NONE',  ( 0.7071067811866491600, -0.2988362387300849100, -0.6408563820556927300 ) ) ;
#3858 = ORIENTED_EDGE ( 'NONE', *, *, #5684, .T. ) ;
#3859 = DIRECTION ( 'NONE',  ( 0.0000000000000000000, -0.9063077870366489400, 0.4226182617407016600 ) ) ;
#3860 = VECTOR ( 'NONE', #9950, 1000.000000000000000 ) ;
#3861 = CARTESIAN_POINT ( 'NONE',  ( -41.42238325557756400, -4.684927495156537200, 8.418859488348310500 ) ) ;
#3862 = VERTEX_POINT ( 'NONE', #7151 ) ;
#3863 =( NAMED_UNIT ( * ) SI_UNIT ( $, .STERADIAN. ) SOLID_ANGLE_UNIT ( ) );
#3864 = EDGE_CURVE ( 'NONE', #864, #6663, #7700, .T. ) ;
#3865 = FACE_OUTER_BOUND ( 'NONE', #8618, .T. ) ;
#3866 = DIRECTION ( 'NONE',  ( 1.000000000000000000, 0.0000000000000000000, 0.0000000000000000000 ) ) ;
#3867 = EDGE_CURVE ( 'NONE', #5147, #4912, #9996, .T. ) ;
#3868 =( NAMED_UNIT ( * ) SI_UNIT ( $, .STERADIAN. ) SOLID_ANGLE_UNIT ( ) );
#3869 = ORIENTED_EDGE ( 'NONE', *, *, #8872, .F. ) ;
#3870 = CARTESIAN_POINT ( 'NONE',  ( -37.18493857698453600, -17.28905331656257300, 10.46085252755965200 ) ) ;
#3871 = DIRECTION ( 'NONE',  ( -6.804592731552082800E-014, -1.000000000000000000, 1.790682297776863900E-015 ) ) ;
#3872 = ORIENTED_EDGE ( 'NONE', *, *, #3208, .T. ) ;
#3873 = EDGE_CURVE ( 'NONE', #9240, #8480, #10538, .T. ) ;
#3874 = ORIENTED_EDGE ( 'NONE', *, *, #7734, .T. ) ;
#3875 = AXIS2_PLACEMENT_3D ( 'NONE', #1999, #3697, #9626 ) ;
#3876 = VECTOR ( 'NONE', #5469, 1000.000000000000100 ) ;
#3877 = CARTESIAN_POINT ( 'NONE',  ( -37.32238325557877100, -3.303148575166256200, 3.718442456627702300 ) ) ;
#3878 = EDGE_LOOP ( 'NONE', ( #5009, #2793, #5644, #4797, #2691, #4762 ) ) ;
#3879 = CARTESIAN_POINT ( 'NONE',  ( -31.42238325557900000, -14.95360256084200000, 3.579079880369800300 ) ) ;
#3880 = VERTEX_POINT ( 'NONE', #6972 ) ;
#3881 = CARTESIAN_POINT ( 'NONE',  ( -29.22238325557900000, -6.807464074697000100, 1.159695518592200000 ) ) ;
#3882 = ORIENTED_EDGE ( 'NONE', *, *, #5380, .F. ) ;
#3883 = PLANE ( 'NONE',  #2513 ) ;
#3884 = ORIENTED_EDGE ( 'NONE', *, *, #3432, .F. ) ;
#3885 = DIRECTION ( 'NONE',  ( 0.0000000000000000000, 0.9063077870366520500, -0.4226182617406951100 ) ) ;
#3886 =( GEOMETRIC_REPRESENTATION_CONTEXT ( 3 ) GLOBAL_UNCERTAINTY_ASSIGNED_CONTEXT ( ( #2402 ) ) GLOBAL_UNIT_ASSIGNED_CONTEXT ( ( #4267, #10203, #5106 ) ) REPRESENTATION_CONTEXT ( 'NONE', 'WORKASPACE' ) );
#3887 = DIRECTION ( 'NONE',  ( 0.0000000000000000000, -1.000000000000000000, 0.0000000000000000000 ) ) ;
#3888 = DIRECTION ( 'NONE',  ( 4.214079423258916900E-014, -0.4226182617407658900, -0.9063077870366189600 ) ) ;
#3889 = ORIENTED_EDGE ( 'NONE', *, *, #9886, .F. ) ;
#3890 = CARTESIAN_POINT ( 'NONE',  ( -51.32238325557874200, -5.540365084889835100, 9.593902691839399900 ) ) ;
#3891 = CARTESIAN_POINT ( 'NONE',  ( -37.98302097955137000, -16.03414162059473500, 9.875677593421077200 ) ) ;
#3892 = EDGE_LOOP ( 'NONE', ( #4604, #6100 ) ) ;
#3893 = DIRECTION ( 'NONE',  ( 0.0000000000000000000, 7.502679033599687700E-013, -1.000000000000000000 ) ) ;
#3894 = VERTEX_POINT ( 'NONE', #7066 ) ;
#3895 = VECTOR ( 'NONE', #1087, 1000.000000000000100 ) ;
#3896 = CARTESIAN_POINT ( 'NONE',  ( -32.02238325557899400, -4.888494468759950500, 0.08571491708759962400 ) ) ;
#3897 = ADVANCED_FACE ( 'F210', ( #917 ), #2799, .T. ) ;
#3898 = ORIENTED_EDGE ( 'NONE', *, *, #5416, .F. ) ;
#3899 = DIRECTION ( 'NONE',  ( 0.0000000000000000000, 0.4226182617405458400, 0.9063077870367215500 ) ) ;
#3900 =( GEOMETRIC_REPRESENTATION_CONTEXT ( 3 ) GLOBAL_UNCERTAINTY_ASSIGNED_CONTEXT ( ( #4991 ) ) GLOBAL_UNIT_ASSIGNED_CONTEXT ( ( #1624, #1664, #1707 ) ) REPRESENTATION_CONTEXT ( 'NONE', 'WORKASPACE' ) );
#3901 = CARTESIAN_POINT ( 'NONE',  ( -53.12238325557878900, -8.536769409502307200, 10.24141823171902900 ) ) ;
#3902 = DIRECTION ( 'NONE',  ( -0.9985991029009406700, 0.03401210090163540200, -0.04053404344120209400 ) ) ;
#3903 = CARTESIAN_POINT ( 'NONE',  ( -52.82238325557953800, -12.71488887246577100, 15.22070711199455100 ) ) ;
#3904 = ORIENTED_EDGE ( 'NONE', *, *, #9096, .F. ) ;
#3905 = DIRECTION ( 'NONE',  ( 0.0000000000000000000, 0.08715574274759076100, -0.9961946980917514300 ) ) ;
#3906 = PRESENTATION_LAYER_ASSIGNMENT (  '', '', ( #2738 ) ) ;
#3907 = ORIENTED_EDGE ( 'NONE', *, *, #7782, .F. ) ;
#3908 = ORIENTED_EDGE ( 'NONE', *, *, #9375, .F. ) ;
#3909 = VECTOR ( 'NONE', #9399, 1000.000000000000100 ) ;
#3910 = EDGE_CURVE ( 'NONE', #9264, #8082, #7429, .T. ) ;
#3911 = EDGE_LOOP ( 'NONE', ( #9364, #613, #9591, #8453, #8627, #9766, #4385, #6777, #5902, #4806, #5023, #2480, #2683, #2097 ) ) ;
#3912 = PLANE ( 'NONE',  #624 ) ;
#3913 = DIRECTION ( 'NONE',  ( -1.000000000000000000, 0.0000000000000000000, 0.0000000000000000000 ) ) ;
#3914 = CARTESIAN_POINT ( 'NONE',  ( -32.62238325557900300, -12.27975055992602900, 1.504708776347674500 ) ) ;
#3915 = PRESENTATION_LAYER_ASSIGNMENT (  '', '', ( #2743 ) ) ;
#3916 = DIRECTION ( 'NONE',  ( -0.05291343577425573800, -0.6418871303887860900, 0.7649712936808892300 ) ) ;
#3917 = ORIENTED_EDGE ( 'NONE', *, *, #1093, .T. ) ;
#3918 = CARTESIAN_POINT ( 'NONE',  ( -51.32238325557893400, -10.69542013671407000, 6.558657441510146800 ) ) ;
#3919 = ORIENTED_EDGE ( 'NONE', *, *, #28, .F. ) ;
#3920 = PRESENTATION_STYLE_ASSIGNMENT (( #2383 ) ) ;
#3921 = CARTESIAN_POINT ( 'NONE',  ( -53.12238325557941500, -6.875854221563801400, 6.240210332497508000 ) ) ;
#3922 = VECTOR ( 'NONE', #9015, 1000.000000000000100 ) ;
#3923 = CARTESIAN_POINT ( 'NONE',  ( -33.92238325557900000, -17.74764485560999800, 3.502740800925800500 ) ) ;
#3924 = DIRECTION ( 'NONE',  ( 0.0000000000000000000, 0.4226182617407016100, 0.9063077870366488300 ) ) ;
#3925 = ORIENTED_EDGE ( 'NONE', *, *, #11101, .T. ) ;
#3926 = CARTESIAN_POINT ( 'NONE',  ( -51.62238325557900300, -12.02056399136204900, 3.480257116228000900 ) ) ;
#3927 = ORIENTED_EDGE ( 'NONE', *, *, #5542, .T. ) ;
#3928 = EDGE_CURVE ( 'NONE', #8866, #4695, #2949, .T. ) ;
#3929 = VECTOR ( 'NONE', #7409, 1000.000000000000000 ) ;
#3930 = EDGE_CURVE ( 'NONE', #3084, #2276, #5201, .T. ) ;
#3931 = VECTOR ( 'NONE', #673, 1000.000000000000000 ) ;
#3932 = DIRECTION ( 'NONE',  ( 0.0000000000000000000, -0.4226182617406943900, -0.9063077870366522700 ) ) ;
#3933 = PLANE ( 'NONE',  #3546 ) ;
#3934 = EDGE_CURVE ( 'NONE', #1822, #9420, #7171, .T. ) ;
#3935 = FACE_OUTER_BOUND ( 'NONE', #9532, .T. ) ;
#3936 = ORIENTED_EDGE ( 'NONE', *, *, #9146, .F. ) ;
#3937 = DIRECTION ( 'NONE',  ( 0.0000000000000000000, -0.9063077870366723600, 0.4226182617406515900 ) ) ;
#3938 = AXIS2_PLACEMENT_3D ( 'NONE', #8160, #6213, #1113 ) ;
#3939 = CARTESIAN_POINT ( 'NONE',  ( -43.12984086573100500, -6.227617758401801300, 10.25736615183100000 ) ) ;
#3940 = CARTESIAN_POINT ( 'NONE',  ( -37.32238325557877100, -3.303148575166256200, 3.718442456627702300 ) ) ;
#3941 = LINE ( 'NONE', #9273, #10167 ) ;
#3942 = CARTESIAN_POINT ( 'NONE',  ( -33.92238325557900000, -14.80214454774084500, 2.129231450268480200 ) ) ;
#3943 = DIRECTION ( 'NONE',  ( 0.0000000000000000000, -0.9063077870366812400, 0.4226182617406326600 ) ) ;
#3944 = ADVANCED_FACE ( 'F305', ( #2673 ), #8907, .F. ) ;
#3945 = CARTESIAN_POINT ( 'NONE',  ( -54.32238325557817400, -10.41264740910586700, 3.497451911324649400 ) ) ;
#3946 = VECTOR ( 'NONE', #7552, 1000.000000000000000 ) ;
#3947 = ORIENTED_EDGE ( 'NONE', *, *, #9456, .T. ) ;
#3948 = LINE ( 'NONE', #3856, #10438 ) ;
#3949 = DIRECTION ( 'NONE',  ( -1.000000000000000000, 0.0000000000000000000, 0.0000000000000000000 ) ) ;
#3950 = VECTOR ( 'NONE', #3007, 1000.000000000000200 ) ;
#3951 = DIRECTION ( 'NONE',  ( -0.0000000000000000000, 0.7660444431189765700, 0.6427876096865411400 ) ) ;
#3952 = VECTOR ( 'NONE', #7555, 1000.000000000000200 ) ;
#3953 = EDGE_CURVE ( 'NONE', #3500, #5468, #91, .T. ) ;
#3954 = AXIS2_PLACEMENT_3D ( 'NONE', #1438, #2295, #8235 ) ;
#3955 = ADVANCED_FACE ( 'F152', ( #635 ), #396, .T. ) ;
#3956 = DIRECTION ( 'NONE',  ( 0.9962405881956830600, 0.05568444403121550200, -0.06636213622581835200 ) ) ;
#3957 = ORIENTED_EDGE ( 'NONE', *, *, #3278, .T. ) ;
#3958 = LINE ( 'NONE', #10549, #5901 ) ;
#3959 = EDGE_LOOP ( 'NONE', ( #826, #6089, #1725, #5548 ) ) ;
#3960 = LINE ( 'NONE', #2219, #1653 ) ;
#3961 = CARTESIAN_POINT ( 'NONE',  ( -51.62238325557901000, -10.60382141096300200, 11.42058214781099900 ) ) ;
#3962 = PLANE ( 'NONE',  #454 ) ;
#3963 = CIRCLE ( 'NONE', #1364, 0.8500000000000053100 ) ;
#3964 = DIRECTION ( 'NONE',  ( 1.000000000000000000, -0.0000000000000000000, -0.0000000000000000000 ) ) ;
#3965 = EDGE_CURVE ( 'NONE', #9920, #1835, #2393, .T. ) ;
#3966 = ORIENTED_EDGE ( 'NONE', *, *, #6015, .F. ) ;
#3967 = VECTOR ( 'NONE', #3192, 1000.000000000000000 ) ;
#3968 = LINE ( 'NONE', #4816, #3691 ) ;
#3969 = ORIENTED_EDGE ( 'NONE', *, *, #5288, .F. ) ;
#3970 = DIRECTION ( 'NONE',  ( -0.0000000000000000000, 0.4226182617407197600, 0.9063077870366405000 ) ) ;
#3971 = ORIENTED_EDGE ( 'NONE', *, *, #9604, .T. ) ;
#3972 = VECTOR ( 'NONE', #11078, 1000.000000000000000 ) ;
#3973 = SURFACE_SIDE_STYLE ('',( #5690 ) ) ;
#3974 = DIRECTION ( 'NONE',  ( -0.0000000000000000000, 0.9063077870366280700, -0.4226182617407464000 ) ) ;
#3975 = CARTESIAN_POINT ( 'NONE',  ( -40.42238325557900000, -9.123429179502068100, 2.239647782982465700 ) ) ;
#3976 = DIRECTION ( 'NONE',  ( 1.000000000000000000, 0.0000000000000000000, 0.0000000000000000000 ) ) ;
#3977 = VECTOR ( 'NONE', #8641, 1000.000000000000000 ) ;
#3978 = CARTESIAN_POINT ( 'NONE',  ( -53.12238325557812100, -14.43676940950252400, 10.24141823171909100 ) ) ;
#3979 = LINE ( 'NONE', #1749, #11002 ) ;
#3980 = ORIENTED_EDGE ( 'NONE', *, *, #9237, .F. ) ;
#3981 = DIRECTION ( 'NONE',  ( -3.071917268905175700E-013, 0.4226182617406878900, 0.9063077870366553800 ) ) ;
#3982 = AXIS2_PLACEMENT_3D ( 'NONE', #333, #9036, #6474 ) ;
#3983 = CARTESIAN_POINT ( 'NONE',  ( -38.18202511115729400, -17.41198284201532000, 10.51817550669104600 ) ) ;
#3984 = DIRECTION ( 'NONE',  ( -0.0000000000000000000, 0.7660444431189372700, 0.6427876096865878800 ) ) ;
#3985 = PRESENTATION_LAYER_ASSIGNMENT (  '', '', ( #1669 ) ) ;
#3986 = LINE ( 'NONE', #2572, #6208 ) ;
#3987 = PLANE ( 'NONE',  #2259 ) ;
#3988 = DIRECTION ( 'NONE',  ( 0.0000000000000000000, 0.9063077870366660300, -0.4226182617406652500 ) ) ;
#3989 = LINE ( 'NONE', #7998, #8205 ) ;
#3990 = VERTEX_POINT ( 'NONE', #4947 ) ;
#3991 = LINE ( 'NONE', #365, #8210 ) ;
#3992 = CARTESIAN_POINT ( 'NONE',  ( -51.32238325557899800, -9.502076801430318300, 8.171309849305179900 ) ) ;
#3993 = EDGE_CURVE ( 'NONE', #9067, #1194, #6906, .T. ) ;
#3994 = EDGE_CURVE ( 'NONE', #972, #4598, #6653, .T. ) ;
#3995 = EDGE_LOOP ( 'NONE', ( #9355, #10507, #3919, #8185 ) ) ;
#3996 = CARTESIAN_POINT ( 'NONE',  ( -51.32238325557919700, -7.937756628423721300, 6.329379023296835900 ) ) ;
#3997 = CARTESIAN_POINT ( 'NONE',  ( -51.32238325557880600, -12.21062704092809500, 8.286504585099306700 ) ) ;
#3998 = DIRECTION ( 'NONE',  ( 1.000000000000000000, 0.0000000000000000000, 0.0000000000000000000 ) ) ;
#3999 = FACE_OUTER_BOUND ( 'NONE', #4852, .T. ) ;
#4000 = ADVANCED_FACE ( 'F157', ( #9179 ), #4159, .T. ) ;
#4001 = VERTEX_POINT ( 'NONE', #6122 ) ;
#4002 = EDGE_CURVE ( 'NONE', #10104, #2689, #6392, .T. ) ;
#4003 = CIRCLE ( 'NONE', #5518, 0.1999999999999866300 ) ;
#4004 = AXIS2_PLACEMENT_3D ( 'NONE', #3755, #3644, #3631 ) ;
#4005 = ORIENTED_EDGE ( 'NONE', *, *, #8932, .T. ) ;
#4006 = ADVANCED_FACE ( 'F4', ( #10927 ), #9655, .T. ) ;
#4007 = EDGE_LOOP ( 'NONE', ( #9711, #8269, #8041, #10129 ) ) ;
#4008 = DIRECTION ( 'NONE',  ( -1.000000000000000000, 0.0000000000000000000, 0.0000000000000000000 ) ) ;
#4009 = EDGE_CURVE ( 'NONE', #2111, #5632, #8376, .T. ) ;
#4010 = DIRECTION ( 'NONE',  ( 1.329483194096452300E-014, 0.4226182617407498500, 0.9063077870366265100 ) ) ;
#4011 = EDGE_CURVE ( 'NONE', #10536, #5787, #4423, .T. ) ;
#4012 = ORIENTED_EDGE ( 'NONE', *, *, #7015, .F. ) ;
#4013 = CARTESIAN_POINT ( 'NONE',  ( -53.12238325557869000, -11.70884666412950300, 10.87058214781170700 ) ) ;
#4014 = CARTESIAN_POINT ( 'NONE',  ( -36.92238325557900000, -17.74764485560997700, 3.502740800925851200 ) ) ;
#4015 = CARTESIAN_POINT ( 'NONE',  ( -51.32238325557899800, -5.805547968780598600, 9.443218198352402800 ) ) ;
#4016 = ORIENTED_EDGE ( 'NONE', *, *, #5332, .F. ) ;
#4017 = EDGE_CURVE ( 'NONE', #335, #8996, #10669, .T. ) ;
#4018 = MECHANICAL_DESIGN_GEOMETRIC_PRESENTATION_REPRESENTATION (  '', ( #2273 ), #4573 ) ;
#4019 = AXIS2_PLACEMENT_3D ( 'NONE', #3258, #4973, #10918 ) ;
#4020 = DIRECTION ( 'NONE',  ( 1.000000000000000000, 6.807801527363549800E-014, -6.743438870400674900E-014 ) ) ;
#4021 = ORIENTED_EDGE ( 'NONE', *, *, #6171, .F. ) ;
#4022 = LINE ( 'NONE', #7397, #8504 ) ;
#4023 = CARTESIAN_POINT ( 'NONE',  ( -30.82238325557899800, -19.58000647323202200, 4.967475480784011100 ) ) ;
#4024 = EDGE_LOOP ( 'NONE', ( #723, #9749, #8957, #7144 ) ) ;
#4025 = CARTESIAN_POINT ( 'NONE',  ( -37.39412056930068900, -20.56347464539159000, 0.9539610795946150700 ) ) ;
#4026 = CARTESIAN_POINT ( 'NONE',  ( -47.37611206065550800, -10.23384666413299900, 11.42058214781100000 ) ) ;
#4027 = ORIENTED_EDGE ( 'NONE', *, *, #6204, .T. ) ;
#4028 = AXIS2_PLACEMENT_3D ( 'NONE', #8715, #5376, #237 ) ;
#4029 = ORIENTED_EDGE ( 'NONE', *, *, #5047, .F. ) ;
#4030 = CARTESIAN_POINT ( 'NONE',  ( -47.57238325557933200, -10.95884666412803700, 11.32058214781301900 ) ) ;
#4031 = EDGE_LOOP ( 'NONE', ( #6568, #3183, #7856, #5400 ) ) ;
#4032 = ORIENTED_EDGE ( 'NONE', *, *, #3333, .T. ) ;
#4033 = LINE ( 'NONE', #7828, #8249 ) ;
#4034 = DIRECTION ( 'NONE',  ( 0.0000000000000000000, -0.4226182617407772100, -0.9063077870366137400 ) ) ;
#4035 = ORIENTED_EDGE ( 'NONE', *, *, #3213, .T. ) ;
#4036 = VERTEX_POINT ( 'NONE', #5855 ) ;
#4037 = ORIENTED_EDGE ( 'NONE', *, *, #307, .T. ) ;
#4038 = CARTESIAN_POINT ( 'NONE',  ( -37.32238325557815300, -5.965643624132851200, -1.991296601703588000 ) ) ;
#4039 = AXIS2_PLACEMENT_3D ( 'NONE', #4862, #4450, #6127 ) ;
#4040 = CARTESIAN_POINT ( 'NONE',  ( -51.32238325557883500, -10.97569349956955200, 8.899793627772325500 ) ) ;
#4041 = LINE ( 'NONE', #668, #8261 ) ;
#4042 = VERTEX_POINT ( 'NONE', #5824 ) ;
#4043 = DIRECTION ( 'NONE',  ( 0.0000000000000000000, 0.9063077870369216100, -0.4226182617401169100 ) ) ;
#4044 = DIRECTION ( 'NONE',  ( 0.0000000000000000000, 0.9063077870366663700, -0.4226182617406641400 ) ) ;
#4045 = CLOSED_SHELL ( 'NONE', ( #48, #6932, #1931, #9203, #1680, #2247, #6683, #9267, #2805, #996 ) ) ;
#4046 = ORIENTED_EDGE ( 'NONE', *, *, #4052, .T. ) ;
#4047 = ADVANCED_FACE ( 'F65', ( #1592 ), #1958, .T. ) ;
#4048 = EDGE_CURVE ( 'NONE', #9989, #8608, #5070, .T. ) ;
#4049 = VECTOR ( 'NONE', #7808, 1000.000000000000200 ) ;
#4050 = LINE ( 'NONE', #4445, #6272 ) ;
#4051 = FACE_OUTER_BOUND ( 'NONE', #1439, .T. ) ;
#4052 = EDGE_CURVE ( 'NONE', #4773, #9507, #7299, .T. ) ;
#4053 = DIRECTION ( 'NONE',  ( 0.0000000000000000000, 0.9063077870366160700, -0.4226182617407723800 ) ) ;
#4054 = CARTESIAN_POINT ( 'NONE',  ( -32.62238325557899500, -12.25709286525095200, 1.494143319804503800 ) ) ;
#4055 = CARTESIAN_POINT ( 'NONE',  ( -33.32238325557899800, -15.48187538801800000, 2.446195146573999900 ) ) ;
#4056 = ADVANCED_FACE ( 'F84', ( #766, #2794 ), #5223, .T. ) ;
#4057 = VECTOR ( 'NONE', #5149, 1000.000000000000000 ) ;
#4058 =( GEOMETRIC_REPRESENTATION_CONTEXT ( 3 ) GLOBAL_UNCERTAINTY_ASSIGNED_CONTEXT ( ( #1401 ) ) GLOBAL_UNIT_ASSIGNED_CONTEXT ( ( #6370, #6355, #6332 ) ) REPRESENTATION_CONTEXT ( 'NONE', 'WORKASPACE' ) );
#4059 = EDGE_LOOP ( 'NONE', ( #853, #7565, #1823, #3054 ) ) ;
#4060 = VECTOR ( 'NONE', #3052, 1000.000000000000000 ) ;
#4061 = CARTESIAN_POINT ( 'NONE',  ( -37.83700300750993500, -20.92992672386782600, 1.124840490134944500 ) ) ;
#4062 = CYLINDRICAL_SURFACE ( 'NONE', #3604, 1.199999999999809700 ) ;
#4063 =( GEOMETRIC_REPRESENTATION_CONTEXT ( 3 ) GLOBAL_UNCERTAINTY_ASSIGNED_CONTEXT ( ( #8625 ) ) GLOBAL_UNIT_ASSIGNED_CONTEXT ( ( #5959, #848, #6811 ) ) REPRESENTATION_CONTEXT ( 'NONE', 'WORKASPACE' ) );
#4064 = PLANE ( 'NONE',  #3229 ) ;
#4065 = CARTESIAN_POINT ( 'NONE',  ( -53.12238325557899500, -9.958846664129000100, 11.32058214780999900 ) ) ;
#4066 = CARTESIAN_POINT ( 'NONE',  ( -51.32238325557932500, -11.40282360989480800, 12.52823013739523700 ) ) ;
#4067 = VECTOR ( 'NONE', #4535, 1000.000000000000100 ) ;
#4068 = EDGE_CURVE ( 'NONE', #5015, #6792, #4022, .T. ) ;
#4069 = ORIENTED_EDGE ( 'NONE', *, *, #9535, .F. ) ;
#4070 = PRESENTATION_STYLE_ASSIGNMENT (( #1775 ) ) ;
#4071 = EDGE_CURVE ( 'NONE', #2392, #3355, #10791, .T. ) ;
#4072 = B_SPLINE_CURVE_WITH_KNOTS ( 'NONE', 3,
 ( #7244, #1307, #8832, #8797, #5019, #10961 ),
 .UNSPECIFIED., .F., .F.,
 ( 4, 2, 4 ),
 ( 0.0000000000000000000, 0.3509245789571935300, 0.7018491579143870700 ),
 .UNSPECIFIED. ) ;
#4073 = VECTOR ( 'NONE', #7575, 1000.000000000000000 ) ;
#4074 = LINE ( 'NONE', #6364, #6028 ) ;
#4075 = EDGE_CURVE ( 'NONE', #2546, #10878, #1721, .T. ) ;
#4076 = CARTESIAN_POINT ( 'NONE',  ( -37.32238325557829500, -3.260886748993094400, 3.809073235331189800 ) ) ;
#4077 = ORIENTED_EDGE ( 'NONE', *, *, #6956, .F. ) ;
#4078 = AXIS2_PLACEMENT_3D ( 'NONE', #4357, #2901, #8823 ) ;
#4079 = FACE_OUTER_BOUND ( 'NONE', #3231, .T. ) ;
#4080 = EDGE_LOOP ( 'NONE', ( #6590, #8767, #10697, #6740 ) ) ;
#4081 = CARTESIAN_POINT ( 'NONE',  ( -31.42238325557900000, -14.42532973366603600, 4.711964614165523800 ) ) ;
#4082 = VECTOR ( 'NONE', #7975, 999.9999999999998900 ) ;
#4083 = CARTESIAN_POINT ( 'NONE',  ( -37.04834025972834200, -17.23777362840467800, 10.43694041626386800 ) ) ;
#4084 = CARTESIAN_POINT ( 'NONE',  ( -30.82238325557899800, -12.76384686860154900, 11.42058214781100000 ) ) ;
#4085 = VECTOR ( 'NONE', #66, 1000.000000000000000 ) ;
#4086 = ORIENTED_EDGE ( 'NONE', *, *, #443, .F. ) ;
#4087 = ORIENTED_EDGE ( 'NONE', *, *, #6797, .T. ) ;
#4088 = VECTOR ( 'NONE', #8551, 1000.000000000000000 ) ;
#4089 = ORIENTED_EDGE ( 'NONE', *, *, #9172, .F. ) ;
#4090 = CARTESIAN_POINT ( 'NONE',  ( -40.40687423694200200, -8.913828252732603400, 8.486332299708299900 ) ) ;
#4091 = VECTOR ( 'NONE', #3242, 1000.000000000000100 ) ;
#4092 = CARTESIAN_POINT ( 'NONE',  ( -30.12238325557900300, -15.94339527695300200, 5.419850202581301300 ) ) ;
#4093 = EDGE_LOOP ( 'NONE', ( #9205, #9039, #3125, #8751 ) ) ;
#4094 = ORIENTED_EDGE ( 'NONE', *, *, #6800, .F. ) ;
#4095 = EDGE_CURVE ( 'NONE', #2376, #86, #6238, .T. ) ;
#4096 = AXIS2_PLACEMENT_3D ( 'NONE', #3181, #9115, #4053 ) ;
#4097 = COLOUR_RGB ( '',1.000000000000000000, 0.3294117647058823500, 0.0000000000000000000 ) ;
#4098 = PLANE ( 'NONE',  #2848 ) ;
#4099 = DIRECTION ( 'NONE',  ( -0.0000000000000000000, 0.9063077870366492700, -0.4226182617407008800 ) ) ;
#4100 = CARTESIAN_POINT ( 'NONE',  ( -37.46274366287935500, -21.50285355094617400, 1.392000657164107500 ) ) ;
#4101 = DIRECTION ( 'NONE',  ( -0.7071067811864389900, -0.2988362387301412600, -0.6408563820558984500 ) ) ;
#4102 = LINE ( 'NONE', #2071, #8319 ) ;
#4103 = VERTEX_POINT ( 'NONE', #5420 ) ;
#4104 = PLANE ( 'NONE',  #2923 ) ;
#4105 = ADVANCED_FACE ( 'F158', ( #7970 ), #3471, .T. ) ;
#4106 = CYLINDRICAL_SURFACE ( 'NONE', #1821, 0.9750000000000564900 ) ;
#4107 = DIRECTION ( 'NONE',  ( 0.0000000000000000000, 0.9063077308089345600, -0.4226183823214032000 ) ) ;
#4108 = AXIS2_PLACEMENT_3D ( 'NONE', #557, #681, #519 ) ;
#4109 = CARTESIAN_POINT ( 'NONE',  ( -47.57238325557931800, -7.803543594157688700, 7.664777785437281400 ) ) ;
#4110 = VERTEX_POINT ( 'NONE', #1945 ) ;
#4111 = EDGE_LOOP ( 'NONE', ( #7060, #2602, #87, #3263 ) ) ;
#4112 = LINE ( 'NONE', #6092, #1824 ) ;
#4113 = LINE ( 'NONE', #610, #10626 ) ;
#4114 = ADVANCED_FACE ( 'F229', ( #1185 ), #6495, .T. ) ;
#4115 = ORIENTED_EDGE ( 'NONE', *, *, #8778, .T. ) ;
#4116 = DIRECTION ( 'NONE',  ( 0.0000000000000000000, 0.9063077870366500500, -0.4226182617406993300 ) ) ;
#4117 = VECTOR ( 'NONE', #8506, 1000.000000000000000 ) ;
#4118 = DIRECTION ( 'NONE',  ( -1.000000000000000000, -0.0000000000000000000, -0.0000000000000000000 ) ) ;
#4119 = CARTESIAN_POINT ( 'NONE',  ( -37.32238325557845800, -4.229060493701903000, 4.039864483120892300 ) ) ;
#4120 = EDGE_LOOP ( 'NONE', ( #344, #2533, #11000, #10372 ) ) ;
#4121 = CARTESIAN_POINT ( 'NONE',  ( -32.62238325557900300, -14.40835717019705000, -1.640381880528976500 ) ) ;
#4122 = DIRECTION ( 'NONE',  ( 0.0000000000000000000, 0.4226182617414675500, 0.9063077870362917800 ) ) ;
#4123 = AXIS2_PLACEMENT_3D ( 'NONE', #3843, #3762, #3733 ) ;
#4124 = LINE ( 'NONE', #4830, #8344 ) ;
#4125 = ORIENTED_EDGE ( 'NONE', *, *, #3864, .T. ) ;
#4126 = B_SPLINE_CURVE_WITH_KNOTS ( 'NONE', 3,
 ( #7996, #8056, #8070, #7962 ),
 .UNSPECIFIED., .F., .F.,
 ( 4, 4 ),
 ( 0.0000000000000000000, 1.000000000000000000 ),
 .UNSPECIFIED. ) ;
#4127 = CARTESIAN_POINT ( 'NONE',  ( -53.12238325557889600, -9.165933325593522700, 7.069340977090747400 ) ) ;
#4128 = CIRCLE ( 'NONE', #4192, 0.5999999999998133500 ) ;
#4129 = CARTESIAN_POINT ( 'NONE',  ( -32.62238325557900300, -16.45263133635100100, 11.67415310485500000 ) ) ;
#4130 = VERTEX_POINT ( 'NONE', #9272 ) ;
#4131 = DIRECTION ( 'NONE',  ( -0.0000000000000000000, 0.9063077870366472700, -0.4226182617407052100 ) ) ;
#4132 = ORIENTED_EDGE ( 'NONE', *, *, #1546, .T. ) ;
#4133 = EDGE_LOOP ( 'NONE', ( #580, #4514, #8637, #7930 ) ) ;
#4134 = DIRECTION ( 'NONE',  ( -7.755234363190351900E-014, 0.0000000000000000000, 1.000000000000000000 ) ) ;
#4135 = EDGE_CURVE ( 'NONE', #2751, #8726, #5719, .T. ) ;
#4136 = EDGE_CURVE ( 'NONE', #4242, #4395, #8240, .T. ) ;
#4137 = DIRECTION ( 'NONE',  ( -0.0000000000000000000, 0.7660444431194076700, 0.6427876096860272200 ) ) ;
#4138 = CARTESIAN_POINT ( 'NONE',  ( -47.57238325557902700, -12.45884666412902500, 12.12058214781102100 ) ) ;
#4139 = DIRECTION ( 'NONE',  ( 1.000000000000000000, 0.0000000000000000000, 0.0000000000000000000 ) ) ;
#4140 = EDGE_LOOP ( 'NONE', ( #7997, #7768, #5589, #6438 ) ) ;
#4141 = CARTESIAN_POINT ( 'NONE',  ( -35.02238325557853200, -5.594505487808530300, 8.569418032719642800 ) ) ;
#4142 = ORIENTED_EDGE ( 'NONE', *, *, #4929, .F. ) ;
#4143 = EDGE_CURVE ( 'NONE', #3894, #2720, #3758, .T. ) ;
#4144 = ORIENTED_EDGE ( 'NONE', *, *, #5246, .T. ) ;
#4145 = PRESENTATION_LAYER_ASSIGNMENT (  '', '', ( #3562 ) ) ;
#4146 = ORIENTED_EDGE ( 'NONE', *, *, #4017, .T. ) ;
#4147 = VECTOR ( 'NONE', #5811, 1000.000000000000000 ) ;
#4148 = ORIENTED_EDGE ( 'NONE', *, *, #9597, .T. ) ;
#4149 = DIRECTION ( 'NONE',  ( 7.836868409123277900E-013, 0.0000000000000000000, -1.000000000000000000 ) ) ;
#4150 = EDGE_CURVE ( 'NONE', #3456, #9871, #7689, .T. ) ;
#4151 = DIRECTION ( 'NONE',  ( 1.000000000000000000, -6.003389496264595400E-013, 5.037441912129634800E-013 ) ) ;
#4152 = DIRECTION ( 'NONE',  ( -0.0000000000000000000, 0.4226182617407865900, 0.9063077870366093000 ) ) ;
#4153 = ORIENTED_EDGE ( 'NONE', *, *, #7556, .F. ) ;
#4154 = DIRECTION ( 'NONE',  ( 0.0000000000000000000, -0.9063077870366492700, 0.4226182617407007200 ) ) ;
#4155 = DIRECTION ( 'NONE',  ( 0.0000000000000000000, 0.4226182617407128200, 0.9063077870366437200 ) ) ;
#4156 = VERTEX_POINT ( 'NONE', #4547 ) ;
#4157 = EDGE_CURVE ( 'NONE', #9230, #6963, #9726, .T. ) ;
#4158 =( GEOMETRIC_REPRESENTATION_CONTEXT ( 3 ) GLOBAL_UNCERTAINTY_ASSIGNED_CONTEXT ( ( #6282 ) ) GLOBAL_UNIT_ASSIGNED_CONTEXT ( ( #6151, #1057, #6998 ) ) REPRESENTATION_CONTEXT ( 'NONE', 'WORKASPACE' ) );
#4159 = CYLINDRICAL_SURFACE ( 'NONE', #2551, 7.750000000024439100 ) ;
#4160 = ADVANCED_FACE ( 'F219', ( #906 ), #4104, .T. ) ;
#4161 = AXIS2_PLACEMENT_3D ( 'NONE', #8995, #10730, #5617 ) ;
#4162 = ORIENTED_EDGE ( 'NONE', *, *, #1286, .F. ) ;
#4163 = CARTESIAN_POINT ( 'NONE',  ( -43.02238325557900100, -21.01035288894195600, 5.024166543192301000 ) ) ;
#4164 =( LENGTH_UNIT ( ) NAMED_UNIT ( * ) SI_UNIT ( .MILLI., .METRE. ) );
#4165 = DIRECTION ( 'NONE',  ( -0.9659258262887872000, -0.2345697160108556300, 0.1093816549468428800 ) ) ;
#4166 = CARTESIAN_POINT ( 'NONE',  ( -53.12238325557914500, -9.336446514473204100, 7.580024512671860400 ) ) ;
#4167 = VERTEX_POINT ( 'NONE', #1226 ) ;
#4168 = DIRECTION ( 'NONE',  ( 0.0000000000000000000, 0.4226182617407107100, 0.9063077870366447200 ) ) ;
#4169 = ADVANCED_FACE ( 'F122', ( #10251 ), #4292, .T. ) ;
#4170 = ORIENTED_EDGE ( 'NONE', *, *, #4174, .F. ) ;
#4171 = ORIENTED_EDGE ( 'NONE', *, *, #7738, .F. ) ;
#4172 = DIRECTION ( 'NONE',  ( 3.936673889768590200E-013, -0.4226182617410039200, -0.9063077870365079400 ) ) ;
#4173 = ORIENTED_EDGE ( 'NONE', *, *, #10420, .T. ) ;
#4174 = EDGE_CURVE ( 'NONE', #1278, #3185, #5190, .T. ) ;
#4175 = DIRECTION ( 'NONE',  ( 0.0000000000000000000, -0.9063077870365046100, 0.4226182617410110800 ) ) ;
#4176 = DIRECTION ( 'NONE',  ( 0.9659258262889342000, 0.2345697160102462000, -0.1093816549468514900 ) ) ;
#4177 = DIRECTION ( 'NONE',  ( 0.0000000000000000000, -0.4226182617406704600, -0.9063077870366633700 ) ) ;
#4178 = ORIENTED_EDGE ( 'NONE', *, *, #5110, .F. ) ;
#4179 = UNCERTAINTY_MEASURE_WITH_UNIT (LENGTH_MEASURE( 1.000000000000000100E-005 ), #7410, 'distance_accuracy_value', 'NONE');
#4180 = ORIENTED_EDGE ( 'NONE', *, *, #307, .F. ) ;
#4181 = FACE_OUTER_BOUND ( 'NONE', #10091, .T. ) ;
#4182 = B_SPLINE_CURVE_WITH_KNOTS ( 'NONE', 3,
 ( #5543, #4971, #7948, #453 ),
 .UNSPECIFIED., .F., .F.,
 ( 4, 4 ),
 ( 0.0000000000000000000, 1.000000000000000000 ),
 .UNSPECIFIED. ) ;
#4183 = CARTESIAN_POINT ( 'NONE',  ( -51.32238325557899800, -10.84394490888552600, 6.003524881402235300 ) ) ;
#4184 = AXIS2_PLACEMENT_3D ( 'NONE', #764, #227, #193 ) ;
#4185 = CARTESIAN_POINT ( 'NONE',  ( -41.42238325557756400, -5.144554161027941500, 8.033186922536366100 ) ) ;
#4186 = VERTEX_POINT ( 'NONE', #7957 ) ;
#4187 = CARTESIAN_POINT ( 'NONE',  ( -44.62238325557812100, -6.108735575555290800, 9.182253587211985000 ) ) ;
#4188 = LINE ( 'NONE', #7003, #3929 ) ;
#4189 = CIRCLE ( 'NONE', #1078, 6.999999999999811700 ) ;
#4190 = CARTESIAN_POINT ( 'NONE',  ( -36.85396413118373000, -17.06160902949104500, 10.35479351469464300 ) ) ;
#4191 = CARTESIAN_POINT ( 'NONE',  ( -37.52238325557900100, -6.356175280339101600, 10.41057504045500100 ) ) ;
#4192 = AXIS2_PLACEMENT_3D ( 'NONE', #4333, #10273, #5170 ) ;
#4193 = VECTOR ( 'NONE', #3956, 999.9999999999998900 ) ;
#4194 = EDGE_LOOP ( 'NONE', ( #121, #4906, #9608, #2064, #4524, #374, #8048, #7684, #542, #8475, #2140, #981, #8370, #8723, #4115, #4566 ) ) ;
#4195 = CARTESIAN_POINT ( 'NONE',  ( -33.32238325557899800, -10.04402866579800100, -0.08951442387019800700 ) ) ;
#4196 = EDGE_CURVE ( 'NONE', #612, #3481, #7160, .T. ) ;
#4197 = B_SPLINE_CURVE_WITH_KNOTS ( 'NONE', 3,
 ( #1169, #6264, #7974, #2904, #8825, #3780, #9712, #4631, #10567, #5455 ),
 .UNSPECIFIED., .F., .F.,
 ( 4, 2, 2, 2, 4 ),
 ( 0.0000000000000000000, 0.2500000000000006100, 0.5000000000000004400, 0.7500000000000002200, 1.000000000000000000 ),
 .UNSPECIFIED. ) ;
#4198 = CARTESIAN_POINT ( 'NONE',  ( -49.57238325557899800, -5.459840671698000100, 13.88216122491100000 ) ) ;
#4199 = EDGE_CURVE ( 'NONE', #9871, #8906, #623, .T. ) ;
#4200 = VECTOR ( 'NONE', #10919, 1000.000000000000000 ) ;
#4201 = DIRECTION ( 'NONE',  ( 1.000000000000000000, 0.0000000000000000000, 0.0000000000000000000 ) ) ;
#4202 = CARTESIAN_POINT ( 'NONE',  ( -39.82238325557899800, -3.913587620778200100, 7.499612421946800100 ) ) ;
#4203 = PLANE ( 'NONE',  #8774 ) ;
#4204 = VERTEX_POINT ( 'NONE', #4187 ) ;
#4205 = LINE ( 'NONE', #5899, #3946 ) ;
#4206 = EDGE_LOOP ( 'NONE', ( #2386, #7938, #4643, #2819 ) ) ;
#4207 = DIRECTION ( 'NONE',  ( 0.0000000000000000000, -0.4226182617407067100, -0.9063077870366466100 ) ) ;
#4208 = FACE_OUTER_BOUND ( 'NONE', #2123, .T. ) ;
#4209 = LINE ( 'NONE', #6690, #3952 ) ;
#4210 =( NAMED_UNIT ( * ) PLANE_ANGLE_UNIT ( ) SI_UNIT ( $, .RADIAN. ) );
#4211 = EDGE_CURVE ( 'NONE', #7664, #4042, #2660, .T. ) ;
#4212 = EDGE_CURVE ( 'NONE', #4286, #3647, #9444, .T. ) ;
#4213 = ORIENTED_EDGE ( 'NONE', *, *, #5932, .T. ) ;
#4214 = VECTOR ( 'NONE', #1108, 1000.000000000000100 ) ;
#4215 = VERTEX_POINT ( 'NONE', #6194 ) ;
#4216 = ADVANCED_FACE ( 'F28', ( #80 ), #7840, .T. ) ;
#4217 = FACE_BOUND ( 'NONE', #1877, .T. ) ;
#4218 = CARTESIAN_POINT ( 'NONE',  ( -51.32238325557906900, -10.90382141000890600, 12.02058214781100000 ) ) ;
#4219 = EDGE_CURVE ( 'NONE', #5581, #700, #4678, .T. ) ;
#4220 =( GEOMETRIC_REPRESENTATION_CONTEXT ( 3 ) GLOBAL_UNCERTAINTY_ASSIGNED_CONTEXT ( ( #2163 ) ) GLOBAL_UNIT_ASSIGNED_CONTEXT ( ( #6716, #1622, #7545 ) ) REPRESENTATION_CONTEXT ( 'NONE', 'WORKASPACE' ) );
#4221 = DIRECTION ( 'NONE',  ( 0.0000000000000000000, 0.9063077870366399400, -0.4226182617407208100 ) ) ;
#4222 = AXIS2_PLACEMENT_3D ( 'NONE', #4996, #6423, #3893 ) ;
#4223 = CARTESIAN_POINT ( 'NONE',  ( -32.62238325557900300, -9.466222949528251700, 12.32989641377649900 ) ) ;
#4225 = CARTESIAN_POINT ( 'NONE',  ( -51.32238325557899800, -4.760494151730967800, 7.419909643999433900 ) ) ;
#4224 = DIRECTION ( 'NONE',  ( 0.9659258262896014400, -0.2345697160078348000, 0.1093816549461308500 ) ) ;
#4226 = VERTEX_POINT ( 'NONE', #3001 ) ;
#4227 = CYLINDRICAL_SURFACE ( 'NONE', #1507, 1.600000000000457100 ) ;
#4228 = CARTESIAN_POINT ( 'NONE',  ( -36.79738325557874400, -16.93780891086575500, 10.29706457129915300 ) ) ;
#4229 = VECTOR ( 'NONE', #7235, 1000.000000000000000 ) ;
#4230 = ORIENTED_EDGE ( 'NONE', *, *, #8946, .T. ) ;
#4231 = CIRCLE ( 'NONE', #9816, 0.8499999999995091500 ) ;
#4232 = CARTESIAN_POINT ( 'NONE',  ( -43.02238325557900100, 8.153466755365700500, 15.86467500702000100 ) ) ;
#4233 = CARTESIAN_POINT ( 'NONE',  ( -54.32238325557816700, -8.536769409500321300, 10.24141823171780500 ) ) ;
#4234 = DIRECTION ( 'NONE',  ( 1.129040364025541300E-013, -1.000000000000000000, 0.0000000000000000000 ) ) ;
#4235 = ORIENTED_EDGE ( 'NONE', *, *, #10026, .F. ) ;
#4237 = AXIS2_PLACEMENT_3D ( 'NONE', #1699, #3464, #2592 ) ;
#4236 = VECTOR ( 'NONE', #2633, 1000.000000000000200 ) ;
#4238 = LINE ( 'NONE', #836, #2220 ) ;
#4239 = ORIENTED_EDGE ( 'NONE', *, *, #8660, .T. ) ;
#4240 = DIRECTION ( 'NONE',  ( -1.000000000000000000, 0.0000000000000000000, -0.0000000000000000000 ) ) ;
#4241 = DIRECTION ( 'NONE',  ( -1.000000000000000000, -0.0000000000000000000, -0.0000000000000000000 ) ) ;
#4242 = VERTEX_POINT ( 'NONE', #3750 ) ;
#4243 = DIRECTION ( 'NONE',  ( 1.000000000000000000, 0.0000000000000000000, 0.0000000000000000000 ) ) ;
#4244 = DIRECTION ( 'NONE',  ( -0.0000000000000000000, 0.4226182617406221100, 0.9063077870366860200 ) ) ;
#4245 = VECTOR ( 'NONE', #4874, 1000.000000000000000 ) ;
#4246 = ORIENTED_EDGE ( 'NONE', *, *, #7230, .T. ) ;
#4247 = CARTESIAN_POINT ( 'NONE',  ( -51.32238325557899800, -9.638874482361988100, 8.824426909100941100 ) ) ;
#4248 = PRESENTATION_LAYER_ASSIGNMENT (  '', '', ( #3097 ) ) ;
#4249 = CIRCLE ( 'NONE', #501, 0.9749999999998663100 ) ;
#4250 = ORIENTED_EDGE ( 'NONE', *, *, #6817, .F. ) ;
#4251 = AXIS2_PLACEMENT_3D ( 'NONE', #470, #7286, #2214 ) ;
#4252 = CARTESIAN_POINT ( 'NONE',  ( -44.82238325557901200, -5.213440592332299100, 14.41056790032500100 ) ) ;
#4253 = LINE ( 'NONE', #9659, #8746 ) ;
#4254 = EDGE_CURVE ( 'NONE', #3456, #3239, #8898, .T. ) ;
#4255 = ORIENTED_EDGE ( 'NONE', *, *, #3256, .T. ) ;
#4256 = DIRECTION ( 'NONE',  ( -0.0000000000000000000, 0.9063077870366892400, -0.4226182617406151800 ) ) ;
#4258 = CARTESIAN_POINT ( 'NONE',  ( -37.32238325557794700, -21.92307443813629700, 1.587952874977273600 ) ) ;
#4257 = DIRECTION ( 'NONE',  ( 0.0000000000000000000, -0.4226182617405996900, -0.9063077870366964600 ) ) ;
#4259 = EDGE_CURVE ( 'NONE', #2742, #637, #2384, .T. ) ;
#4260 = CARTESIAN_POINT ( 'NONE',  ( -43.02238325557900100, 5.175109340013108300, 15.98462127171500800 ) ) ;
#4261 = EDGE_LOOP ( 'NONE', ( #7386, #1159, #9579, #4473, #8879, #9753 ) ) ;
#4262 = VERTEX_POINT ( 'NONE', #5276 ) ;
#4263 =( GEOMETRIC_REPRESENTATION_CONTEXT ( 3 ) GLOBAL_UNCERTAINTY_ASSIGNED_CONTEXT ( ( #6061 ) ) GLOBAL_UNIT_ASSIGNED_CONTEXT ( ( #8493, #8476, #8460 ) ) REPRESENTATION_CONTEXT ( 'NONE', 'WORKASPACE' ) );
#4264 = VERTEX_POINT ( 'NONE', #2658 ) ;
#4265 = EDGE_CURVE ( 'NONE', #7836, #7245, #6380, .T. ) ;
#4266 = CARTESIAN_POINT ( 'NONE',  ( -51.32238325557848000, -10.95884666412801800, 11.32058214781301000 ) ) ;
#4267 =( LENGTH_UNIT ( ) NAMED_UNIT ( * ) SI_UNIT ( .MILLI., .METRE. ) );
#4268 = AXIS2_PLACEMENT_3D ( 'NONE', #2069, #7140, #322 ) ;
#4269 = DIRECTION ( 'NONE',  ( 0.0000000000000000000, 0.0000000000000000000, 1.000000000000000000 ) ) ;
#4270 = DIRECTION ( 'NONE',  ( -0.0000000000000000000, -0.4226182617406946700, -0.9063077870366522700 ) ) ;
#4271 = ADVANCED_FACE ( 'F70', ( #8632 ), #3524, .T. ) ;
#4272 = EDGE_LOOP ( 'NONE', ( #3459, #10133, #7497, #73 ) ) ;
#4273 = EDGE_CURVE ( 'NONE', #2791, #6105, #3328, .T. ) ;
#4274 = EDGE_CURVE ( 'NONE', #4167, #8116, #1652, .T. ) ;
#4275 = CARTESIAN_POINT ( 'NONE',  ( -53.12238325557866100, -7.339698907860858800, 6.952494058966770800 ) ) ;
#4276 = CARTESIAN_POINT ( 'NONE',  ( -37.32238325557876400, -4.396825045965568000, 4.449107754297825700 ) ) ;
#4277 = DIRECTION ( 'NONE',  ( 0.0000000000000000000, 0.0000000000000000000, 1.000000000000000000 ) ) ;
#4278 = ORIENTED_EDGE ( 'NONE', *, *, #3269, .T. ) ;
#4279 = DIRECTION ( 'NONE',  ( -0.0000000000000000000, -0.9961946980917220100, -0.08715574274792735300 ) ) ;
#4280 = CARTESIAN_POINT ( 'NONE',  ( 0.0000000000000000000, 0.0000000000000000000, 0.0000000000000000000 ) ) ;
#4281 = ORIENTED_EDGE ( 'NONE', *, *, #674, .F. ) ;
#4282 = EDGE_CURVE ( 'NONE', #4156, #8248, #10118, .T. ) ;
#4283 = DIRECTION ( 'NONE',  ( -0.0000000000000000000, -0.9063077870366472700, 0.4226182617407052100 ) ) ;
#4284 = CARTESIAN_POINT ( 'NONE',  ( -43.02238325557900100, -18.26333418762719800, 10.91516715893095200 ) ) ;
#4285 = MECHANICAL_DESIGN_GEOMETRIC_PRESENTATION_REPRESENTATION (  '', ( #1416 ), #4854 ) ;
#4286 = VERTEX_POINT ( 'NONE', #10701 ) ;
#4287 = VERTEX_POINT ( 'NONE', #463 ) ;
#4288 = DIRECTION ( 'NONE',  ( 0.0000000000000000000, 0.4226182617407104300, 0.9063077870366448300 ) ) ;
#4289 = FILL_AREA_STYLE ('',( #6780 ) ) ;
#4290 = ORIENTED_EDGE ( 'NONE', *, *, #6463, .F. ) ;
#4291 = LINE ( 'NONE', #6367, #3770 ) ;
#4292 = PLANE ( 'NONE',  #4078 ) ;
#4293 = ORIENTED_EDGE ( 'NONE', *, *, #2578, .F. ) ;
#4294 = ORIENTED_EDGE ( 'NONE', *, *, #3508, .F. ) ;
#4295 =( LENGTH_UNIT ( ) NAMED_UNIT ( * ) SI_UNIT ( .MILLI., .METRE. ) );
#4296 = CARTESIAN_POINT ( 'NONE',  ( -36.79738325557846000, -16.68867454587185900, 10.18089130899281100 ) ) ;
#4297 = FILL_AREA_STYLE_COLOUR ( '', #10028 ) ;
#4298 = EDGE_CURVE ( 'NONE', #1853, #5560, #7539, .T. ) ;
#4299 = ORIENTED_EDGE ( 'NONE', *, *, #10542, .T. ) ;
#4300 = ORIENTED_EDGE ( 'NONE', *, *, #4068, .F. ) ;
#4301 = VECTOR ( 'NONE', #641, 1000.000000000000000 ) ;
#4302 = VECTOR ( 'NONE', #4579, 1000.000000000000000 ) ;
#4303 = EDGE_LOOP ( 'NONE', ( #1914, #5975, #10846, #7403, #1072, #7369, #5071, #9219, #3041 ) ) ;
#4304 = CARTESIAN_POINT ( 'NONE',  ( -41.22238325557900400, -9.765175359088972900, 6.897232696684733700 ) ) ;
#4305 = DIRECTION ( 'NONE',  ( -2.081668171172307600E-013, 1.000000000000000000, 0.0000000000000000000 ) ) ;
#4306 = DIRECTION ( 'NONE',  ( -6.133738584346914900E-031, -0.9063077870366264000, 0.4226182617407498500 ) ) ;
#4307 = CARTESIAN_POINT ( 'NONE',  ( -40.92238325557900700, -3.870385636181799900, 1.555518020450600100 ) ) ;
#4308 = VERTEX_POINT ( 'NONE', #2826 ) ;
#4309 = FACE_OUTER_BOUND ( 'NONE', #8197, .T. ) ;
#4310 = CARTESIAN_POINT ( 'NONE',  ( -43.02238325557900100, -5.018412972576284000, 12.46260439743016400 ) ) ;
#4311 = EDGE_CURVE ( 'NONE', #7953, #7309, #756, .T. ) ;
#4312 = LINE ( 'NONE', #5519, #10824 ) ;
#4313 = VECTOR ( 'NONE', #1171, 1000.000000000000100 ) ;
#4314 = CARTESIAN_POINT ( 'NONE',  ( -29.22238325557900000, -15.87054194506350200, 5.385878135999201200 ) ) ;
#4315 = CARTESIAN_POINT ( 'NONE',  ( -31.72238325557899700, -5.386931130586843300, -1.709465709832877200 ) ) ;
#4316 = DIRECTION ( 'NONE',  ( -0.0000000000000000000, 2.859815558967479800E-013, 1.000000000000000000 ) ) ;
#4317 = CARTESIAN_POINT ( 'NONE',  ( -51.32238325557906200, -6.224545597067665500, 8.810204336730544500 ) ) ;
#4318 = SURFACE_STYLE_USAGE ( .BOTH. , #9387 ) ;
#4319 = AXIS2_PLACEMENT_3D ( 'NONE', #261, #1150, #7088 ) ;
#4320 = VECTOR ( 'NONE', #8514, 1000.000000000000000 ) ;
#4321 = ORIENTED_EDGE ( 'NONE', *, *, #10833, .T. ) ;
#4322 = FACE_OUTER_BOUND ( 'NONE', #9132, .T. ) ;
#4323 = FACE_OUTER_BOUND ( 'NONE', #6389, .T. ) ;
#4324 = ADVANCED_FACE ( 'F271', ( #5583 ), #9300, .F. ) ;
#4325 = DIRECTION ( 'NONE',  ( 0.0000000000000000000, 0.7660444431194092200, 0.6427876096860254400 ) ) ;
#4326 =( GEOMETRIC_REPRESENTATION_CONTEXT ( 3 ) GLOBAL_UNCERTAINTY_ASSIGNED_CONTEXT ( ( #8435 ) ) GLOBAL_UNIT_ASSIGNED_CONTEXT ( ( #9694, #9652, #9610 ) ) REPRESENTATION_CONTEXT ( 'NONE', 'WORKASPACE' ) );
#4327 = LINE ( 'NONE', #163, #8548 ) ;
#4328 = ORIENTED_EDGE ( 'NONE', *, *, #10687, .F. ) ;
#4329 = DIRECTION ( 'NONE',  ( -0.0000000000000000000, -0.4226182617407240300, -0.9063077870366383900 ) ) ;
#4330 = VECTOR ( 'NONE', #11047, 1000.000000000000000 ) ;
#4331 = LINE ( 'NONE', #5962, #4073 ) ;
#4332 = CARTESIAN_POINT ( 'NONE',  ( -53.12238325557899500, -3.933396060673398900, 7.678791584042100400 ) ) ;
#4333 = CARTESIAN_POINT ( 'NONE',  ( -32.62238325557746800, -3.023355049065150600, 5.505240260240356100 ) ) ;
#4334 = FACE_OUTER_BOUND ( 'NONE', #1662, .T. ) ;
#4335 = MECHANICAL_DESIGN_GEOMETRIC_PRESENTATION_REPRESENTATION (  '', ( #3182 ), #4901 ) ;
#4336 = VERTEX_POINT ( 'NONE', #7806 ) ;
#4337 = DIRECTION ( 'NONE',  ( 0.0000000000000000000, -0.9063077870366644800, 0.4226182617406681900 ) ) ;
#4338 = VECTOR ( 'NONE', #2127, 1000.000000000000000 ) ;
#4339 = B_SPLINE_CURVE_WITH_KNOTS ( 'NONE', 3,
 ( #329, #5454, #8008, #2943 ),
 .UNSPECIFIED., .F., .F.,
 ( 4, 4 ),
 ( 0.0000000000000000000, 1.000000000000000000 ),
 .UNSPECIFIED. ) ;
#4340 = EDGE_CURVE ( 'NONE', #7536, #10130, #5319, .T. ) ;
#4341 = VERTEX_POINT ( 'NONE', #2752 ) ;
#4342 = DIRECTION ( 'NONE',  ( 0.0000000000000000000, -0.9063077870366492700, 0.4226182617407007200 ) ) ;
#4343 = EDGE_CURVE ( 'NONE', #6105, #913, #5057, .T. ) ;
#4344 = FACE_OUTER_BOUND ( 'NONE', #2365, .T. ) ;
#4345 = CARTESIAN_POINT ( 'NONE',  ( -32.62238325557900300, -11.70640637255630300, 3.444109828943505500 ) ) ;
#4346 = VECTOR ( 'NONE', #8450, 1000.000000000000100 ) ;
#4347 = VECTOR ( 'NONE', #2573, 1000.000000000000200 ) ;
#4348 = DIRECTION ( 'NONE',  ( 0.9962405881956830600, 0.05568444403121534200, -0.06636213622581814400 ) ) ;
#4349 = EDGE_CURVE ( 'NONE', #8358, #1145, #2783, .T. ) ;
#4350 = ORIENTED_EDGE ( 'NONE', *, *, #11036, .F. ) ;
#4351 = AXIS2_PLACEMENT_3D ( 'NONE', #1789, #1658, #1620 ) ;
#4352 = DIRECTION ( 'NONE',  ( 1.000000000000000000, 6.830280870130652900E-014, -7.807046758802474700E-013 ) ) ;
#4353 = FACE_OUTER_BOUND ( 'NONE', #8100, .T. ) ;
#4354 = ORIENTED_EDGE ( 'NONE', *, *, #1330, .F. ) ;
#4355 = LINE ( 'NONE', #4961, #8309 ) ;
#4356 = ORIENTED_EDGE ( 'NONE', *, *, #1315, .F. ) ;
#4357 = CARTESIAN_POINT ( 'NONE',  ( -33.92238325557900000, -1.710389549891500000, 10.92004774207600100 ) ) ;
#4358 = VERTEX_POINT ( 'NONE', #7463 ) ;
#4359 = VECTOR ( 'NONE', #1886, 1000.000000000000000 ) ;
#4360 = SURFACE_STYLE_FILL_AREA ( #1523 ) ;
#4361 = DIRECTION ( 'NONE',  ( -0.7071067811859115300, 0.7071067811871836200, -0.0000000000000000000 ) ) ;
#4362 = EDGE_CURVE ( 'NONE', #9117, #11063, #2511, .T. ) ;
#4363 = EDGE_CURVE ( 'NONE', #5147, #637, #7020, .T. ) ;
#4364 = ADVANCED_FACE ( 'F163', ( #4529 ), #5451, .T. ) ;
#4365 = VECTOR ( 'NONE', #6223, 1000.000000000000000 ) ;
#4366 = VERTEX_POINT ( 'NONE', #2438 ) ;
#4367 = DIRECTION ( 'NONE',  ( 0.0000000000000000000, 0.4226182617408171200, 0.9063077870365950900 ) ) ;
#4368 = EDGE_CURVE ( 'NONE', #8772, #10907, #7289, .T. ) ;
#4369 = CARTESIAN_POINT ( 'NONE',  ( -51.32238325557899800, -4.923836340962533400, 8.081290432896000900 ) ) ;
#4370 = AXIS2_PLACEMENT_3D ( 'NONE', #441, #4776, #10714 ) ;
#4371 = DIRECTION ( 'NONE',  ( 0.0000000000000000000, -0.9063077870366624800, 0.4226182617406728000 ) ) ;
#4372 = AXIS2_PLACEMENT_3D ( 'NONE', #8696, #10425, #5323 ) ;
#4374 = CARTESIAN_POINT ( 'NONE',  ( -28.92238325557900000, -14.00156100077586900, 9.203714164322962100 ) ) ;
#4373 = DIRECTION ( 'NONE',  ( -0.7071067811871836200, -0.7071067811859114100, 0.0000000000000000000 ) ) ;
#4375 = ORIENTED_EDGE ( 'NONE', *, *, #649, .F. ) ;
#4376 = CARTESIAN_POINT ( 'NONE',  ( -51.32238325557899100, -6.796357144027876300, 5.331554563747618000 ) ) ;
#4377 = ORIENTED_EDGE ( 'NONE', *, *, #1163, .T. ) ;
#4378 = VECTOR ( 'NONE', #9490, 1000.000000000000000 ) ;
#4379 = FACE_OUTER_BOUND ( 'NONE', #7489, .T. ) ;
#4380 = ORIENTED_EDGE ( 'NONE', *, *, #2225, .T. ) ;
#4381 = LINE ( 'NONE', #2569, #2091 ) ;
#4382 = CARTESIAN_POINT ( 'NONE',  ( -37.32238325557875700, -19.38736486769098000, 7.025799597195664600 ) ) ;
#4383 = DIRECTION ( 'NONE',  ( 0.0000000000000000000, 0.4226182617407319700, 0.9063077870366347300 ) ) ;
#4384 = PLANE ( 'NONE',  #4039 ) ;
#4385 = ORIENTED_EDGE ( 'NONE', *, *, #4562, .T. ) ;
#4386 = CARTESIAN_POINT ( 'NONE',  ( -47.57238325557930400, -12.21062704092803500, 8.286504585099425700 ) ) ;
#4387 = DIRECTION ( 'NONE',  ( -1.000000000000000000, 0.0000000000000000000, -0.0000000000000000000 ) ) ;
#4388 = ADVANCED_FACE ( 'F69', ( #8758 ), #1436, .T. ) ;
#4389 = FACE_OUTER_BOUND ( 'NONE', #3011, .T. ) ;
#4390 = ORIENTED_EDGE ( 'NONE', *, *, #5928, .F. ) ;
#4391 = VECTOR ( 'NONE', #6754, 1000.000000000000100 ) ;
#4392 = CARTESIAN_POINT ( 'NONE',  ( -51.32238325557899800, -13.48864023356728700, 8.368249783137461200 ) ) ;
#4393 = CARTESIAN_POINT ( 'NONE',  ( -31.42238325557900000, -18.54223079151950100, 10.31707146177729900 ) ) ;
#4394 = CARTESIAN_POINT ( 'NONE',  ( -51.32238325557899800, -5.529456594539099400, 2.395717057588600000 ) ) ;
#4395 = VERTEX_POINT ( 'NONE', #2292 ) ;
#4396 = CARTESIAN_POINT ( 'NONE',  ( -37.32238325557826600, -3.218624922819038700, 3.899704014034902000 ) ) ;
#4397 = ORIENTED_EDGE ( 'NONE', *, *, #7515, .T. ) ;
#4398 = AXIS2_PLACEMENT_3D ( 'NONE', #8144, #8189, #8259 ) ;
#4399 = CARTESIAN_POINT ( 'NONE',  ( -51.62238325557900300, -12.81387191729900000, 11.72058214781099900 ) ) ;
#4400 = ORIENTED_EDGE ( 'NONE', *, *, #4095, .F. ) ;
#4401 = MECHANICAL_DESIGN_GEOMETRIC_PRESENTATION_REPRESENTATION (  '', ( #3246 ), #4964 ) ;
#4402 = ORIENTED_EDGE ( 'NONE', *, *, #2578, .T. ) ;
#4403 = PLANE ( 'NONE',  #5597 ) ;
#4404 = CARTESIAN_POINT ( 'NONE',  ( -31.42238325557900000, -3.459005510523000200, -0.4017163528968499800 ) ) ;
#4405 = CARTESIAN_POINT ( 'NONE',  ( -31.42238325557900000, -11.70640637255630300, 3.444109828943505500 ) ) ;
#4406 = ORIENTED_EDGE ( 'NONE', *, *, #6448, .F. ) ;
#4408 = CARTESIAN_POINT ( 'NONE',  ( -41.17238325557900000, -14.60634726191613800, 3.968841034626702200 ) ) ;
#4407 = CARTESIAN_POINT ( 'NONE',  ( -53.12238325557866100, -5.364692154873402800, 8.762254315625979100 ) ) ;
#4409 = VERTEX_POINT ( 'NONE', #1929 ) ;
#4410 = EDGE_CURVE ( 'NONE', #9744, #9090, #1450, .T. ) ;
#4411 = CARTESIAN_POINT ( 'NONE',  ( -36.85396413118314000, -16.56487442724648300, 10.12316236559722800 ) ) ;
#4412 = EDGE_CURVE ( 'NONE', #102, #8082, #10239, .T. ) ;
#4413 = CARTESIAN_POINT ( 'NONE',  ( -53.12238325557965600, -5.364692154873402800, 8.762254315625979100 ) ) ;
#4414 = ORIENTED_EDGE ( 'NONE', *, *, #7106, .T. ) ;
#4415 = SURFACE_STYLE_FILL_AREA ( #358 ) ;
#4416 = B_SPLINE_CURVE_WITH_KNOTS ( 'NONE', 3,
 ( #7554, #1632, #3360, #9297 ),
 .UNSPECIFIED., .F., .F.,
 ( 4, 4 ),
 ( 0.9036980568518563400, 1.000000000000000000 ),
 .UNSPECIFIED. ) ;
#4417 = ORIENTED_EDGE ( 'NONE', *, *, #5955, .F. ) ;
#4418 = FILL_AREA_STYLE_COLOUR ( '', #1009 ) ;
#4419 = ADVANCED_FACE ( 'F190', ( #3460 ), #6178, .T. ) ;
#4420 = SURFACE_STYLE_USAGE ( .BOTH. , #9493 ) ;
#4421 = ORIENTED_EDGE ( 'NONE', *, *, #1032, .F. ) ;
#4422 = VERTEX_POINT ( 'NONE', #1772 ) ;
#4423 = LINE ( 'NONE', #498, #3895 ) ;
#4424 = CARTESIAN_POINT ( 'NONE',  ( -30.82238325557900900, -15.96677894875888100, 12.02058214781100200 ) ) ;
#4425 = VERTEX_POINT ( 'NONE', #1619 ) ;
#4426 = EDGE_CURVE ( 'NONE', #6419, #1278, #7680, .T. ) ;
#4427 = EDGE_CURVE ( 'NONE', #4286, #8838, #1174, .T. ) ;
#4428 = DIRECTION ( 'NONE',  ( -1.000000000000000000, 0.0000000000000000000, 0.0000000000000000000 ) ) ;
#4429 = CARTESIAN_POINT ( 'NONE',  ( -40.40687423694200200, -6.183152694576199900, 10.35994713495799900 ) ) ;
#4430 = ORIENTED_EDGE ( 'NONE', *, *, #3401, .F. ) ;
#4431 = DIRECTION ( 'NONE',  ( 1.000000000000000000, 0.0000000000000000000, 0.0000000000000000000 ) ) ;
#4432 = EDGE_LOOP ( 'NONE', ( #9929, #889, #10554, #10329 ) ) ;
#4433 = EDGE_CURVE ( 'NONE', #2957, #5219, #9976, .T. ) ;
#4434 = ORIENTED_EDGE ( 'NONE', *, *, #10989, .T. ) ;
#4435 = VERTEX_POINT ( 'NONE', #3801 ) ;
#4436 = ADVANCED_FACE ( 'F202', ( #9718 ), #1408, .T. ) ;
#4437 = CARTESIAN_POINT ( 'NONE',  ( -32.62238325557899500, -11.41185634176989400, 3.306758893877816500 ) ) ;
#4438 = ORIENTED_EDGE ( 'NONE', *, *, #4075, .F. ) ;
#4439 = CARTESIAN_POINT ( 'NONE',  ( -30.12238325557900300, -7.408590233762200100, 0.06078285137849992500 ) ) ;
#4440 = ORIENTED_EDGE ( 'NONE', *, *, #10829, .F. ) ;
#4442 = FILL_AREA_STYLE ('',( #3615 ) ) ;
#4441 = DIRECTION ( 'NONE',  ( -0.0000000000000000000, -0.9063077870366503800, 0.4226182617406985500 ) ) ;
#4443 = CARTESIAN_POINT ( 'NONE',  ( -37.04834025972732500, -16.38870982833252700, 10.04101546402769100 ) ) ;
#4444 = CARTESIAN_POINT ( 'NONE',  ( -32.62238325557900300, -10.48362294752800000, 5.356516871253299800 ) ) ;
#4445 = CARTESIAN_POINT ( 'NONE',  ( -51.34612694228700700, -10.88007772425550200, 12.02058214781100000 ) ) ;
#4446 = VERTEX_POINT ( 'NONE', #1291 ) ;
#4447 = SURFACE_STYLE_FILL_AREA ( #2473 ) ;
#4448 = ORIENTED_EDGE ( 'NONE', *, *, #8338, .T. ) ;
#4449 =( NAMED_UNIT ( * ) SI_UNIT ( $, .STERADIAN. ) SOLID_ANGLE_UNIT ( ) );
#4450 = DIRECTION ( 'NONE',  ( 0.0000000000000000000, 0.9063077870366508200, -0.4226182617406977200 ) ) ;
#4451 = CIRCLE ( 'NONE', #495, 1.199999999999809700 ) ;
#4452 = CARTESIAN_POINT ( 'NONE',  ( -30.82238325557900200, -16.45263133635100400, 11.67415310485500000 ) ) ;
#4453 = LINE ( 'NONE', #8148, #2164 ) ;
#4454 = ORIENTED_EDGE ( 'NONE', *, *, #10305, .F. ) ;
#4455 = VECTOR ( 'NONE', #3614, 1000.000000000000100 ) ;
#4456 = DIRECTION ( 'NONE',  ( 0.0000000000000000000, -0.6427876096865048300, 0.7660444431190068800 ) ) ;
#4457 = VECTOR ( 'NONE', #10622, 1000.000000000000100 ) ;
#4458 = VECTOR ( 'NONE', #8479, 1000.000000000000200 ) ;
#4459 = CARTESIAN_POINT ( 'NONE',  ( -52.76238325557899600, -16.00884666412899900, 12.02058214781100000 ) ) ;
#4460 = MECHANICAL_DESIGN_GEOMETRIC_PRESENTATION_REPRESENTATION (  '', ( #2738 ), #5029 ) ;
#4461 = EDGE_CURVE ( 'NONE', #4587, #10130, #7411, .T. ) ;
#4462 = ORIENTED_EDGE ( 'NONE', *, *, #8122, .F. ) ;
#4463 = ADVANCED_FACE ( 'F178', ( #7958 ), #3452, .T. ) ;
#4464 = VECTOR ( 'NONE', #8394, 1000.000000000000000 ) ;
#4465 = ORIENTED_EDGE ( 'NONE', *, *, #6450, .T. ) ;
#4466 = VECTOR ( 'NONE', #4241, 1000.000000000000000 ) ;
#4467 = VECTOR ( 'NONE', #3974, 1000.000000000000100 ) ;
#4468 = MECHANICAL_DESIGN_GEOMETRIC_PRESENTATION_REPRESENTATION (  '', ( #2743 ), #5034 ) ;
#4469 = FILL_AREA_STYLE ('',( #3577 ) ) ;
#4470 = DIRECTION ( 'NONE',  ( -1.000000000000000000, 0.0000000000000000000, 0.0000000000000000000 ) ) ;
#4472 = PLANE ( 'NONE',  #6250 ) ;
#4471 = DIRECTION ( 'NONE',  ( 1.000000000000000000, -0.0000000000000000000, -0.0000000000000000000 ) ) ;
#4473 = ORIENTED_EDGE ( 'NONE', *, *, #6106, .T. ) ;
#4474 = FACE_OUTER_BOUND ( 'NONE', #5710, .T. ) ;
#4475 = VERTEX_POINT ( 'NONE', #1099 ) ;
#4476 = FACE_OUTER_BOUND ( 'NONE', #1812, .T. ) ;
#4477 = AXIS2_PLACEMENT_3D ( 'NONE', #8563, #9435, #4367 ) ;
#4478 = CIRCLE ( 'NONE', #8410, 0.5249999999999497300 ) ;
#4479 = DIRECTION ( 'NONE',  ( -0.0000000000000000000, 0.4226182617406728000, 0.9063077870366624800 ) ) ;
#4480 = EDGE_CURVE ( 'NONE', #4341, #8350, #2926, .T. ) ;
#4481 = DIRECTION ( 'NONE',  ( 1.000000000000000000, 0.0000000000000000000, 0.0000000000000000000 ) ) ;
#4482 = EDGE_CURVE ( 'NONE', #10112, #9484, #615, .T. ) ;
#4483 = CARTESIAN_POINT ( 'NONE',  ( -32.62238325557900300, -12.55164289603789200, 1.631494254870330800 ) ) ;
#4484 = VERTEX_POINT ( 'NONE', #1982 ) ;
#4485 = FACE_OUTER_BOUND ( 'NONE', #140, .T. ) ;
#4486 = DIRECTION ( 'NONE',  ( 0.0000000000000000000, -0.4226182617406998300, -0.9063077870366497100 ) ) ;
#4487 = CARTESIAN_POINT ( 'NONE',  ( -43.92238325557900000, -3.887968530353450800, 20.21080388912199800 ) ) ;
#4488 = CIRCLE ( 'NONE', #1274, 1.099999999999782900 ) ;
#4489 = VERTEX_POINT ( 'NONE', #1025 ) ;
#4490 = FACE_OUTER_BOUND ( 'NONE', #7911, .T. ) ;
#4491 = CARTESIAN_POINT ( 'NONE',  ( -53.12238325557899500, -9.958846664129000100, 11.32058214781000100 ) ) ;
#4492 = EDGE_CURVE ( 'NONE', #1835, #3009, #9158, .T. ) ;
#4493 = CARTESIAN_POINT ( 'NONE',  ( -50.62238325557900300, -5.335376668881699500, 11.78287355715300000 ) ) ;
#4494 = DIRECTION ( 'NONE',  ( 1.000000000000000000, 0.0000000000000000000, 0.0000000000000000000 ) ) ;
#4495 = VECTOR ( 'NONE', #9397, 1000.000000000000000 ) ;
#4496 = CARTESIAN_POINT ( 'NONE',  ( -37.79080237997327200, -16.56487442724570500, 10.12316236559646200 ) ) ;
#4497 = LINE ( 'NONE', #6765, #9266 ) ;
#4498 = ORIENTED_EDGE ( 'NONE', *, *, #5184, .F. ) ;
#4499 = PLANE ( 'NONE',  #1103 ) ;
#4500 = COLOUR_RGB ( '',1.000000000000000000, 0.0000000000000000000, 1.000000000000000000 ) ;
#4501 = ADVANCED_FACE ( 'F86', ( #4925 ), #7642, .T. ) ;
#4502 = DIRECTION ( 'NONE',  ( -0.0000000000000000000, 0.9063077870364988400, -0.4226182617410235200 ) ) ;
#4503 =( NAMED_UNIT ( * ) PLANE_ANGLE_UNIT ( ) SI_UNIT ( $, .RADIAN. ) );
#4504 = EDGE_CURVE ( 'NONE', #7180, #6675, #10204, .T. ) ;
#4505 = CARTESIAN_POINT ( 'NONE',  ( -41.92238325557900000, -12.88625529187139500, 4.463218031045014000 ) ) ;
#4506 = DIRECTION ( 'NONE',  ( 1.000000000000000000, -7.807046758806955900E-013, -6.830280870083328900E-014 ) ) ;
#4507 = FACE_OUTER_BOUND ( 'NONE', #5699, .T. ) ;
#4508 = VERTEX_POINT ( 'NONE', #6102 ) ;
#4509 = VECTOR ( 'NONE', #8833, 1000.000000000000000 ) ;
#4510 = CARTESIAN_POINT ( 'NONE',  ( -37.32238325557875700, -18.50371477533049000, 6.613746791998519100 ) ) ;
#4511 = B_SPLINE_CURVE_WITH_KNOTS ( 'NONE', 3,
 ( #2014, #2063, #1798, #1758, #1683, #1642, #1606, #1576, #1539, #1378, #1351, #1343, #1312, #1305, #1275, #1264, #1232, #1198, #1190, #1161, #1110, #1041, #960, #841, #800, #761, #651, #497, #469, #429, #419, #390, #352, #345, #319, #271, #262, #192, #151 ),
 .UNSPECIFIED., .F., .F.,
 ( 4, 2, 2, 2, 2, 2, 1, 2, 2, 2, 2, 1, 2, 2, 1, 2, 2, 2, 2, 2, 4 ),
 ( 0.2443352429457342500, 0.2762964480068986800, 0.3082576530680630800, 0.3402188581292274700, 0.3721800631903918700, 0.3881606657209778500, 0.4041412682515638200, 0.4361024733127371000, 0.4520830758433237500, 0.4680636783739105000, 0.5000248834350852200, 0.5319860884962599500, 0.5479666910268472500, 0.5639472935574345600, 0.5959084986186119500, 0.6118891011491994800, 0.6278697036797868900, 0.6598309087409693900, 0.6917921138021518900, 0.7237533188633343800, 0.7557145239245168800 ),
 .UNSPECIFIED. ) ;
#4512 = CARTESIAN_POINT ( 'NONE',  ( -37.18493857698340600, -16.33743014017440800, 10.01710335273167900 ) ) ;
#4513 = VERTEX_POINT ( 'NONE', #6945 ) ;
#4514 = ORIENTED_EDGE ( 'NONE', *, *, #3105, .F. ) ;
#4515 = DIRECTION ( 'NONE',  ( 1.000000000000000000, 0.0000000000000000000, 0.0000000000000000000 ) ) ;
#4516 = EDGE_CURVE ( 'NONE', #4489, #7408, #7915, .T. ) ;
#4517 = ADVANCED_FACE ( 'F273', ( #3426 ), #188, .T. ) ;
#4518 = CARTESIAN_POINT ( 'NONE',  ( -35.97238325557899700, -9.096798014241308300, 14.36438657526355200 ) ) ;
#4519 = DIRECTION ( 'NONE',  ( -0.9985991029009401200, -0.05291343577426830400, 0.0000000000000000000 ) ) ;
#4520 = SURFACE_SIDE_STYLE ('',( #9125 ) ) ;
#4521 = ORIENTED_EDGE ( 'NONE', *, *, #465, .T. ) ;
#4522 = PLANE ( 'NONE',  #6287 ) ;
#4523 = ORIENTED_EDGE ( 'NONE', *, *, #5866, .T. ) ;
#4524 = ORIENTED_EDGE ( 'NONE', *, *, #5129, .T. ) ;
#4525 = B_SPLINE_CURVE_WITH_KNOTS ( 'NONE', 3,
 ( #2661, #3526, #10330, #5224 ),
 .UNSPECIFIED., .F., .F.,
 ( 4, 4 ),
 ( 0.0000000000000000000, 1.000000000000000000 ),
 .UNSPECIFIED. ) ;
#4526 = CARTESIAN_POINT ( 'NONE',  ( -40.40687423694200200, -7.593312901233400000, 5.261829969660099400 ) ) ;
#4527 = CARTESIAN_POINT ( 'NONE',  ( -51.32238325557876400, -6.479588226650614400, 6.874040245376035900 ) ) ;
#4528 = UNCERTAINTY_MEASURE_WITH_UNIT (LENGTH_MEASURE( 1.000000000000000100E-005 ), #11079, 'distance_accuracy_value', 'NONE');
#4529 = FACE_OUTER_BOUND ( 'NONE', #4957, .T. ) ;
#4530 = SURFACE_SIDE_STYLE ('',( #2296 ) ) ;
#4531 = EDGE_LOOP ( 'NONE', ( #3444, #5850, #9242, #3603 ) ) ;
#4532 = STYLED_ITEM ( 'NONE', ( #7588 ), #1885 ) ;
#4533 = B_SPLINE_CURVE_WITH_KNOTS ( 'NONE', 3,
 ( #10773, #3142, #4015, #9942 ),
 .UNSPECIFIED., .F., .F.,
 ( 4, 4 ),
 ( 0.0000000000000000000, 1.000000000000000000 ),
 .UNSPECIFIED. ) ;
#4534 = CARTESIAN_POINT ( 'NONE',  ( -38.39738325557893000, -16.68570866057340400, 10.17950829396436600 ) ) ;
#4535 = DIRECTION ( 'NONE',  ( 0.0000000000000000000, -0.4226182617407214200, -0.9063077870366396100 ) ) ;
#4536 = MECHANICAL_DESIGN_GEOMETRIC_PRESENTATION_REPRESENTATION (  '', ( #1669 ), #5100 ) ;
#4537 = ORIENTED_EDGE ( 'NONE', *, *, #10393, .F. ) ;
#4538 = DIRECTION ( 'NONE',  ( 1.000000000000000000, 2.009809788925401600E-013, 2.645964783881782400E-014 ) ) ;
#4539 = PLANE ( 'NONE',  #4028 ) ;
#4540 = EDGE_LOOP ( 'NONE', ( #5077, #10729, #5058, #10077 ) ) ;
#4541 = DIRECTION ( 'NONE',  ( -7.755234363190354400E-014, 0.0000000000000000000, 1.000000000000000000 ) ) ;
#4542 = EDGE_CURVE ( 'NONE', #6511, #9090, #4782, .T. ) ;
#4543 = CARTESIAN_POINT ( 'NONE',  ( -37.32238325557793200, -16.33743014017429500, 10.01710335273156200 ) ) ;
#4544 = EDGE_CURVE ( 'NONE', #4759, #3880, #2492, .T. ) ;
#4545 = CARTESIAN_POINT ( 'NONE',  ( -32.02238325557899400, -6.150730185941100100, -1.201437363830300000 ) ) ;
#4546 = ORIENTED_EDGE ( 'NONE', *, *, #7294, .F. ) ;
#4547 = CARTESIAN_POINT ( 'NONE',  ( -51.62238325557901000, -12.95884666413300200, 12.02058214781100200 ) ) ;
#4548 = ORIENTED_EDGE ( 'NONE', *, *, #7435, .T. ) ;
#4549 = ORIENTED_EDGE ( 'NONE', *, *, #5380, .T. ) ;
#4550 = VECTOR ( 'NONE', #10587, 1000.000000000000000 ) ;
#4551 = ADVANCED_FACE ( 'F54', ( #4507 ), #8735, .T. ) ;
#4552 = ORIENTED_EDGE ( 'NONE', *, *, #3105, .T. ) ;
#4553 = CARTESIAN_POINT ( 'NONE',  ( -43.02238325557900100, -10.77346742025904200, 15.14623035948395600 ) ) ;
#4554 = EDGE_CURVE ( 'NONE', #10014, #1557, #11013, .T. ) ;
#4555 = B_SPLINE_CURVE_WITH_KNOTS ( 'NONE', 3,
 ( #5194, #5318, #5354, #5159 ),
 .UNSPECIFIED., .F., .F.,
 ( 4, 4 ),
 ( 0.0000000000000000000, 1.000000000000000000 ),
 .UNSPECIFIED. ) ;
#4556 = ORIENTED_EDGE ( 'NONE', *, *, #5961, .F. ) ;
#4557 = CARTESIAN_POINT ( 'NONE',  ( -54.32238325557914000, -1.536769409500968300, 10.24141823171816800 ) ) ;
#4558 = STYLED_ITEM ( 'NONE', ( #4968 ), #3204 ) ;
#4559 = PLANE ( 'NONE',  #8891 ) ;
#4560 = ORIENTED_EDGE ( 'NONE', *, *, #9488, .T. ) ;
#4561 = ORIENTED_EDGE ( 'NONE', *, *, #9096, .T. ) ;
#4562 = EDGE_CURVE ( 'NONE', #907, #6511, #2228, .T. ) ;
#4563 = LINE ( 'NONE', #1136, #11073 ) ;
#4564 = EDGE_CURVE ( 'NONE', #1694, #1809, #9011, .T. ) ;
#4565 = FACE_OUTER_BOUND ( 'NONE', #3678, .T. ) ;
#4566 = ORIENTED_EDGE ( 'NONE', *, *, #7784, .T. ) ;
#4567 = DIRECTION ( 'NONE',  ( 1.000000000000000000, -0.0000000000000000000, -0.0000000000000000000 ) ) ;
#4568 = DIRECTION ( 'NONE',  ( 0.0000000000000000000, -0.4226182617442353400, -0.9063077870350011400 ) ) ;
#4569 = ADVANCED_FACE ( 'F181', ( #6483 ), #4779, .T. ) ;
#4570 =( NAMED_UNIT ( * ) SI_UNIT ( $, .STERADIAN. ) SOLID_ANGLE_UNIT ( ) );
#4571 = DIRECTION ( 'NONE',  ( -1.000000000000000000, -0.0000000000000000000, -0.0000000000000000000 ) ) ;
#4572 = EDGE_CURVE ( 'NONE', #5493, #518, #6209, .T. ) ;
#4573 =( GEOMETRIC_REPRESENTATION_CONTEXT ( 3 ) GLOBAL_UNCERTAINTY_ASSIGNED_CONTEXT ( ( #7963 ) ) GLOBAL_UNIT_ASSIGNED_CONTEXT ( ( #6152, #1058, #6999 ) ) REPRESENTATION_CONTEXT ( 'NONE', 'WORKASPACE' ) );
#4574 = DIRECTION ( 'NONE',  ( 0.0000000000000000000, 0.4226182617409957000, 0.9063077870365118200 ) ) ;
#4575 = VERTEX_POINT ( 'NONE', #8016 ) ;
#4576 = VECTOR ( 'NONE', #1846, 1000.000000000000000 ) ;
#4577 = AXIS2_PLACEMENT_3D ( 'NONE', #7527, #10950, #721 ) ;
#4578 = CIRCLE ( 'NONE', #6299, 0.3499999999996048500 ) ;
#4579 = DIRECTION ( 'NONE',  ( -0.0000000000000000000, 0.4226182617406951100, 0.9063077870366520500 ) ) ;
#4580 = VECTOR ( 'NONE', #5171, 1000.000000000000100 ) ;
#4581 = DIRECTION ( 'NONE',  ( 0.0000000000000000000, 0.9063077870366382800, -0.4226182617407244800 ) ) ;
#4582 = CARTESIAN_POINT ( 'NONE',  ( -51.42238325557900700, -12.96943470698433400, 11.42058214781100000 ) ) ;
#4583 = CARTESIAN_POINT ( 'NONE',  ( -32.37238325557900300, -15.27056625714799900, 2.899349040092300100 ) ) ;
#4584 = SURFACE_STYLE_USAGE ( .BOTH. , #3400 ) ;
#4585 = CARTESIAN_POINT ( 'NONE',  ( -41.92238325557900000, -13.83598564293499900, 3.609615512147450000 ) ) ;
#4586 = CYLINDRICAL_SURFACE ( 'NONE', #9944, 0.8500000000001509700 ) ;
#4587 = VERTEX_POINT ( 'NONE', #7075 ) ;
#4589 = PLANE ( 'NONE',  #9701 ) ;
#4588 = DIRECTION ( 'NONE',  ( -0.0000000000000000000, 0.7660444431189286100, 0.6427876096865984300 ) ) ;
#4590 = LINE ( 'NONE', #8937, #6816 ) ;
#4591 = LINE ( 'NONE', #8725, #6820 ) ;
#4592 = FACE_OUTER_BOUND ( 'NONE', #1750, .T. ) ;
#4593 = CARTESIAN_POINT ( 'NONE',  ( -41.52238325557900800, -7.449200025104558700, 9.734276403308339100 ) ) ;
#4594 = DIRECTION ( 'NONE',  ( 0.0000000000000000000, 0.9063077870365118200, -0.4226182617409957000 ) ) ;
#4595 = AXIS2_PLACEMENT_3D ( 'NONE', #7969, #2897, #8822 ) ;
#4596 = DIRECTION ( 'NONE',  ( 0.0000000000000000000, 0.9063077870366187400, -0.4226182617407663300 ) ) ;
#4597 = DIRECTION ( 'NONE',  ( -7.755234363190355700E-014, 0.0000000000000000000, 1.000000000000000000 ) ) ;
#4598 = VERTEX_POINT ( 'NONE', #1176 ) ;
#4599 = LINE ( 'NONE', #2562, #4330 ) ;
#4600 = CARTESIAN_POINT ( 'NONE',  ( -42.42238325557900700, -12.76295202690819900, 1.178340361351901000 ) ) ;
#4601 = VECTOR ( 'NONE', #7418, 1000.000000000000000 ) ;
#4602 = DIRECTION ( 'NONE',  ( -7.073195076234402900E-014, 0.0000000000000000000, 1.000000000000000000 ) ) ;
#4603 = PRESENTATION_LAYER_ASSIGNMENT (  '', '', ( #3457 ) ) ;
#4604 = ORIENTED_EDGE ( 'NONE', *, *, #1755, .F. ) ;
#4605 = DIRECTION ( 'NONE',  ( 1.000000000000000000, 0.0000000000000000000, 0.0000000000000000000 ) ) ;
#4606 = LINE ( 'NONE', #7200, #6832 ) ;
#4607 = VERTEX_POINT ( 'NONE', #10616 ) ;
#4608 = VECTOR ( 'NONE', #3584, 999.9999999999998900 ) ;
#4609 = DIRECTION ( 'NONE',  ( 0.0000000000000000000, -0.9063077870366694800, 0.4226182617406576400 ) ) ;
#4610 =( NAMED_UNIT ( * ) PLANE_ANGLE_UNIT ( ) SI_UNIT ( $, .RADIAN. ) );
#4611 = FACE_OUTER_BOUND ( 'NONE', #4261, .T. ) ;
#4612 = LINE ( 'NONE', #3375, #4346 ) ;
#4613 = CARTESIAN_POINT ( 'NONE',  ( -32.62238325557900300, -20.59990936945082800, 1.360565711703919200 ) ) ;
#4614 = VECTOR ( 'NONE', #10910, 1000.000000000000100 ) ;
#4615 = PLANE ( 'NONE',  #11027 ) ;
#4616 = EDGE_CURVE ( 'NONE', #5261, #6655, #1688, .T. ) ;
#4617 = ADVANCED_FACE ( 'F99', ( #1956 ), #10153, .T. ) ;
#4618 = DIRECTION ( 'NONE',  ( 0.0000000000000000000, 0.7071067811865472400, -0.7071067811865479100 ) ) ;
#4619 = CARTESIAN_POINT ( 'NONE',  ( -32.62238325557905900, -16.40468681539763900, 11.77697046183587300 ) ) ;
#4620 = VERTEX_POINT ( 'NONE', #34 ) ;
#4621 = LINE ( 'NONE', #3370, #17 ) ;
#4622 = EDGE_CURVE ( 'NONE', #1046, #9663, #10491, .T. ) ;
#4623 = EDGE_LOOP ( 'NONE', ( #6625, #6914, #4077, #3311 ) ) ;
#4624 = ORIENTED_EDGE ( 'NONE', *, *, #4009, .T. ) ;
#4625 = ORIENTED_EDGE ( 'NONE', *, *, #10179, .F. ) ;
#4626 = CARTESIAN_POINT ( 'NONE',  ( -51.32238325557899800, -6.408207942020403000, 9.539150855829372900 ) ) ;
#4627 = CIRCLE ( 'NONE', #6155, 1.299999999999581500 ) ;
#4628 = DIRECTION ( 'NONE',  ( 1.000000000000000000, -6.830280870090087800E-014, 7.807046758812214700E-013 ) ) ;
#4629 = LINE ( 'NONE', #1095, #8845 ) ;
#4631 = CARTESIAN_POINT ( 'NONE',  ( -51.32238325557921100, -10.84542402236524000, 6.828736387002593700 ) ) ;
#4630 = CARTESIAN_POINT ( 'NONE',  ( -32.62238325557900300, -3.023748280399677600, 4.084676023020111100 ) ) ;
#4632 = LINE ( 'NONE', #1991, #7115 ) ;
#4633 = COLOUR_RGB ( '',1.000000000000000000, 0.3294117647058823500, 0.0000000000000000000 ) ;
#4634 = EDGE_LOOP ( 'NONE', ( #10184, #9037, #3043, #9000 ) ) ;
#4635 = CARTESIAN_POINT ( 'NONE',  ( -52.82238325557869300, -15.56065475903578700, 13.51670976020824000 ) ) ;
#4636 = CARTESIAN_POINT ( 'NONE',  ( -51.32238325557899800, -12.51387191729899900, 11.82058214781099900 ) ) ;
#4637 = EDGE_CURVE ( 'NONE', #930, #8373, #3989, .T. ) ;
#4638 = EDGE_CURVE ( 'NONE', #9565, #1178, #5938, .T. ) ;
#4639 = CARTESIAN_POINT ( 'NONE',  ( -54.42238325557900000, -13.42509357559099900, 3.307675602573400200 ) ) ;
#4640 = DIRECTION ( 'NONE',  ( -0.0000000000000000000, 0.9063077870366492700, -0.4226182617407007200 ) ) ;
#4641 = FACE_OUTER_BOUND ( 'NONE', #5429, .T. ) ;
#4642 = FACE_OUTER_BOUND ( 'NONE', #4843, .T. ) ;
#4643 = ORIENTED_EDGE ( 'NONE', *, *, #547, .F. ) ;
#4644 = EDGE_CURVE ( 'NONE', #10611, #1551, #1429, .T. ) ;
#4645 = LINE ( 'NONE', #10202, #8603 ) ;
#4646 = AXIS2_PLACEMENT_3D ( 'NONE', #3877, #3709, #10925 ) ;
#4647 = DIRECTION ( 'NONE',  ( 1.546891201349150100E-013, -0.3420201433268176300, 0.9396926207854902100 ) ) ;
#4648 = DIRECTION ( 'NONE',  ( -1.000000000000000000, 0.0000000000000000000, 0.0000000000000000000 ) ) ;
#4649 = VERTEX_POINT ( 'NONE', #7172 ) ;
#4650 = DIRECTION ( 'NONE',  ( -0.9985991029009406700, 0.03401210090163540200, -0.04053404344120209400 ) ) ;
#4651 = DIRECTION ( 'NONE',  ( -0.7071067811867028900, 0.4545194776719495600, -0.5416752204195780500 ) ) ;
#4652 = ORIENTED_EDGE ( 'NONE', *, *, #7365, .F. ) ;
#4653 = VECTOR ( 'NONE', #3352, 1000.000000000000000 ) ;
#4654 = DIRECTION ( 'NONE',  ( 0.0000000000000000000, -0.7071067811865479100, -0.7071067811865472400 ) ) ;
#4655 = ORIENTED_EDGE ( 'NONE', *, *, #9949, .T. ) ;
#4656 = EDGE_CURVE ( 'NONE', #6986, #7043, #5686, .T. ) ;
#4657 = DIRECTION ( 'NONE',  ( 0.0000000000000000000, 0.9063077870361431200, -0.4226182617417864600 ) ) ;
#4658 = AXIS2_PLACEMENT_3D ( 'NONE', #5625, #4796, #10739 ) ;
#4659 = DIRECTION ( 'NONE',  ( -7.073195076234402900E-014, 0.0000000000000000000, 1.000000000000000000 ) ) ;
#4660 = UNCERTAINTY_MEASURE_WITH_UNIT (LENGTH_MEASURE( 1.000000000000000100E-005 ), #2983, 'distance_accuracy_value', 'NONE');
#4661 = VERTEX_POINT ( 'NONE', #2099 ) ;
#4662 =( LENGTH_UNIT ( ) NAMED_UNIT ( * ) SI_UNIT ( .MILLI., .METRE. ) );
#4663 = ORIENTED_EDGE ( 'NONE', *, *, #10200, .F. ) ;
#4664 = CARTESIAN_POINT ( 'NONE',  ( -43.92238325557900000, -3.699874156541753700, -3.047842256055112400 ) ) ;
#4665 = COLOUR_RGB ( '',1.000000000000000000, 0.6588235294117647000, 0.0000000000000000000 ) ;
#4666 = ORIENTED_EDGE ( 'NONE', *, *, #7015, .T. ) ;
#4667 = CARTESIAN_POINT ( 'NONE',  ( -51.34612694228650300, -5.667601227780700400, 9.589964439551149400 ) ) ;
#4668 = DIRECTION ( 'NONE',  ( 0.0000000000000000000, -0.4226182617407509000, -0.9063077870366260700 ) ) ;
#4669 = ADVANCED_FACE ( 'F110', ( #7657 ), #9774, .T. ) ;
#4670 = VERTEX_POINT ( 'NONE', #8890 ) ;
#4671 = DIRECTION ( 'NONE',  ( 1.000000000000000000, 0.0000000000000000000, 0.0000000000000000000 ) ) ;
#4672 = AXIS2_PLACEMENT_3D ( 'NONE', #214, #169, #139 ) ;
#4673 = DIRECTION ( 'NONE',  ( -5.920288589536064300E-014, 0.4226182617406329400, 0.9063077870366810200 ) ) ;
#4674 = ORIENTED_EDGE ( 'NONE', *, *, #7294, .T. ) ;
#4675 = DIRECTION ( 'NONE',  ( 1.000000000000000000, 0.0000000000000000000, 0.0000000000000000000 ) ) ;
#4676 = CARTESIAN_POINT ( 'NONE',  ( -36.45246202455803100, -20.57817078654876400, 0.9608140027612341900 ) ) ;
#4677 = ORIENTED_EDGE ( 'NONE', *, *, #4767, .F. ) ;
#4678 = CIRCLE ( 'NONE', #4646, 1.099999999999782900 ) ;
#4679 = ORIENTED_EDGE ( 'NONE', *, *, #5107, .F. ) ;
#4680 =( NAMED_UNIT ( * ) SI_UNIT ( $, .STERADIAN. ) SOLID_ANGLE_UNIT ( ) );
#4681 = CARTESIAN_POINT ( 'NONE',  ( -51.22238325557900400, -1.512884059966500300, 6.966126703226999300 ) ) ;
#4682 = EDGE_LOOP ( 'NONE', ( #5097, #1562, #10680, #6480 ) ) ;
#4683 = EDGE_LOOP ( 'NONE', ( #3031, #8893, #9330, #7356 ) ) ;
#4684 = AXIS2_PLACEMENT_3D ( 'NONE', #2851, #2842, #2798 ) ;
#4685 = CARTESIAN_POINT ( 'NONE',  ( -37.32238325557889200, -17.99144185151488500, 10.78838168040919900 ) ) ;
#4686 = VECTOR ( 'NONE', #6439, 999.9999999999998900 ) ;
#4687 = CARTESIAN_POINT ( 'NONE',  ( -32.02238325557899400, -18.79826480611800600, 6.751097727064499800 ) ) ;
#4688 = ORIENTED_EDGE ( 'NONE', *, *, #10993, .F. ) ;
#4689 = CARTESIAN_POINT ( 'NONE',  ( -43.02238325557900100, -1.987266391807393600, 10.32628343845892400 ) ) ;
#4690 = AXIS2_PLACEMENT_3D ( 'NONE', #8991, #1363, #7302 ) ;
#4691 = SURFACE_SIDE_STYLE ('',( #8977 ) ) ;
#4692 = VERTEX_POINT ( 'NONE', #6371 ) ;
#4693 = DIRECTION ( 'NONE',  ( 0.0000000000000000000, 0.9063077870366517100, -0.4226182617406958300 ) ) ;
#4694 = ORIENTED_EDGE ( 'NONE', *, *, #4311, .F. ) ;
#4695 = VERTEX_POINT ( 'NONE', #7204 ) ;
#4696 = COLOUR_RGB ( '',1.000000000000000000, 0.3294117647058823500, 0.0000000000000000000 ) ;
#4698 = DIRECTION ( 'NONE',  ( 0.0000000000000000000, -0.7071067811871640800, 0.7071067811859309500 ) ) ;
#4697 = DIRECTION ( 'NONE',  ( 0.0000000000000000000, 0.9063077870366367300, -0.4226182617407279700 ) ) ;
#4699 = EDGE_LOOP ( 'NONE', ( #3199, #9348, #1695 ) ) ;
#4700 = EDGE_CURVE ( 'NONE', #6905, #3350, #5418, .T. ) ;
#4701 = EDGE_CURVE ( 'NONE', #8929, #4695, #3166, .T. ) ;
#4702 = ORIENTED_EDGE ( 'NONE', *, *, #757, .F. ) ;
#4703 = CARTESIAN_POINT ( 'NONE',  ( -37.32238325557931100, -18.67276208002751400, 6.251223677183774400 ) ) ;
#4704 = SHELL_BASED_SURFACE_MODEL ( 'NONE', ( #2946, #4045, #11077 ) );
#4705 = VERTEX_POINT ( 'NONE', #5563 ) ;
#4706 = CARTESIAN_POINT ( 'NONE',  ( -37.32238325557794700, -21.03942434577557600, 1.175900069779927100 ) ) ;
#4707 = EDGE_CURVE ( 'NONE', #4215, #2643, #1146, .T. ) ;
#4708 = CARTESIAN_POINT ( 'NONE',  ( -33.92238325557900000, -12.07247110886396700, 5.380213289204072600 ) ) ;
#4709 = COLOUR_RGB ( '',1.000000000000000000, 0.0000000000000000000, 0.0000000000000000000 ) ;
#4710 = MECHANICAL_DESIGN_GEOMETRIC_PRESENTATION_REPRESENTATION (  '', ( #3562 ), #5257 ) ;
#4711 = CARTESIAN_POINT ( 'NONE',  ( -37.32238325557852200, -21.92307443813618700, 1.587952874977507100 ) ) ;
#4712 = DIRECTION ( 'NONE',  ( 0.0000000000000000000, 0.9063077870365083800, -0.4226182617410030900 ) ) ;
#4713 = CARTESIAN_POINT ( 'NONE',  ( -53.12238325557899500, -10.37845644040845100, 7.238388281786599900 ) ) ;
#4714 = PRESENTATION_STYLE_ASSIGNMENT (( #303 ) ) ;
#4715 = EDGE_LOOP ( 'NONE', ( #7415, #259, #1433, #3907 ) ) ;
#4716 = VECTOR ( 'NONE', #8345, 1000.000000000000000 ) ;
#4717 = EDGE_CURVE ( 'NONE', #865, #8494, #9687, .T. ) ;
#4718 = ORIENTED_EDGE ( 'NONE', *, *, #3616, .F. ) ;
#4719 = DIRECTION ( 'NONE',  ( 0.2588190451023922300, 0.8754260980655853600, -0.4082178936768329200 ) ) ;
#4720 = CARTESIAN_POINT ( 'NONE',  ( -51.62238325557900300, -9.841956179637890000, 8.152296645546494200 ) ) ;
#4721 =( NAMED_UNIT ( * ) PLANE_ANGLE_UNIT ( ) SI_UNIT ( $, .RADIAN. ) );
#4722 = EDGE_CURVE ( 'NONE', #3136, #2215, #10217, .T. ) ;
#4723 = AXIS2_PLACEMENT_3D ( 'NONE', #8791, #3743, #9671 ) ;
#4724 = DIRECTION ( 'NONE',  ( 1.000000000000000000, -6.782848364076685300E-015, 7.752831156315364500E-014 ) ) ;
#4725 = ADVANCED_FACE ( 'F15', ( #4905 ), #9849, .T. ) ;
#4726 = STYLED_ITEM ( 'NONE', ( #5399 ), #5428 ) ;
#4727 = FACE_OUTER_BOUND ( 'NONE', #6749, .T. ) ;
#4728 = VERTEX_POINT ( 'NONE', #6410 ) ;
#4729 = DIRECTION ( 'NONE',  ( 0.0000000000000000000, -0.9063077870366523800, 0.4226182617406942800 ) ) ;
#4730 = LINE ( 'NONE', #9512, #2433 ) ;
#4731 = DIRECTION ( 'NONE',  ( 0.0000000000000000000, 0.9063077870366605900, -0.4226182617406767400 ) ) ;
#4732 = VERTEX_POINT ( 'NONE', #1348 ) ;
#4733 = FACE_OUTER_BOUND ( 'NONE', #7055, .T. ) ;
#4734 = DIRECTION ( 'NONE',  ( 0.0000000000000000000, 0.9063077870366347300, -0.4226182617407320300 ) ) ;
#4735 = DIRECTION ( 'NONE',  ( -1.418059170871768300E-014, 0.7660444431189890000, 0.6427876096865263700 ) ) ;
#4736 = EDGE_LOOP ( 'NONE', ( #6393, #7338, #2100, #100 ) ) ;
#4737 = EDGE_CURVE ( 'NONE', #2772, #7592, #5155, .T. ) ;
#4738 = VECTOR ( 'NONE', #9181, 1000.000000000000000 ) ;
#4739 = ORIENTED_EDGE ( 'NONE', *, *, #2539, .T. ) ;
#4740 = PLANE ( 'NONE',  #8992 ) ;
#4741 = CYLINDRICAL_SURFACE ( 'NONE', #10842, 1.599999999997775000 ) ;
#4742 = CARTESIAN_POINT ( 'NONE',  ( -37.60376223126426300, -15.86431878055046400, 9.796487902578936900 ) ) ;
#4743 = VECTOR ( 'NONE', #3476, 1000.000000000000000 ) ;
#4744 = DIRECTION ( 'NONE',  ( -1.000000000000000000, -2.009809788925401600E-013, -2.645964783881782400E-014 ) ) ;
#4745 = PLANE ( 'NONE',  #3395 ) ;
#4746 = CARTESIAN_POINT ( 'NONE',  ( -44.82238325557906200, -10.41264747604840900, 3.497451929945476900 ) ) ;
#4747 = DIRECTION ( 'NONE',  ( -1.000000000000000000, 2.918290966787332300E-014, -1.088501248464561100E-013 ) ) ;
#4748 = CARTESIAN_POINT ( 'NONE',  ( -37.52238325557900100, -6.815801946210646300, 10.02490247464287900 ) ) ;
#4749 = ORIENTED_EDGE ( 'NONE', *, *, #8219, .F. ) ;
#4750 = LINE ( 'NONE', #4493, #9241 ) ;
#4751 = ORIENTED_EDGE ( 'NONE', *, *, #4174, .T. ) ;
#4752 = DIRECTION ( 'NONE',  ( 3.426078865058958500E-013, -3.617006867633921000E-011, 1.000000000000000000 ) ) ;
#4753 = PRESENTATION_STYLE_ASSIGNMENT (( #9356 ) ) ;
#4754 = COLOUR_RGB ( '',1.000000000000000000, 0.3294117647058823500, 0.0000000000000000000 ) ;
#4755 = COLOUR_RGB ( '',1.000000000000000000, 0.3294117647058823500, 0.0000000000000000000 ) ;
#4756 = VECTOR ( 'NONE', #3857, 1000.000000000000100 ) ;
#4757 = DIRECTION ( 'NONE',  ( 0.0000000000000000000, -0.4226182617407087100, -0.9063077870366457200 ) ) ;
#4758 = DIRECTION ( 'NONE',  ( 0.0000000000000000000, 0.4226182617407111000, 0.9063077870366443900 ) ) ;
#4759 = VERTEX_POINT ( 'NONE', #9010 ) ;
#4760 = LINE ( 'NONE', #9857, #2205 ) ;
#4761 = FILL_AREA_STYLE_COLOUR ( '', #3176 ) ;
#4762 = ORIENTED_EDGE ( 'NONE', *, *, #5168, .T. ) ;
#4763 = FACE_OUTER_BOUND ( 'NONE', #8058, .T. ) ;
#4764 = CARTESIAN_POINT ( 'NONE',  ( -37.52238325557900100, -4.042145142715500400, 7.652821310570601600 ) ) ;
#4765 = CARTESIAN_POINT ( 'NONE',  ( -39.42238325557900000, -4.736753072750250500, -0.3024129429744998900 ) ) ;
#4766 = EDGE_CURVE ( 'NONE', #6373, #10275, #592, .T. ) ;
#4767 = EDGE_CURVE ( 'NONE', #4262, #9160, #2622, .T. ) ;
#4768 = VERTEX_POINT ( 'NONE', #3077 ) ;
#4769 = ORIENTED_EDGE ( 'NONE', *, *, #7432, .T. ) ;
#4770 = PLANE ( 'NONE',  #11095 ) ;
#4771 = TOROIDAL_SURFACE ( 'NONE', #4803, 1.075000000000647900, 0.09999999999982181500 ) ;
#4772 = VECTOR ( 'NONE', #6728, 999.9999999999998900 ) ;
#4773 = VERTEX_POINT ( 'NONE', #1385 ) ;
#4774 = LINE ( 'NONE', #9561, #9004 ) ;
#4776 = DIRECTION ( 'NONE',  ( 0.2588190451035733400, -0.8754260980652982500, 0.4082178936766997500 ) ) ;
#4775 = CARTESIAN_POINT ( 'NONE',  ( -40.42238325557906400, -12.02464699882472000, 5.482772424149790600 ) ) ;
#4777 = CARTESIAN_POINT ( 'NONE',  ( -30.82238325557900200, -15.78143261196799900, 11.42058214781099900 ) ) ;
#4778 = DIRECTION ( 'NONE',  ( -0.7071067811863578400, 0.4545194776721422400, -0.5416752204198667100 ) ) ;
#4780 = ORIENTED_EDGE ( 'NONE', *, *, #4700, .T. ) ;
#4779 = PLANE ( 'NONE',  #4222 ) ;
#4781 = VECTOR ( 'NONE', #8434, 1000.000000000000100 ) ;
#4782 = LINE ( 'NONE', #248, #6995 ) ;
#4783 = ADVANCED_FACE ( 'F238', ( #4642 ), #8142, .T. ) ;
#4784 = EDGE_LOOP ( 'NONE', ( #8568, #1184, #8287, #2641 ) ) ;
#4785 = DIRECTION ( 'NONE',  ( 0.0000000000000000000, -0.9063077870366660300, 0.4226182617406651900 ) ) ;
#4786 = DIRECTION ( 'NONE',  ( -1.092316201647336100E-013, 0.0000000000000000000, 1.000000000000000000 ) ) ;
#4787 = EDGE_CURVE ( 'NONE', #2655, #9067, #44, .T. ) ;
#4788 = VECTOR ( 'NONE', #6119, 1000.000000000000000 ) ;
#4789 = EDGE_CURVE ( 'NONE', #10984, #5475, #326, .T. ) ;
#4790 = CARTESIAN_POINT ( 'NONE',  ( -37.57763765868271100, -21.92307443813605900, 1.587952874977434500 ) ) ;
#4791 = DIRECTION ( 'NONE',  ( 0.0000000000000000000, 0.9063077870366609300, -0.4226182617406758500 ) ) ;
#4792 = VERTEX_POINT ( 'NONE', #4832 ) ;
#4793 = EDGE_CURVE ( 'NONE', #2960, #4042, #8857, .T. ) ;
#4794 = VERTEX_POINT ( 'NONE', #8225 ) ;
#4795 = CARTESIAN_POINT ( 'NONE',  ( -32.32238325557899800, -5.459784462476143600, -1.675493643250779900 ) ) ;
#4796 = DIRECTION ( 'NONE',  ( -1.000000000000000000, -1.124744024573817900E-013, -9.840235151880140300E-015 ) ) ;
#4797 = ORIENTED_EDGE ( 'NONE', *, *, #3636, .F. ) ;
#4798 = CARTESIAN_POINT ( 'NONE',  ( -37.83132024787269600, -21.82784073155671600, 1.543544668285021100 ) ) ;
#4799 = ORIENTED_EDGE ( 'NONE', *, *, #10630, .T. ) ;
#4800 = ORIENTED_EDGE ( 'NONE', *, *, #7946, .F. ) ;
#4801 = CARTESIAN_POINT ( 'NONE',  ( -41.42238325557600800, -4.895170539831149800, 8.242444627104252000 ) ) ;
#4802 = CARTESIAN_POINT ( 'NONE',  ( -33.92238325557900000, -15.36314926910998800, 9.562788721360624000 ) ) ;
#4803 = AXIS2_PLACEMENT_3D ( 'NONE', #3433, #1729, #7666 ) ;
#4804 = VECTOR ( 'NONE', #2391, 1000.000000000000200 ) ;
#4805 = CARTESIAN_POINT ( 'NONE',  ( -51.32238325557882800, -6.741641187299922700, 7.575609094634582000 ) ) ;
#4806 = ORIENTED_EDGE ( 'NONE', *, *, #1402, .F. ) ;
#4807 = DIRECTION ( 'NONE',  ( -1.000000000000000000, 8.843810518728433900E-015, -1.053964295791072500E-014 ) ) ;
#4808 = ORIENTED_EDGE ( 'NONE', *, *, #8101, .F. ) ;
#4809 = VERTEX_POINT ( 'NONE', #4023 ) ;
#4810 = PRESENTATION_STYLE_ASSIGNMENT (( #5426 ) ) ;
#4811 =( LENGTH_UNIT ( ) NAMED_UNIT ( * ) SI_UNIT ( .MILLI., .METRE. ) );
#4812 = ORIENTED_EDGE ( 'NONE', *, *, #8325, .F. ) ;
#4813 = CARTESIAN_POINT ( 'NONE',  ( -35.02238325557877400, -4.684927495156547800, 8.418859488348301700 ) ) ;
#4814 = MECHANICAL_DESIGN_GEOMETRIC_PRESENTATION_REPRESENTATION (  '', ( #3097 ), #5357 ) ;
#4815 = CARTESIAN_POINT ( 'NONE',  ( -38.19230448659786200, -21.50067790500221300, 1.390986136799009100 ) ) ;
#4816 = CARTESIAN_POINT ( 'NONE',  ( -47.37238325557911600, -4.967040512966469200, 14.93897457573917200 ) ) ;
#4817 = UNCERTAINTY_MEASURE_WITH_UNIT (LENGTH_MEASURE( 1.000000000000000100E-005 ), #2039, 'distance_accuracy_value', 'NONE');
#4818 = EDGE_LOOP ( 'NONE', ( #6409, #8699 ) ) ;
#4819 = CARTESIAN_POINT ( 'NONE',  ( -32.62238325557900300, -12.00095640334300000, 3.581460764009300100 ) ) ;
#4820 = CARTESIAN_POINT ( 'NONE',  ( -53.12238325557899500, -10.16274693020600000, 9.720445675976799600 ) ) ;
#4821 = AXIS2_PLACEMENT_3D ( 'NONE', #3260, #9190, #4134 ) ;
#4822 = VERTEX_POINT ( 'NONE', #9916 ) ;
#4823 = ORIENTED_EDGE ( 'NONE', *, *, #547, .T. ) ;
#4824 = CIRCLE ( 'NONE', #2193, 1.199999999999910700 ) ;
#4825 = ADVANCED_FACE ( 'F182', ( #4379 ), #2283, .T. ) ;
#4826 = EDGE_CURVE ( 'NONE', #2148, #7582, #6342, .T. ) ;
#4827 = ORIENTED_EDGE ( 'NONE', *, *, #3690, .T. ) ;
#4828 = CARTESIAN_POINT ( 'NONE',  ( -44.82238325557901200, -11.67538268246422500, 0.6711984472630714300 ) ) ;
#4829 = EDGE_CURVE ( 'NONE', #10537, #1950, #2355, .T. ) ;
#4830 = CARTESIAN_POINT ( 'NONE',  ( -37.32238325557826600, -3.694436511013195400, 4.121578601448831600 ) ) ;
#4831 = EDGE_LOOP ( 'NONE', ( #5036, #5334, #10055, #1860 ) ) ;
#4832 = CARTESIAN_POINT ( 'NONE',  ( -32.32238325557899800, -7.841203232903899000, -4.826668511976900600 ) ) ;
#4833 = ADVANCED_FACE ( 'F106', ( #8333 ), #9120, .T. ) ;
#4834 = CARTESIAN_POINT ( 'NONE',  ( -40.32238325557866400, -8.536769409500866600, 10.24141823171915700 ) ) ;
#4835 = ORIENTED_EDGE ( 'NONE', *, *, #7495, .T. ) ;
#4836 = FACE_OUTER_BOUND ( 'NONE', #8515, .T. ) ;
#4837 = CIRCLE ( 'NONE', #10591, 0.9622611464964530000 ) ;
#4838 = CARTESIAN_POINT ( 'NONE',  ( -30.82238325557900200, -19.21748335841733300, 4.798428176087534200 ) ) ;
#4839 = ORIENTED_EDGE ( 'NONE', *, *, #9757, .F. ) ;
#4840 = STYLED_ITEM ( 'NONE', ( #5012 ), #10903 ) ;
#4841 = DIRECTION ( 'NONE',  ( 1.000000000000000000, -0.0000000000000000000, -0.0000000000000000000 ) ) ;
#4842 = CARTESIAN_POINT ( 'NONE',  ( -51.32238325557899100, -7.672809980036829500, 6.170485738298897800 ) ) ;
#4843 = EDGE_LOOP ( 'NONE', ( #691, #2112, #8462, #2079 ) ) ;
#4844 = CARTESIAN_POINT ( 'NONE',  ( -37.32238325557816700, -5.120407100651389600, -0.1786810276303257300 ) ) ;
#4845 = LINE ( 'NONE', #1806, #250 ) ;
#4846 = EDGE_CURVE ( 'NONE', #1046, #8850, #4113, .T. ) ;
#4847 = VECTOR ( 'NONE', #6543, 1000.000000000000000 ) ;
#4848 = EDGE_CURVE ( 'NONE', #166, #648, #2088, .T. ) ;
#4849 = VERTEX_POINT ( 'NONE', #6595 ) ;
#4850 = EDGE_CURVE ( 'NONE', #7836, #9166, #3851, .T. ) ;
#4851 = VECTOR ( 'NONE', #10170, 1000.000000000000000 ) ;
#4852 = EDGE_LOOP ( 'NONE', ( #4718, #6873, #2958, #7751 ) ) ;
#4853 = CIRCLE ( 'NONE', #8677, 1.174999999999931900 ) ;
#4854 =( GEOMETRIC_REPRESENTATION_CONTEXT ( 3 ) GLOBAL_UNCERTAINTY_ASSIGNED_CONTEXT ( ( #6004 ) ) GLOBAL_UNIT_ASSIGNED_CONTEXT ( ( #9806, #4721, #10664 ) ) REPRESENTATION_CONTEXT ( 'NONE', 'WORKASPACE' ) );
#4855 = FACE_OUTER_BOUND ( 'NONE', #8334, .T. ) ;
#4856 = DIRECTION ( 'NONE',  ( -0.0000000000000000000, -0.9063077870366605900, 0.4226182617406767900 ) ) ;
#4857 = CARTESIAN_POINT ( 'NONE',  ( -51.32238325557899800, -6.183152695550775000, 10.35994713414023300 ) ) ;
#4858 = CARTESIAN_POINT ( 'NONE',  ( -32.02238325557899400, -7.068480784466101100, -0.9253462286610301100 ) ) ;
#4859 = DIRECTION ( 'NONE',  ( -0.0000000000000000000, 0.7660444431190051000, 0.6427876096865070600 ) ) ;
#4860 = ORIENTED_EDGE ( 'NONE', *, *, #9080, .F. ) ;
#4861 = LINE ( 'NONE', #778, #5372 ) ;
#4862 = CARTESIAN_POINT ( 'NONE',  ( -43.02238325557900100, 6.534571020568099800, 15.35069387910400000 ) ) ;
#4863 = LINE ( 'NONE', #10726, #6828 ) ;
#4864 = EDGE_CURVE ( 'NONE', #5983, #5464, #6066, .T. ) ;
#4865 = AXIS2_PLACEMENT_3D ( 'NONE', #4396, #5266, #115 ) ;
#4866 = CARTESIAN_POINT ( 'NONE',  ( -53.12238325557899500, -13.45884666412900000, 12.12058214781100100 ) ) ;
#4867 = CARTESIAN_POINT ( 'NONE',  ( -53.12238325557932900, -5.364692154873402800, 7.912254315625974100 ) ) ;
#4868 = ORIENTED_EDGE ( 'NONE', *, *, #6530, .T. ) ;
#4869 = ORIENTED_EDGE ( 'NONE', *, *, #6293, .T. ) ;
#4870 = VECTOR ( 'NONE', #5237, 1000.000000000000000 ) ;
#4871 = CARTESIAN_POINT ( 'NONE',  ( -31.72238325557900400, -3.077202554305703300, 5.389763912589101500 ) ) ;
#4872 = VECTOR ( 'NONE', #899, 1000.000000000000100 ) ;
#4873 = CIRCLE ( 'NONE', #1172, 0.6999999999997695800 ) ;
#4874 = DIRECTION ( 'NONE',  ( 0.0000000000000000000, 0.9063077870366472700, -0.4226182617407052100 ) ) ;
#4875 = LINE ( 'NONE', #10877, #9373 ) ;
#4876 = ADVANCED_FACE ( 'F245', ( #10349, #1281 ), #4098, .T. ) ;
#4877 = DIRECTION ( 'NONE',  ( -0.0000000000000000000, -0.0000000000000000000, -1.000000000000000000 ) ) ;
#4878 = EDGE_CURVE ( 'NONE', #7446, #5926, #5552, .T. ) ;
#4879 = ORIENTED_EDGE ( 'NONE', *, *, #8161, .F. ) ;
#4880 = B_SPLINE_CURVE_WITH_KNOTS ( 'NONE', 3,
 ( #1183, #1210, #1157, #1143 ),
 .UNSPECIFIED., .F., .F.,
 ( 4, 4 ),
 ( 0.0000000000000000000, 1.000000000000000000 ),
 .UNSPECIFIED. ) ;
#4881 = FACE_OUTER_BOUND ( 'NONE', #2204, .T. ) ;
#4882 = ORIENTED_EDGE ( 'NONE', *, *, #148, .F. ) ;
#4883 = ORIENTED_EDGE ( 'NONE', *, *, #2331, .F. ) ;
#4884 = EDGE_LOOP ( 'NONE', ( #10834, #4125, #10936, #4213 ) ) ;
#4885 = VECTOR ( 'NONE', #3534, 1000.000000000000100 ) ;
#4886 = ADVANCED_FACE ( 'F261', ( #3295 ), #2385, .T. ) ;
#4887 = LINE ( 'NONE', #745, #6852 ) ;
#4888 = STYLED_ITEM ( 'NONE', ( #828 ), #8250 ) ;
#4889 = DIRECTION ( 'NONE',  ( 0.0000000000000000000, -0.9063077870366346200, 0.4226182617407321900 ) ) ;
#4890 = CARTESIAN_POINT ( 'NONE',  ( -41.52238325557900800, -9.624338629650903700, 10.74856041235701400 ) ) ;
#4891 = CARTESIAN_POINT ( 'NONE',  ( -38.29738325557815400, -21.27076339898360400, 1.283775241921582000 ) ) ;
#4892 = DIRECTION ( 'NONE',  ( 0.9962405881956830600, 0.05568444403121927000, -0.06636213622581460500 ) ) ;
#4893 = ORIENTED_EDGE ( 'NONE', *, *, #7961, .F. ) ;
#4894 = ORIENTED_EDGE ( 'NONE', *, *, #6768, .F. ) ;
#4895 = FACE_OUTER_BOUND ( 'NONE', #634, .T. ) ;
#4896 = FACE_OUTER_BOUND ( 'NONE', #4059, .T. ) ;
#4897 = EDGE_LOOP ( 'NONE', ( #8940, #189, #9323, #5408 ) ) ;
#4898 = PRESENTATION_STYLE_ASSIGNMENT (( #8054 ) ) ;
#4899 = CARTESIAN_POINT ( 'NONE',  ( -51.32238325557899800, -12.75672840378733300, 7.904120294198968100 ) ) ;
#4900 = DIRECTION ( 'NONE',  ( 1.000000000000000000, -0.0000000000000000000, -0.0000000000000000000 ) ) ;
#4901 =( GEOMETRIC_REPRESENTATION_CONTEXT ( 3 ) GLOBAL_UNCERTAINTY_ASSIGNED_CONTEXT ( ( #10582 ) ) GLOBAL_UNIT_ASSIGNED_CONTEXT ( ( #1930, #7867, #2786 ) ) REPRESENTATION_CONTEXT ( 'NONE', 'WORKASPACE' ) );
#4902 = VECTOR ( 'NONE', #5142, 1000.000000000000100 ) ;
#4903 = CARTESIAN_POINT ( 'NONE',  ( -38.29738325557786300, -20.80808529256621100, 1.068024897638407200 ) ) ;
#4904 = DIRECTION ( 'NONE',  ( 0.0000000000000000000, -0.9063077870369087300, 0.4226182617401446100 ) ) ;
#4905 = FACE_OUTER_BOUND ( 'NONE', #4784, .T. ) ;
#4906 = ORIENTED_EDGE ( 'NONE', *, *, #5273, .T. ) ;
#4907 = CARTESIAN_POINT ( 'NONE',  ( -37.84737477862962200, -21.09487166489033400, 1.201755579307690600 ) ) ;
#4908 = EDGE_CURVE ( 'NONE', #5446, #7883, #3569, .T. ) ;
#4909 = EDGE_CURVE ( 'NONE', #8798, #10932, #9821, .T. ) ;
#4910 = ORIENTED_EDGE ( 'NONE', *, *, #4343, .T. ) ;
#4911 = DIRECTION ( 'NONE',  ( 0.0000000000000000000, 0.9063077870366467200, -0.4226182617407066000 ) ) ;
#4912 = VERTEX_POINT ( 'NONE', #9224 ) ;
#4913 = CARTESIAN_POINT ( 'NONE',  ( -51.32238325557936100, -11.86196552253907800, 12.57058214781225800 ) ) ;
#4914 = ORIENTED_EDGE ( 'NONE', *, *, #4492, .T. ) ;
#4915 = EDGE_CURVE ( 'NONE', #6699, #6511, #722, .T. ) ;
#4916 = VECTOR ( 'NONE', #3284, 1000.000000000000100 ) ;
#4917 = AXIS2_PLACEMENT_3D ( 'NONE', #967, #951, #927 ) ;
#4918 = ORIENTED_EDGE ( 'NONE', *, *, #9675, .F. ) ;
#4919 = ORIENTED_EDGE ( 'NONE', *, *, #6229, .T. ) ;
#4920 = DIRECTION ( 'NONE',  ( -7.755234363190355700E-014, 0.0000000000000000000, 1.000000000000000000 ) ) ;
#4921 = CARTESIAN_POINT ( 'NONE',  ( -32.32238325557899800, -14.26325031260800100, -2.039059695162200200 ) ) ;
#4922 = EDGE_CURVE ( 'NONE', #9378, #11064, #3032, .T. ) ;
#4923 = ORIENTED_EDGE ( 'NONE', *, *, #2697, .T. ) ;
#4924 = CARTESIAN_POINT ( 'NONE',  ( -38.19230448659725100, -20.57817078654773400, 0.9608140027610080300 ) ) ;
#4925 = FACE_OUTER_BOUND ( 'NONE', #5537, .T. ) ;
#4926 = CARTESIAN_POINT ( 'NONE',  ( -51.32238325557874200, -5.540365084889835100, 9.593902691839399900 ) ) ;
#4927 = DIRECTION ( 'NONE',  ( 0.0000000000000000000, -1.000000000000000000, 0.0000000000000000000 ) ) ;
#4928 = ORIENTED_EDGE ( 'NONE', *, *, #1414, .F. ) ;
#4929 = EDGE_CURVE ( 'NONE', #6237, #6280, #7257, .T. ) ;
#4930 = ADVANCED_FACE ( 'F270', ( #5027 ), #2479, .F. ) ;
#4931 = PRESENTATION_LAYER_ASSIGNMENT (  '', '', ( #3806 ) ) ;
#4932 = ORIENTED_EDGE ( 'NONE', *, *, #2616, .F. ) ;
#4933 = CARTESIAN_POINT ( 'NONE',  ( -41.52238325557900800, -10.47930445632916400, 8.915080280247050100 ) ) ;
#4934 = ORIENTED_EDGE ( 'NONE', *, *, #3207, .T. ) ;
#4935 = CARTESIAN_POINT ( 'NONE',  ( -29.52238325557900100, -16.78863180043440600, 3.607234628508117200 ) ) ;
#4936 = ORIENTED_EDGE ( 'NONE', *, *, #9673, .F. ) ;
#4937 = CARTESIAN_POINT ( 'NONE',  ( -37.83132024787165900, -20.25100795999365400, 0.8082554712750899000 ) ) ;
#4938 = VECTOR ( 'NONE', #4151, 1000.000000000000000 ) ;
#4939 = DIRECTION ( 'NONE',  ( -0.7071067811866461600, 0.2988362387300836900, 0.6408563820556967300 ) ) ;
#4940 = ADVANCED_FACE ( 'F49', ( #2750 ), #9265, .T. ) ;
#4941 = CARTESIAN_POINT ( 'NONE',  ( -44.82238325557867900, -8.536769409502397800, 10.24141823171832800 ) ) ;
#4942 = ORIENTED_EDGE ( 'NONE', *, *, #2911, .T. ) ;
#4943 = CARTESIAN_POINT ( 'NONE',  ( -37.32238325608259500, -21.51523562888809200, 1.397774514932473800 ) ) ;
#4944 = CARTESIAN_POINT ( 'NONE',  ( -42.42238325557900700, -10.80901524589589300, 2.529129410688190700 ) ) ;
#4945 = AXIS2_PLACEMENT_3D ( 'NONE', #1506, #4101, #10029 ) ;
#4946 = ORIENTED_EDGE ( 'NONE', *, *, #4068, .T. ) ;
#4947 = CARTESIAN_POINT ( 'NONE',  ( -28.92238325557900700, -6.734610742807697100, 1.125723452010107200 ) ) ;
#4948 = ORIENTED_EDGE ( 'NONE', *, *, #7724, .T. ) ;
#4949 = VECTOR ( 'NONE', #1607, 1000.000000000000200 ) ;
#4950 = CARTESIAN_POINT ( 'NONE',  ( -31.42238325557900000, -8.987483011446487400, 2.176255043721421900 ) ) ;
#4951 = ORIENTED_EDGE ( 'NONE', *, *, #8242, .T. ) ;
#4952 = DIRECTION ( 'NONE',  ( 1.000000000000000000, 0.0000000000000000000, 0.0000000000000000000 ) ) ;
#4953 = ORIENTED_EDGE ( 'NONE', *, *, #6171, .T. ) ;
#4954 = ORIENTED_EDGE ( 'NONE', *, *, #10262, .T. ) ;
#4955 = CARTESIAN_POINT ( 'NONE',  ( -51.62238325557900300, -4.377988295317800600, 8.053063594232499500 ) ) ;
#4956 = AXIS2_PLACEMENT_3D ( 'NONE', #6556, #6631, #7205 ) ;
#4957 = EDGE_LOOP ( 'NONE', ( #9542, #7439, #3261, #4923 ) ) ;
#4958 = LINE ( 'NONE', #9823, #2406 ) ;
#4959 = EDGE_LOOP ( 'NONE', ( #1418, #3874, #10534, #10078, #9567, #3925, #3971, #545 ) ) ;
#4960 = CARTESIAN_POINT ( 'NONE',  ( -37.32238325557826600, -3.694436511013214000, 4.121578601448790700 ) ) ;
#4961 = CARTESIAN_POINT ( 'NONE',  ( -30.77238325557899800, -11.41185634176990000, 3.306758893878012800 ) ) ;
#4962 = CARTESIAN_POINT ( 'NONE',  ( -37.32238325557829500, -4.325798398761452100, 4.305649692876595900 ) ) ;
#4963 = CARTESIAN_POINT ( 'NONE',  ( -37.32238325557877100, -4.300087140906379400, 4.183322544542350300 ) ) ;
#4964 =( GEOMETRIC_REPRESENTATION_CONTEXT ( 3 ) GLOBAL_UNCERTAINTY_ASSIGNED_CONTEXT ( ( #6497 ) ) GLOBAL_UNIT_ASSIGNED_CONTEXT ( ( #2237, #8173, #3103 ) ) REPRESENTATION_CONTEXT ( 'NONE', 'WORKASPACE' ) );
#4965 = ORIENTED_EDGE ( 'NONE', *, *, #4504, .T. ) ;
#4966 = ORIENTED_EDGE ( 'NONE', *, *, #7432, .F. ) ;
#4967 = DIRECTION ( 'NONE',  ( 0.9659258262890281200, 0.2345697160099394200, -0.1093816549466797300 ) ) ;
#4968 = PRESENTATION_STYLE_ASSIGNMENT (( #2907 ) ) ;
#4969 = CIRCLE ( 'NONE', #2017, 7.749999999991633400 ) ;
#4970 = EDGE_CURVE ( 'NONE', #6, #2631, #6985, .T. ) ;
#4971 = CARTESIAN_POINT ( 'NONE',  ( -51.32238325557899800, -10.43579761163533500, 9.529253530526599300 ) ) ;
#4972 = EDGE_CURVE ( 'NONE', #10990, #5411, #458, .T. ) ;
#4973 = DIRECTION ( 'NONE',  ( 0.2588190451014821800, 0.8754260980658558100, -0.4082178936768299200 ) ) ;
#4974 = LINE ( 'NONE', #9648, #397 ) ;
#4975 = EDGE_LOOP ( 'NONE', ( #795, #468, #774, #1404 ) ) ;
#4976 = FACE_OUTER_BOUND ( 'NONE', #8780, .T. ) ;
#4977 = CARTESIAN_POINT ( 'NONE',  ( -50.62238325557901000, -7.925382846887927700, 11.55254094634911300 ) ) ;
#4978 = ORIENTED_EDGE ( 'NONE', *, *, #3803, .F. ) ;
#4979 = COLOUR_RGB ( '',1.000000000000000000, 0.3294117647058823500, 0.0000000000000000000 ) ;
#4980 = DIRECTION ( 'NONE',  ( 0.0000000000000000000, -0.9063077870366467200, 0.4226182617407063200 ) ) ;
#4981 = DIRECTION ( 'NONE',  ( -1.000000000000000000, 0.0000000000000000000, 0.0000000000000000000 ) ) ;
#4982 = DIRECTION ( 'NONE',  ( 0.0000000000000000000, -0.4226182617413816200, -0.9063077870363317500 ) ) ;
#4983 = ADVANCED_FACE ( 'F58', ( #1006 ), #9301, .T. ) ;
#4984 = DIRECTION ( 'NONE',  ( 0.0000000000000000000, -0.6427876096865260400, 0.7660444431189892300 ) ) ;
#4985 = FACE_OUTER_BOUND ( 'NONE', #5217, .T. ) ;
#4986 = EDGE_CURVE ( 'NONE', #8393, #2050, #4497, .T. ) ;
#4987 = VERTEX_POINT ( 'NONE', #5908 ) ;
#4988 = LINE ( 'NONE', #8613, #680 ) ;
#4989 = EDGE_CURVE ( 'NONE', #907, #8220, #6729, .T. ) ;
#4990 = DIRECTION ( 'NONE',  ( 0.0000000000000000000, 0.9063077870366427200, -0.4226182617407149300 ) ) ;
#4991 = UNCERTAINTY_MEASURE_WITH_UNIT (LENGTH_MEASURE( 1.000000000000000100E-005 ), #1624, 'distance_accuracy_value', 'NONE');
#4992 = VECTOR ( 'NONE', #5630, 1000.000000000000100 ) ;
#4993 = ADVANCED_FACE ( 'F33', ( #8999 ), #9338, .T. ) ;
#4994 = CARTESIAN_POINT ( 'NONE',  ( -33.92238325557900000, -1.768532463560000800, 3.223514795250114400 ) ) ;
#4995 = EDGE_CURVE ( 'NONE', #2302, #10232, #4238, .T. ) ;
#4996 = CARTESIAN_POINT ( 'NONE',  ( -53.12238325557899500, -9.958846664129600500, 12.12058214781000000 ) ) ;
#4997 = VERTEX_POINT ( 'NONE', #5947 ) ;
#4998 = LINE ( 'NONE', #1563, #4738 ) ;
#4999 = ORIENTED_EDGE ( 'NONE', *, *, #3485, .T. ) ;
#5000 = PLANE ( 'NONE',  #10981 ) ;
#5001 = LINE ( 'NONE', #1995, #692 ) ;
#5002 = PLANE ( 'NONE',  #10725 ) ;
#5003 = CIRCLE ( 'NONE', #10510, 1.599999999997775000 ) ;
#5004 = ORIENTED_EDGE ( 'NONE', *, *, #7630, .T. ) ;
#5005 = LINE ( 'NONE', #6101, #6964 ) ;
#5006 = ORIENTED_EDGE ( 'NONE', *, *, #9967, .T. ) ;
#5007 = CARTESIAN_POINT ( 'NONE',  ( -39.42238325557900000, -16.01490998247299700, 7.218602727776007200 ) ) ;
#5008 = VECTOR ( 'NONE', #9328, 1000.000000000000000 ) ;
#5009 = ORIENTED_EDGE ( 'NONE', *, *, #5554, .F. ) ;
#5010 = PRESENTATION_LAYER_ASSIGNMENT (  '', '', ( #6120 ) ) ;
#5011 = DIRECTION ( 'NONE',  ( 3.426078865058958500E-013, 3.595648084835927500E-011, 1.000000000000000000 ) ) ;
#5012 = PRESENTATION_STYLE_ASSIGNMENT (( #10645 ) ) ;
#5013 = FACE_OUTER_BOUND ( 'NONE', #845, .T. ) ;
#5014 = DIRECTION ( 'NONE',  ( 1.000000000000000000, 0.0000000000000000000, 0.0000000000000000000 ) ) ;
#5015 = VERTEX_POINT ( 'NONE', #11056 ) ;
#5016 = PLANE ( 'NONE',  #7757 ) ;
#5017 = LINE ( 'NONE', #6416, #6976 ) ;
#5018 = ORIENTED_EDGE ( 'NONE', *, *, #5830, .F. ) ;
#5019 = CARTESIAN_POINT ( 'NONE',  ( -51.32238325557867900, -9.165933202825142300, 6.854408778940749500 ) ) ;
#5020 =( LENGTH_UNIT ( ) NAMED_UNIT ( * ) SI_UNIT ( .MILLI., .METRE. ) );
#5021 = LINE ( 'NONE', #555, #6979 ) ;
#5022 = DIRECTION ( 'NONE',  ( 1.000000000000000000, 0.0000000000000000000, 0.0000000000000000000 ) ) ;
#5023 = ORIENTED_EDGE ( 'NONE', *, *, #5314, .F. ) ;
#5024 = AXIS2_PLACEMENT_3D ( 'NONE', #1451, #2152, #2034 ) ;
#5025 = ORIENTED_EDGE ( 'NONE', *, *, #9237, .T. ) ;
#5026 = ORIENTED_EDGE ( 'NONE', *, *, #2117, .T. ) ;
#5027 = FACE_OUTER_BOUND ( 'NONE', #447, .T. ) ;
#5028 = VERTEX_POINT ( 'NONE', #5108 ) ;
#5029 =( GEOMETRIC_REPRESENTATION_CONTEXT ( 3 ) GLOBAL_UNCERTAINTY_ASSIGNED_CONTEXT ( ( #9284 ) ) GLOBAL_UNIT_ASSIGNED_CONTEXT ( ( #1934, #7872, #2790 ) ) REPRESENTATION_CONTEXT ( 'NONE', 'WORKASPACE' ) );
#5030 = DIRECTION ( 'NONE',  ( -0.0000000000000000000, -0.9063077870366923500, 0.4226182617406085100 ) ) ;
#5031 = EDGE_CURVE ( 'NONE', #7658, #1470, #10754, .T. ) ;
#5032 = DIRECTION ( 'NONE',  ( 1.000000000000000000, 2.874238418593461300E-013, -3.425383961318446200E-013 ) ) ;
#5033 = PLANE ( 'NONE',  #5889 ) ;
#5034 =( GEOMETRIC_REPRESENTATION_CONTEXT ( 3 ) GLOBAL_UNCERTAINTY_ASSIGNED_CONTEXT ( ( #3286 ) ) GLOBAL_UNIT_ASSIGNED_CONTEXT ( ( #10851, #10835, #10808 ) ) REPRESENTATION_CONTEXT ( 'NONE', 'WORKASPACE' ) );
#5035 = LINE ( 'NONE', #5836, #7261 ) ;
#5036 = ORIENTED_EDGE ( 'NONE', *, *, #7572, .T. ) ;
#5037 = DIRECTION ( 'NONE',  ( 0.0000000000000000000, -0.6427876096864932900, 0.7660444431190167600 ) ) ;
#5038 = DIRECTION ( 'NONE',  ( -1.000000000000000000, -0.0000000000000000000, -0.0000000000000000000 ) ) ;
#5039 = VERTEX_POINT ( 'NONE', #2575 ) ;
#5040 = CARTESIAN_POINT ( 'NONE',  ( -49.62238325557952800, -12.71488887246485100, 15.22070711199345400 ) ) ;
#5041 = CARTESIAN_POINT ( 'NONE',  ( -43.92238325557900000, -13.63077724099749900, 24.75395020283449900 ) ) ;
#5042 = ADVANCED_FACE ( 'F262', ( #1949 ), #10240, .T. ) ;
#5043 = DIRECTION ( 'NONE',  ( -1.000000000000000000, 6.782848364076685300E-015, -7.752831156315364500E-014 ) ) ;
#5044 = EDGE_LOOP ( 'NONE', ( #8127, #1407, #3613, #10152 ) ) ;
#5045 = EDGE_CURVE ( 'NONE', #4264, #4422, #3979, .T. ) ;
#5046 = VECTOR ( 'NONE', #9839, 1000.000000000000100 ) ;
#5047 = EDGE_CURVE ( 'NONE', #4435, #6845, #6199, .T. ) ;
#5048 = CARTESIAN_POINT ( 'NONE',  ( -38.47238325557899700, -4.668717382076392800, 4.575893232819916000 ) ) ;
#5049 = CARTESIAN_POINT ( 'NONE',  ( -44.82238325557901200, -1.741907695722400000, -5.119403826056400300 ) ) ;
#5050 = SURFACE_STYLE_USAGE ( .BOTH. , #10143 ) ;
#5051 = ORIENTED_EDGE ( 'NONE', *, *, #2937, .T. ) ;
#5052 = CARTESIAN_POINT ( 'NONE',  ( -35.02238325557853900, -5.134878821937134000, 8.955090598531562300 ) ) ;
#5053 = ORIENTED_EDGE ( 'NONE', *, *, #6669, .F. ) ;
#5054 = EDGE_CURVE ( 'NONE', #1203, #4287, #6471, .T. ) ;
#5055 = DIRECTION ( 'NONE',  ( -1.000000000000000000, 0.0000000000000000000, 0.0000000000000000000 ) ) ;
#5056 = ORIENTED_EDGE ( 'NONE', *, *, #6402, .F. ) ;
#5057 = LINE ( 'NONE', #2733, #3066 ) ;
#5058 = ORIENTED_EDGE ( 'NONE', *, *, #10687, .T. ) ;
#5059 = PLANE ( 'NONE',  #1597 ) ;
#5060 = DIRECTION ( 'NONE',  ( -1.000000000000000000, -0.0000000000000000000, -0.0000000000000000000 ) ) ;
#5061 = CARTESIAN_POINT ( 'NONE',  ( -33.92238325557900000, -7.778259198206700200, -1.146060078222000100 ) ) ;
#5062 = CARTESIAN_POINT ( 'NONE',  ( -52.82238325557916900, -0.8331532196900531800, 6.649163006922439200 ) ) ;
#5063 = DIRECTION ( 'NONE',  ( 0.8829475928590168100, 0.1984072558012273900, 0.4254857331449481400 ) ) ;
#5064 = ORIENTED_EDGE ( 'NONE', *, *, #523, .F. ) ;
#5065 = CARTESIAN_POINT ( 'NONE',  ( -42.42238325557900700, -13.63921224048199900, 2.138636168959100000 ) ) ;
#5066 = CARTESIAN_POINT ( 'NONE',  ( -49.62238325557900300, -7.429177055059424700, 5.426220777153607100 ) ) ;
#5067 = ORIENTED_EDGE ( 'NONE', *, *, #5405, .F. ) ;
#5068 = EDGE_CURVE ( 'NONE', #4997, #2769, #8196, .T. ) ;
#5069 = AXIS2_PLACEMENT_3D ( 'NONE', #8304, #9161, #4107 ) ;
#5070 = LINE ( 'NONE', #2706, #9583 ) ;
#5071 = ORIENTED_EDGE ( 'NONE', *, *, #10383, .F. ) ;
#5072 = DIRECTION ( 'NONE',  ( 1.000000000000000000, 0.0000000000000000000, 0.0000000000000000000 ) ) ;
#5073 = CARTESIAN_POINT ( 'NONE',  ( -37.57763765868156000, -20.15577425341461300, 0.7638472645827417700 ) ) ;
#5074 = ORIENTED_EDGE ( 'NONE', *, *, #10560, .T. ) ;
#5075 = DIRECTION ( 'NONE',  ( 0.0000000000000000000, -0.6427876096865048300, 0.7660444431190068800 ) ) ;
#5076 = DIRECTION ( 'NONE',  ( -7.755234363190355700E-014, 0.0000000000000000000, 1.000000000000000000 ) ) ;
#5077 = ORIENTED_EDGE ( 'NONE', *, *, #5081, .F. ) ;
#5078 = EDGE_LOOP ( 'NONE', ( #8431, #9979, #5102, #10771, #6662, #3273, #10661 ) ) ;
#5079 = CARTESIAN_POINT ( 'NONE',  ( -51.32238325557899100, -6.111965746028291200, 9.186103154477724100 ) ) ;
#5080 = EDGE_LOOP ( 'NONE', ( #10809, #3554, #6377, #2165, #1023, #3777, #2335, #5453, #7866, #3440, #10265, #10972, #5056, #3220 ) ) ;
#5081 = EDGE_CURVE ( 'NONE', #4036, #10282, #5925, .T. ) ;
#5082 = DIRECTION ( 'NONE',  ( -6.040919398697628100E-013, 0.0000000000000000000, -1.000000000000000000 ) ) ;
#5083 = PLANE ( 'NONE',  #1814 ) ;
#5084 = ORIENTED_EDGE ( 'NONE', *, *, #8655, .F. ) ;
#5085 = CARTESIAN_POINT ( 'NONE',  ( -31.42238325557900000, -12.11138620147246100, 1.426199186640289900 ) ) ;
#5086 = ORIENTED_EDGE ( 'NONE', *, *, #3127, .T. ) ;
#5087 = LINE ( 'NONE', #2150, #521 ) ;
#5088 = LINE ( 'NONE', #6770, #2818 ) ;
#5089 = ORIENTED_EDGE ( 'NONE', *, *, #3486, .T. ) ;
#5090 = ADVANCED_FACE ( 'F168', ( #10209 ), #9419, .T. ) ;
#5091 = CARTESIAN_POINT ( 'NONE',  ( -51.32238325557899800, -10.90382141096300500, 11.62058214781099800 ) ) ;
#5092 = AXIS2_PLACEMENT_3D ( 'NONE', #10160, #10198, #10011 ) ;
#5093 = CARTESIAN_POINT ( 'NONE',  ( -42.12238325557900300, -4.042145142715510200, 7.652821310570592700 ) ) ;
#5094 = VERTEX_POINT ( 'NONE', #69 ) ;
#5095 = VECTOR ( 'NONE', #11069, 1000.000000000000000 ) ;
#5096 = DIRECTION ( 'NONE',  ( -0.0000000000000000000, 0.9063077870366470500, -0.4226182617407057700 ) ) ;
#5097 = ORIENTED_EDGE ( 'NONE', *, *, #1440, .F. ) ;
#5098 = VECTOR ( 'NONE', #6230, 1000.000000000000000 ) ;
#5099 = CARTESIAN_POINT ( 'NONE',  ( -52.82238325557900500, -5.358322989348299500, 2.765445561316699900 ) ) ;
#5100 =( GEOMETRIC_REPRESENTATION_CONTEXT ( 3 ) GLOBAL_UNCERTAINTY_ASSIGNED_CONTEXT ( ( #5452 ) ) GLOBAL_UNIT_ASSIGNED_CONTEXT ( ( #4811, #10761, #5647 ) ) REPRESENTATION_CONTEXT ( 'NONE', 'WORKASPACE' ) );
#5101 = LINE ( 'NONE', #6732, #9347 ) ;
#5102 = ORIENTED_EDGE ( 'NONE', *, *, #941, .F. ) ;
#5103 = FACE_OUTER_BOUND ( 'NONE', #3145, .T. ) ;
#5104 = EDGE_CURVE ( 'NONE', #7841, #10984, #3707, .T. ) ;
#5105 = LINE ( 'NONE', #9150, #263 ) ;
#5106 =( NAMED_UNIT ( * ) SI_UNIT ( $, .STERADIAN. ) SOLID_ANGLE_UNIT ( ) );
#5107 = EDGE_CURVE ( 'NONE', #1822, #1865, #7920, .T. ) ;
#5108 = CARTESIAN_POINT ( 'NONE',  ( -39.82238325557899800, -3.913587620778208100, 7.499612421946793000 ) ) ;
#5109 = DIRECTION ( 'NONE',  ( 1.000000000000000000, 0.0000000000000000000, 0.0000000000000000000 ) ) ;
#5110 = EDGE_CURVE ( 'NONE', #3322, #1223, #1679, .T. ) ;
#5111 = PRESENTATION_STYLE_ASSIGNMENT (( #7010 ) ) ;
#5112 = ORIENTED_EDGE ( 'NONE', *, *, #1328, .F. ) ;
#5113 = VECTOR ( 'NONE', #3272, 1000.000000000000100 ) ;
#5114 = AXIS2_PLACEMENT_3D ( 'NONE', #3620, #3184, #3170 ) ;
#5115 = DIRECTION ( 'NONE',  ( 0.0000000000000000000, 0.4226182617406947800, 0.9063077870366520500 ) ) ;
#5116 = CARTESIAN_POINT ( 'NONE',  ( -52.82238325557884900, -1.512884059966469200, 6.966126703227231200 ) ) ;
#5117 = PRESENTATION_STYLE_ASSIGNMENT (( #6917 ) ) ;
#5118 = DIRECTION ( 'NONE',  ( -0.9659258262892956900, 0.2345697160090507700, -0.1093816549462232900 ) ) ;
#5119 = SURFACE_STYLE_USAGE ( .BOTH. , #5263 ) ;
#5120 = DIRECTION ( 'NONE',  ( 0.0000000000000000000, -0.9063077870367828300, 0.4226182617404145000 ) ) ;
#5121 = EDGE_CURVE ( 'NONE', #6871, #7273, #5680, .T. ) ;
#5122 = EDGE_CURVE ( 'NONE', #9969, #11064, #9940, .T. ) ;
#5123 = ORIENTED_EDGE ( 'NONE', *, *, #3846, .F. ) ;
#5124 = ORIENTED_EDGE ( 'NONE', *, *, #10050, .T. ) ;
#5125 = LINE ( 'NONE', #9478, #286 ) ;
#5126 = LINE ( 'NONE', #988, #7901 ) ;
#5127 = FACE_OUTER_BOUND ( 'NONE', #5293, .T. ) ;
#5128 = PLANE ( 'NONE',  #3326 ) ;
#5129 = EDGE_CURVE ( 'NONE', #2643, #93, #1139, .T. ) ;
#5130 = SURFACE_STYLE_USAGE ( .BOTH. , #10224 ) ;
#5132 =( NAMED_UNIT ( * ) SI_UNIT ( $, .STERADIAN. ) SOLID_ANGLE_UNIT ( ) );
#5131 = CARTESIAN_POINT ( 'NONE',  ( -47.37238325557901000, -13.18384257472000000, 12.02058214781100000 ) ) ;
#5133 = ORIENTED_EDGE ( 'NONE', *, *, #10897, .T. ) ;
#5134 = VECTOR ( 'NONE', #7533, 1000.000000000000000 ) ;
#5135 = CARTESIAN_POINT ( 'NONE',  ( -53.12238325557899500, -7.745835451041700500, 7.005170691320899800 ) ) ;
#5136 = COLOUR_RGB ( '',1.000000000000000000, 0.6588235294117647000, 0.0000000000000000000 ) ;
#5137 = ORIENTED_EDGE ( 'NONE', *, *, #2994, .T. ) ;
#5138 = CARTESIAN_POINT ( 'NONE',  ( -49.62238325557901700, -8.536769409500388800, 17.99141823171828500 ) ) ;
#5139 = EDGE_LOOP ( 'NONE', ( #9178, #10045, #4666, #7566 ) ) ;
#5140 = FACE_OUTER_BOUND ( 'NONE', #9384, .T. ) ;
#5141 = VECTOR ( 'NONE', #10772, 1000.000000000000000 ) ;
#5142 = DIRECTION ( 'NONE',  ( 0.0000000000000000000, -0.4218170381476255600, -0.9066809727397861000 ) ) ;
#5143 = AXIS2_PLACEMENT_3D ( 'NONE', #1127, #3738, #9667 ) ;
#5144 = DIRECTION ( 'NONE',  ( 1.000000000000000000, 0.0000000000000000000, 0.0000000000000000000 ) ) ;
#5145 = VECTOR ( 'NONE', #7833, 1000.000000000000000 ) ;
#5146 = ADVANCED_FACE ( 'F102', ( #5410, #7379 ), #3595, .T. ) ;
#5147 = VERTEX_POINT ( 'NONE', #10389 ) ;
#5148 = LINE ( 'NONE', #3822, #5412 ) ;
#5149 = DIRECTION ( 'NONE',  ( -0.0000000000000000000, 0.9063077870366464900, -0.4226182617407068200 ) ) ;
#5150 = CARTESIAN_POINT ( 'NONE',  ( -42.12238325557901000, -6.227617758401801300, 10.25736615183100000 ) ) ;
#5151 = CARTESIAN_POINT ( 'NONE',  ( -37.32238325557853600, -17.62745456175708400, 5.653450984391152900 ) ) ;
#5152 = DIRECTION ( 'NONE',  ( -1.000000000000000000, 0.0000000000000000000, 0.0000000000000000000 ) ) ;
#5153 = LINE ( 'NONE', #10279, #2898 ) ;
#5154 = CARTESIAN_POINT ( 'NONE',  ( -51.32238325557917600, -6.146523047359561800, 8.401162080687708300 ) ) ;
#5155 = LINE ( 'NONE', #6445, #9131 ) ;
#5156 = ORIENTED_EDGE ( 'NONE', *, *, #5730, .F. ) ;
#5157 =( NAMED_UNIT ( * ) PLANE_ANGLE_UNIT ( ) SI_UNIT ( $, .RADIAN. ) );
#5158 = MECHANICAL_DESIGN_GEOMETRIC_PRESENTATION_REPRESENTATION (  '', ( #3457 ), #5722 ) ;
#5159 = CARTESIAN_POINT ( 'NONE',  ( -51.32238325557899800, -3.933396061647975300, 7.678791583224334100 ) ) ;
#5160 = ORIENTED_EDGE ( 'NONE', *, *, #10383, .T. ) ;
#5161 = AXIS2_PLACEMENT_3D ( 'NONE', #1071, #1942, #7874 ) ;
#5162 = PRESENTATION_STYLE_ASSIGNMENT (( #1345 ) ) ;
#5163 = EDGE_CURVE ( 'NONE', #301, #36, #2886, .T. ) ;
#5164 = EDGE_LOOP ( 'NONE', ( #6401, #10215, #7271, #1347 ) ) ;
#5165 = FACE_OUTER_BOUND ( 'NONE', #7318, .T. ) ;
#5167 = CARTESIAN_POINT ( 'NONE',  ( -42.42238325557900700, -5.603120509318702400, -2.160343906399603900 ) ) ;
#5166 = CARTESIAN_POINT ( 'NONE',  ( -30.82238325557897000, -3.258464111712645800, 5.474287564937070800 ) ) ;
#5168 = EDGE_CURVE ( 'NONE', #7283, #1178, #852, .T. ) ;
#5169 = PLANE ( 'NONE',  #409 ) ;
#5170 = DIRECTION ( 'NONE',  ( 2.995289201854218800E-012, -1.000000000000000000, 0.0000000000000000000 ) ) ;
#5171 = DIRECTION ( 'NONE',  ( 0.0000000000000000000, 0.4226182617407099300, 0.9063077870366450500 ) ) ;
#5172 = ORIENTED_EDGE ( 'NONE', *, *, #7085, .T. ) ;
#5173 = ORIENTED_EDGE ( 'NONE', *, *, #2201, .F. ) ;
#5174 = ORIENTED_EDGE ( 'NONE', *, *, #1895, .F. ) ;
#5175 = CARTESIAN_POINT ( 'NONE',  ( -28.92238325557900000, -8.460360655419281200, -0.2763019856037705600 ) ) ;
#5176 = ADVANCED_FACE ( 'F11', ( #4896 ), #6977, .T. ) ;
#5177 = DIRECTION ( 'NONE',  ( -0.0000000000000000000, -0.9063077308089345600, 0.4226183823214032000 ) ) ;
#5178 = STYLED_ITEM ( 'NONE', ( #7759 ), #6654 ) ;
#5179 = VECTOR ( 'NONE', #7325, 1000.000000000000000 ) ;
#5180 = CARTESIAN_POINT ( 'NONE',  ( -37.32238325557867100, -5.120407100651442900, -0.1786810276302912300 ) ) ;
#5181 = ORIENTED_EDGE ( 'NONE', *, *, #4922, .F. ) ;
#5182 = DIRECTION ( 'NONE',  ( 0.0000000000000000000, 1.000000000000000000, -2.859815558967970100E-013 ) ) ;
#5183 = ORIENTED_EDGE ( 'NONE', *, *, #4644, .T. ) ;
#5184 = EDGE_CURVE ( 'NONE', #4215, #3570, #583, .T. ) ;
#5185 = EDGE_CURVE ( 'NONE', #10920, #5716, #313, .T. ) ;
#5186 = ORIENTED_EDGE ( 'NONE', *, *, #3069, .T. ) ;
#5187 = CARTESIAN_POINT ( 'NONE',  ( -51.06987062899359800, -5.949653758369842100, 8.992667260064793700 ) ) ;
#5188 = PLANE ( 'NONE',  #2964 ) ;
#5189 = ORIENTED_EDGE ( 'NONE', *, *, #5608, .F. ) ;
#5190 = LINE ( 'NONE', #10287, #2940 ) ;
#5191 = CARTESIAN_POINT ( 'NONE',  ( -30.82238325557900200, -6.150730185941095700, -1.201437363830302200 ) ) ;
#5192 = ORIENTED_EDGE ( 'NONE', *, *, #10451, .F. ) ;
#5193 = EDGE_CURVE ( 'NONE', #1145, #2654, #6057, .T. ) ;
#5194 = CARTESIAN_POINT ( 'NONE',  ( -51.32238325557899100, -4.576183670360284900, 8.444836027161397100 ) ) ;
#5195 = CARTESIAN_POINT ( 'NONE',  ( -31.72238325557900400, -16.45263133635100100, 11.67415310485500000 ) ) ;
#5196 = AXIS2_PLACEMENT_3D ( 'NONE', #3372, #3859, #3924 ) ;
#5197 = EDGE_LOOP ( 'NONE', ( #7525, #4086, #6632, #7443 ) ) ;
#5198 = ADVANCED_FACE ( 'F3', ( #10336 ), #2792, .T. ) ;
#5199 = VERTEX_POINT ( 'NONE', #7048 ) ;
#5200 = CARTESIAN_POINT ( 'NONE',  ( -53.12238325557899500, -10.16274693020600000, 9.720445675976799600 ) ) ;
#5201 = LINE ( 'NONE', #726, #4949 ) ;
#5202 = ORIENTED_EDGE ( 'NONE', *, *, #1328, .T. ) ;
#5204 = PLANE ( 'NONE',  #10480 ) ;
#5203 = CARTESIAN_POINT ( 'NONE',  ( -41.92238325557900000, -10.21075449478880000, 1.919142465184600100 ) ) ;
#5205 = CARTESIAN_POINT ( 'NONE',  ( -41.22238325557900400, -12.30088492953436900, 1.459385974462372100 ) ) ;
#5206 = EDGE_CURVE ( 'NONE', #3377, #7675, #8321, .T. ) ;
#5207 = AXIS2_PLACEMENT_3D ( 'NONE', #9914, #1383, #10778 ) ;
#5208 = EDGE_LOOP ( 'NONE', ( #550, #1709, #10686, #1666, #6114, #3513, #1837, #8652, #7774, #9558, #3633, #839, #3470, #10576, #4918, #9603, #4883, #4812, #1233 ) ) ;
#5209 = ORIENTED_EDGE ( 'NONE', *, *, #8019, .F. ) ;
#5210 = ORIENTED_EDGE ( 'NONE', *, *, #2774, .T. ) ;
#5211 = LINE ( 'NONE', #3300, #10006 ) ;
#5212 = EDGE_LOOP ( 'NONE', ( #6815, #7942, #10399, #2731 ) ) ;
#5213 = DIRECTION ( 'NONE',  ( -1.000000000000000000, 1.894329224052927800E-014, -7.065709858444556600E-014 ) ) ;
#5214 = CARTESIAN_POINT ( 'NONE',  ( -51.32238325557872800, -10.98189897449448300, 9.146869239626212800 ) ) ;
#5215 = CARTESIAN_POINT ( 'NONE',  ( -33.92238325557900000, -11.03021715377140000, 4.894202288202150100 ) ) ;
#5216 = CARTESIAN_POINT ( 'NONE',  ( -37.32238325557737100, -20.15577425341472700, 0.7638472645828526800 ) ) ;
#5217 = EDGE_LOOP ( 'NONE', ( #5202, #9546, #3178, #5064 ) ) ;
#5218 = CARTESIAN_POINT ( 'NONE',  ( -44.82238325558012100, -1.536769409500321000, 10.24141823171784800 ) ) ;
#5219 = VERTEX_POINT ( 'NONE', #1144 ) ;
#5220 = VECTOR ( 'NONE', #3241, 1000.000000000000000 ) ;
#5221 = VECTOR ( 'NONE', #10642, 1000.000000000000100 ) ;
#5222 = DIRECTION ( 'NONE',  ( 0.0000000000000000000, -0.9063077870366561500, 0.4226182617406862900 ) ) ;
#5223 = PLANE ( 'NONE',  #9973 ) ;
#5224 = CARTESIAN_POINT ( 'NONE',  ( -51.32238325557899800, -9.958846665401818400, 12.12058214781000000 ) ) ;
#5225 = AXIS2_PLACEMENT_3D ( 'NONE', #3144, #569, #6549 ) ;
#5226 = FACE_OUTER_BOUND ( 'NONE', #5212, .T. ) ;
#5227 = VERTEX_POINT ( 'NONE', #6236 ) ;
#5228 = LINE ( 'NONE', #10928, #4716 ) ;
#5229 = CARTESIAN_POINT ( 'NONE',  ( -53.12238325557899500, -9.276351367547251300, 8.655379604404601000 ) ) ;
#5230 = ADVANCED_FACE ( 'F257', ( #10614 ), #4559, .T. ) ;
#5231 = SURFACE_STYLE_FILL_AREA ( #747 ) ;
#5232 = DIRECTION ( 'NONE',  ( 0.0000000000000000000, -0.5735764363510014200, 0.8191520442890232200 ) ) ;
#5233 = AXIS2_PLACEMENT_3D ( 'NONE', #3809, #3335, #3299 ) ;
#5234 = LINE ( 'NONE', #8036, #7207 ) ;
#5235 = ORIENTED_EDGE ( 'NONE', *, *, #8003, .T. ) ;
#5237 = DIRECTION ( 'NONE',  ( -1.000000000000000000, 0.0000000000000000000, 0.0000000000000000000 ) ) ;
#5236 = DIRECTION ( 'NONE',  ( 1.000000000000000000, 6.807801527363549800E-014, -6.743438870400674900E-014 ) ) ;
#5238 = VECTOR ( 'NONE', #1817, 1000.000000000000100 ) ;
#5239 = ORIENTED_EDGE ( 'NONE', *, *, #4199, .F. ) ;
#5240 = DIRECTION ( 'NONE',  ( -7.836868409118702800E-013, 0.0000000000000000000, -1.000000000000000000 ) ) ;
#5241 = LINE ( 'NONE', #2421, #7749 ) ;
#5242 = AXIS2_PLACEMENT_3D ( 'NONE', #4038, #9970, #4889 ) ;
#5243 = ORIENTED_EDGE ( 'NONE', *, *, #656, .T. ) ;
#5244 = CARTESIAN_POINT ( 'NONE',  ( -51.97238325557909600, -12.63570271269427700, 16.81874639564383900 ) ) ;
#5245 = LINE ( 'NONE', #1527, #7220 ) ;
#5246 = EDGE_CURVE ( 'NONE', #2905, #3453, #3557, .T. ) ;
#5247 = ORIENTED_EDGE ( 'NONE', *, *, #10479, .F. ) ;
#5248 = COLOUR_RGB ( '',1.000000000000000000, 0.6588235294117647000, 0.0000000000000000000 ) ;
#5249 = EDGE_CURVE ( 'NONE', #7485, #6720, #1268, .T. ) ;
#5250 =( NAMED_UNIT ( * ) PLANE_ANGLE_UNIT ( ) SI_UNIT ( $, .RADIAN. ) );
#5251 = CARTESIAN_POINT ( 'NONE',  ( -41.22238325557899700, -5.144554161027961000, 8.033186922536350100 ) ) ;
#5252 = ADVANCED_FACE ( 'F88', ( #3282 ), #299, .T. ) ;
#5253 = VECTOR ( 'NONE', #1787, 999.9999999999998900 ) ;
#5254 = UNCERTAINTY_MEASURE_WITH_UNIT (LENGTH_MEASURE( 1.000000000000000100E-005 ), #6818, 'distance_accuracy_value', 'NONE');
#5255 = EDGE_CURVE ( 'NONE', #6419, #6574, #995, .T. ) ;
#5256 = ORIENTED_EDGE ( 'NONE', *, *, #3424, .T. ) ;
#5257 =( GEOMETRIC_REPRESENTATION_CONTEXT ( 3 ) GLOBAL_UNCERTAINTY_ASSIGNED_CONTEXT ( ( #7986 ) ) GLOBAL_UNIT_ASSIGNED_CONTEXT ( ( #3266, #9194, #9523 ) ) REPRESENTATION_CONTEXT ( 'NONE', 'WORKASPACE' ) );
#5258 = CARTESIAN_POINT ( 'NONE',  ( -41.83292810458899400, -14.60634726191641000, 3.968841034627140600 ) ) ;
#5259 = VECTOR ( 'NONE', #8663, 1000.000000000000000 ) ;
#5260 = DIRECTION ( 'NONE',  ( 1.110322045395690000E-014, 0.4226182617406863400, 0.9063077870366560400 ) ) ;
#5261 = VERTEX_POINT ( 'NONE', #8839 ) ;
#5262 = CARTESIAN_POINT ( 'NONE',  ( -33.92238325557900000, -9.857392069507520600, 2.085380235860499400 ) ) ;
#5263 = SURFACE_SIDE_STYLE ('',( #5363 ) ) ;
#5264 = ORIENTED_EDGE ( 'NONE', *, *, #9886, .T. ) ;
#5265 = VECTOR ( 'NONE', #235, 1000.000000000000000 ) ;
#5266 = DIRECTION ( 'NONE',  ( -8.446290927817065700E-014, -0.4226182617408593100, -0.9063077870365754400 ) ) ;
#5267 = LINE ( 'NONE', #2821, #7770 ) ;
#5268 = EDGE_CURVE ( 'NONE', #5094, #9239, #7500, .T. ) ;
#5269 = ORIENTED_EDGE ( 'NONE', *, *, #4995, .T. ) ;
#5270 = VECTOR ( 'NONE', #5467, 1000.000000000000200 ) ;
#5271 = ORIENTED_EDGE ( 'NONE', *, *, #6241, .F. ) ;
#5272 = CARTESIAN_POINT ( 'NONE',  ( -41.17238325557900000, -9.440392875807562600, 1.559916942705080100 ) ) ;
#5273 = EDGE_CURVE ( 'NONE', #10953, #9469, #9808, .T. ) ;
#5274 = AXIS2_PLACEMENT_3D ( 'NONE', #4510, #1090, #9587 ) ;
#5275 = LINE ( 'NONE', #2263, #716 ) ;
#5276 = CARTESIAN_POINT ( 'NONE',  ( -32.62238325557900300, -3.459005510522998400, -0.4017163528968437600 ) ) ;
#5277 = AXIS2_PLACEMENT_3D ( 'NONE', #3102, #3976, #9905 ) ;
#5279 = SURFACE_SIDE_STYLE ('',( #9102 ) ) ;
#5278 = CARTESIAN_POINT ( 'NONE',  ( -39.92238325557900000, -9.987963198679205200, 4.408191287200389200 ) ) ;
#5280 = CARTESIAN_POINT ( 'NONE',  ( -37.32238325557826600, -3.218624922819057800, 3.899704014034861100 ) ) ;
#5281 = ORIENTED_EDGE ( 'NONE', *, *, #8338, .F. ) ;
#5282 = DIRECTION ( 'NONE',  ( 0.0000000000000000000, -0.4226182617407051000, -0.9063077870366473800 ) ) ;
#5283 = ORIENTED_EDGE ( 'NONE', *, *, #5373, .T. ) ;
#5284 = VECTOR ( 'NONE', #7492, 1000.000000000000000 ) ;
#5285 = EDGE_LOOP ( 'NONE', ( #10647, #9196, #7907, #6772 ) ) ;
#5286 = DIRECTION ( 'NONE',  ( 0.0000000000000000000, 0.4226182617408170700, 0.9063077870365950900 ) ) ;
#5287 = DIRECTION ( 'NONE',  ( 0.0000000000000000000, -0.9063077870367005600, 0.4226182617405910300 ) ) ;
#5288 = EDGE_CURVE ( 'NONE', #10526, #1969, #10751, .T. ) ;
#5289 = ADVANCED_FACE ( 'F85', ( #711 ), #6459, .F. ) ;
#5290 = DIRECTION ( 'NONE',  ( 0.0000000000000000000, -0.6427876096865491300, 0.7660444431189698000 ) ) ;
#5291 = DIRECTION ( 'NONE',  ( -0.0000000000000000000, -0.4226182617407007700, -0.9063077870366493800 ) ) ;
#5292 = SURFACE_STYLE_FILL_AREA ( #8473 ) ;
#5293 = EDGE_LOOP ( 'NONE', ( #7165, #9129, #9800, #9866 ) ) ;
#5294 = DIRECTION ( 'NONE',  ( 0.0000000000000000000, 0.0000000000000000000, 1.000000000000000000 ) ) ;
#5295 = CARTESIAN_POINT ( 'NONE',  ( -37.32238325557867900, -5.072761602353758700, -0.07650492679983542100 ) ) ;
#5296 = CARTESIAN_POINT ( 'NONE',  ( -53.12238325557899500, -11.59626300771150100, 8.716686912362751700 ) ) ;
#5297 = FILL_AREA_STYLE ('',( #6881 ) ) ;
#5298 = ORIENTED_EDGE ( 'NONE', *, *, #3910, .F. ) ;
#5299 = CARTESIAN_POINT ( 'NONE',  ( -37.32238325557794700, -21.92307443813629700, 1.587952874977273600 ) ) ;
#5300 = ORIENTED_EDGE ( 'NONE', *, *, #3268, .F. ) ;
#5301 = AXIS2_PLACEMENT_3D ( 'NONE', #7787, #7517, #8465 ) ;
#5302 = DIRECTION ( 'NONE',  ( -0.0000000000000000000, 0.7660444431190056600, 0.6427876096865062800 ) ) ;
#5303 = ORIENTED_EDGE ( 'NONE', *, *, #881, .F. ) ;
#5304 = VECTOR ( 'NONE', #7239, 1000.000000000000200 ) ;
#5305 = CARTESIAN_POINT ( 'NONE',  ( -33.32238325557899800, -10.04402866579801000, -0.08951442387022294500 ) ) ;
#5306 = AXIS2_PLACEMENT_3D ( 'NONE', #4413, #10345, #5240 ) ;
#5307 = ORIENTED_EDGE ( 'NONE', *, *, #9965, .T. ) ;
#5308 = DIRECTION ( 'NONE',  ( 1.000000000000000000, 0.0000000000000000000, 0.0000000000000000000 ) ) ;
#5309 = SURFACE_STYLE_USAGE ( .BOTH. , #10407 ) ;
#5310 = ORIENTED_EDGE ( 'NONE', *, *, #10958, .F. ) ;
#5312 = SURFACE_SIDE_STYLE ('',( #3818 ) ) ;
#5311 = SURFACE_SIDE_STYLE ('',( #2987 ) ) ;
#5313 = VERTEX_POINT ( 'NONE', #5546 ) ;
#5314 = EDGE_CURVE ( 'NONE', #3647, #5468, #2207, .T. ) ;
#5315 = B_SPLINE_CURVE_WITH_KNOTS ( 'NONE', 3,
 ( #10541, #8011, #8901, #3177, #7933, #3983, #8286, #8361, #9620, #4534, #10484, #2146, #9829, #3891, #8942, #4742, #3023, #1322 ),
 .UNSPECIFIED., .F., .F.,
 ( 4, 2, 2, 2, 2, 2, 2, 2, 4 ),
 ( 0.7500000000000000000, 0.8125000000000000000, 0.8750000000000000000, 0.9375000000000000000, 1.000000000000000000, 1.062500000000000000, 1.125000000000000000, 1.187500000000000000, 1.250000000000000000 ),
 .UNSPECIFIED. ) ;
#5316 = CARTESIAN_POINT ( 'NONE',  ( -37.32238325557843000, -15.88122268347739000, 9.694032530070511900 ) ) ;
#5317 = EDGE_CURVE ( 'NONE', #7979, #7863, #10994, .T. ) ;
#5318 = CARTESIAN_POINT ( 'NONE',  ( -51.32238325557899800, -4.361921133797999900, 8.189487879454969000 ) ) ;
#5319 = CIRCLE ( 'NONE', #9768, 1.199999999999910700 ) ;
#5320 = VERTEX_POINT ( 'NONE', #3029 ) ;
#5321 = CARTESIAN_POINT ( 'NONE',  ( -53.12238325557899500, -10.39299216882500000, 5.314255045079700100 ) ) ;
#5322 = VERTEX_POINT ( 'NONE', #2151 ) ;
#5323 = DIRECTION ( 'NONE',  ( -0.7071067811867378600, 0.4545194776719014800, -0.5416752204195729400 ) ) ;
#5324 = ORIENTED_EDGE ( 'NONE', *, *, #10650, .T. ) ;
#5325 = ORIENTED_EDGE ( 'NONE', *, *, #4282, .F. ) ;
#5326 = EDGE_CURVE ( 'NONE', #1147, #7123, #8712, .T. ) ;
#5327 = EDGE_CURVE ( 'NONE', #1166, #4732, #1938, .T. ) ;
#5328 = PLANE ( 'NONE',  #1880 ) ;
#5329 = EDGE_LOOP ( 'NONE', ( #10790, #11099, #7672, #1350 ) ) ;
#5330 = CARTESIAN_POINT ( 'NONE',  ( -37.84738325557855600, -16.93780891086489100, 10.29706457129829300 ) ) ;
#5331 = ORIENTED_EDGE ( 'NONE', *, *, #5524, .T. ) ;
#5332 = EDGE_CURVE ( 'NONE', #700, #5581, #4488, .T. ) ;
#5333 = STYLED_ITEM ( 'NONE', ( #4753 ), #5592 ) ;
#5334 = ORIENTED_EDGE ( 'NONE', *, *, #442, .F. ) ;
#5335 = B_SPLINE_CURVE_WITH_KNOTS ( 'NONE', 3,
 ( #9046, #9917, #4838, #10783 ),
 .UNSPECIFIED., .F., .F.,
 ( 4, 4 ),
 ( 0.0000000000000000000, 1.000000000000000000 ),
 .UNSPECIFIED. ) ;
#5336 = EDGE_LOOP ( 'NONE', ( #6928, #3858, #6248, #5124, #6231, #5958, #10755, #4173 ) ) ;
#5337 = ADVANCED_FACE ( 'F34', ( #8444 ), #8952, .T. ) ;
#5338 = DIRECTION ( 'NONE',  ( -3.339473067880405900E-014, 0.4226182617408430500, 0.9063077870365831000 ) ) ;
#5339 = DIRECTION ( 'NONE',  ( 0.0000000000000000000, -0.7071067811871683000, 0.7071067811859266200 ) ) ;
#5340 = VERTEX_POINT ( 'NONE', #3065 ) ;
#5341 = CARTESIAN_POINT ( 'NONE',  ( -30.12238325557900300, -7.174867437373250400, 1.331018520240050000 ) ) ;
#5342 = ORIENTED_EDGE ( 'NONE', *, *, #6877, .F. ) ;
#5343 = FACE_OUTER_BOUND ( 'NONE', #5139, .T. ) ;
#5345 = CARTESIAN_POINT ( 'NONE',  ( -51.62238325557900300, -6.397989999914377000, 9.526973586615531200 ) ) ;
#5344 = CARTESIAN_POINT ( 'NONE',  ( -51.32238325557896300, -9.968741658160228200, 7.880404309435217400 ) ) ;
#5346 = LINE ( 'NONE', #7250, #3358 ) ;
#5347 = VERTEX_POINT ( 'NONE', #1372 ) ;
#5348 = DIRECTION ( 'NONE',  ( 8.446290927817065700E-014, 0.4226182617408593100, 0.9063077870365754400 ) ) ;
#5349 = CARTESIAN_POINT ( 'NONE',  ( -38.61488325557899500, -15.64183891362299800, 9.692743836845300700 ) ) ;
#5350 = EDGE_LOOP ( 'NONE', ( #4180, #6187, #10672, #9079 ) ) ;
#5351 = LINE ( 'NONE', #6773, #9617 ) ;
#5352 = PLANE ( 'NONE',  #9442 ) ;
#5353 = VECTOR ( 'NONE', #6456, 1000.000000000000000 ) ;
#5354 = CARTESIAN_POINT ( 'NONE',  ( -51.32238325557899800, -4.147658597235700700, 7.934139731748534700 ) ) ;
#5355 =( LENGTH_UNIT ( ) NAMED_UNIT ( * ) SI_UNIT ( .MILLI., .METRE. ) );
#5356 = DIRECTION ( 'NONE',  ( 0.0000000000000000000, -0.9063077870366552700, 0.4226182617406880100 ) ) ;
#5357 =( GEOMETRIC_REPRESENTATION_CONTEXT ( 3 ) GLOBAL_UNCERTAINTY_ASSIGNED_CONTEXT ( ( #8097 ) ) GLOBAL_UNIT_ASSIGNED_CONTEXT ( ( #10414, #10496, #10651 ) ) REPRESENTATION_CONTEXT ( 'NONE', 'WORKASPACE' ) );
#5358 = FACE_OUTER_BOUND ( 'NONE', #10796, .T. ) ;
#5359 = EDGE_LOOP ( 'NONE', ( #6962, #5963, #1598, #1388 ) ) ;
#5360 = VECTOR ( 'NONE', #10495, 1000.000000000000000 ) ;
#5361 = FACE_OUTER_BOUND ( 'NONE', #3606, .T. ) ;
#5362 = CARTESIAN_POINT ( 'NONE',  ( -32.62238325557900300, -18.79826480611800600, 6.751097727064499800 ) ) ;
#5363 = SURFACE_STYLE_FILL_AREA ( #5297 ) ;
#5364 =( LENGTH_UNIT ( ) NAMED_UNIT ( * ) SI_UNIT ( .MILLI., .METRE. ) );
#5365 = AXIS2_PLACEMENT_3D ( 'NONE', #544, #5672, #1387 ) ;
#5366 = CARTESIAN_POINT ( 'NONE',  ( -42.42238325557900700, -12.98415393478360800, 3.543413238865742400 ) ) ;
#5367 = EDGE_CURVE ( 'NONE', #9568, #7042, #1665, .T. ) ;
#5368 = ADVANCED_FACE ( 'F256', ( #8184 ), #9033, .T. ) ;
#5369 = CARTESIAN_POINT ( 'NONE',  ( -30.12238325557900600, -17.08318183122121400, 3.744585563573701300 ) ) ;
#5370 = VECTOR ( 'NONE', #9527, 1000.000000000000200 ) ;
#5371 = ORIENTED_EDGE ( 'NONE', *, *, #2627, .T. ) ;
#5372 = VECTOR ( 'NONE', #7586, 1000.000000000000000 ) ;
#5373 = EDGE_CURVE ( 'NONE', #1111, #8899, #3968, .T. ) ;
#5374 = FACE_OUTER_BOUND ( 'NONE', #2052, .T. ) ;
#5375 = DIRECTION ( 'NONE',  ( 0.0000000000000000000, -0.4226182617413816200, -0.9063077870363317500 ) ) ;
#5376 = DIRECTION ( 'NONE',  ( 0.0000000000000000000, -0.9063077870366403900, 0.4226182617407202000 ) ) ;
#5377 =( NAMED_UNIT ( * ) SI_UNIT ( $, .STERADIAN. ) SOLID_ANGLE_UNIT ( ) );
#5378 = STYLED_ITEM ( 'NONE', ( #10295 ), #2831 ) ;
#5379 = DIRECTION ( 'NONE',  ( 1.000000000000000000, -0.0000000000000000000, 0.0000000000000000000 ) ) ;
#5380 = EDGE_CURVE ( 'NONE', #4130, #502, #1406, .T. ) ;
#5381 = VERTEX_POINT ( 'NONE', #7306 ) ;
#5382 = COLOUR_RGB ( '',1.000000000000000000, 0.3294117647058823500, 0.0000000000000000000 ) ;
#5383 = ORIENTED_EDGE ( 'NONE', *, *, #8872, .T. ) ;
#5384 = DIRECTION ( 'NONE',  ( 0.0000000000000000000, 0.9063077870365755500, -0.4226182617408593700 ) ) ;
#5385 = LINE ( 'NONE', #1818, #832 ) ;
#5386 = PRESENTATION_LAYER_ASSIGNMENT (  '', '', ( #4840 ) ) ;
#5387 = ADVANCED_FACE ( 'F171', ( #10463 ), #9931, .F. ) ;
#5388 = DIRECTION ( 'NONE',  ( 0.0000000000000000000, 0.4226182617407189300, 0.9063077870366409400 ) ) ;
#5389 = VECTOR ( 'NONE', #1128, 1000.000000000000100 ) ;
#5390 = VECTOR ( 'NONE', #7323, 1000.000000000000000 ) ;
#5391 = DIRECTION ( 'NONE',  ( 1.000000000000000000, -5.729629458069498900E-015, -1.199745390528921300E-014 ) ) ;
#5392 = EDGE_CURVE ( 'NONE', #298, #1203, #1124, .T. ) ;
#5393 = CARTESIAN_POINT ( 'NONE',  ( -51.62238325557900300, -10.60382141096300000, 11.72058214781099900 ) ) ;
#5394 = EDGE_CURVE ( 'NONE', #9568, #10953, #5665, .T. ) ;
#5395 = ORIENTED_EDGE ( 'NONE', *, *, #5953, .F. ) ;
#5396 = ORIENTED_EDGE ( 'NONE', *, *, #10841, .F. ) ;
#5397 = VECTOR ( 'NONE', #2426, 1000.000000000000000 ) ;
#5398 = DIRECTION ( 'NONE',  ( -1.000000000000000000, 0.0000000000000000000, 0.0000000000000000000 ) ) ;
#5399 = PRESENTATION_STYLE_ASSIGNMENT (( #1487 ) ) ;
#5400 = ORIENTED_EDGE ( 'NONE', *, *, #5031, .F. ) ;
#5401 = EDGE_LOOP ( 'NONE', ( #1037, #6418, #3298, #1472 ) ) ;
#5402 = LINE ( 'NONE', #3463, #7371 ) ;
#5403 = CARTESIAN_POINT ( 'NONE',  ( -51.32238325557899800, -4.780812184017897000, 7.599696114657427300 ) ) ;
#5404 = CIRCLE ( 'NONE', #9200, 0.09999999999982245300 ) ;
#5405 = EDGE_CURVE ( 'NONE', #5957, #1551, #3416, .T. ) ;
#5406 = PLANE ( 'NONE',  #4319 ) ;
#5407 = VECTOR ( 'NONE', #8066, 1000.000000000000000 ) ;
#5408 = ORIENTED_EDGE ( 'NONE', *, *, #732, .T. ) ;
#5409 = CARTESIAN_POINT ( 'NONE',  ( -51.62238325557900300, -4.791020975697956700, 7.611862478818052200 ) ) ;
#5410 = FACE_BOUND ( 'NONE', #9499, .T. ) ;
#5411 = VERTEX_POINT ( 'NONE', #3171 ) ;
#5412 = VECTOR ( 'NONE', #4671, 1000.000000000000000 ) ;
#5413 = CARTESIAN_POINT ( 'NONE',  ( -37.52238325557900100, -6.291896519370451000, 10.33397059614300100 ) ) ;
#5414 = ORIENTED_EDGE ( 'NONE', *, *, #8722, .T. ) ;
#5415 = CARTESIAN_POINT ( 'NONE',  ( -51.32238325557899100, -12.97472872840986500, 11.42058214876516200 ) ) ;
#5416 = EDGE_CURVE ( 'NONE', #4366, #2502, #9662, .T. ) ;
#5417 = AXIS2_PLACEMENT_3D ( 'NONE', #6104, #4431, #2736 ) ;
#5418 = CIRCLE ( 'NONE', #6478, 8.500000000000085300 ) ;
#5419 = ORIENTED_EDGE ( 'NONE', *, *, #8295, .T. ) ;
#5420 = CARTESIAN_POINT ( 'NONE',  ( -53.12238325557943600, -9.970373907084159300, 6.220562832117018100 ) ) ;
#5421 = COLOUR_RGB ( '',1.000000000000000000, 0.3294117647058823500, 0.0000000000000000000 ) ;
#5422 = DIRECTION ( 'NONE',  ( 0.2588190451018921300, 0.8754260980657137000, -0.4082178936768748300 ) ) ;
#5423 = DIRECTION ( 'NONE',  ( -0.0000000000000000000, -0.4226182617407002700, -0.9063077870366496000 ) ) ;
#5424 = DIRECTION ( 'NONE',  ( 0.0000000000000000000, -0.9063077870366137400, 0.4226182617407772100 ) ) ;
#5425 = ORIENTED_EDGE ( 'NONE', *, *, #4516, .F. ) ;
#5426 = SURFACE_STYLE_USAGE ( .BOTH. , #5460 ) ;
#5427 = FACE_BOUND ( 'NONE', #431, .T. ) ;
#5428 = ADVANCED_FACE ( 'F273', ( #10195 ), #2067, .T. ) ;
#5429 = EDGE_LOOP ( 'NONE', ( #62, #2268, #2749, #3598 ) ) ;
#5430 = DIRECTION ( 'NONE',  ( 0.0000000000000000000, 0.5735764363510591500, -0.8191520442889826900 ) ) ;
#5431 = EDGE_CURVE ( 'NONE', #6161, #7863, #20, .T. ) ;
#5432 = VECTOR ( 'NONE', #3244, 999.9999999999998900 ) ;
#5433 = DIRECTION ( 'NONE',  ( 0.0000000000000000000, -0.9063077870366609300, 0.4226182617406760200 ) ) ;
#5434 = ORIENTED_EDGE ( 'NONE', *, *, #5163, .T. ) ;
#5435 = ORIENTED_EDGE ( 'NONE', *, *, #1849, .T. ) ;
#5436 = SURFACE_SIDE_STYLE ('',( #662 ) ) ;
#5437 = AXIS2_PLACEMENT_3D ( 'NONE', #6243, #3761, #9693 ) ;
#5438 = ORIENTED_EDGE ( 'NONE', *, *, #5884, .T. ) ;
#5439 = EDGE_LOOP ( 'NONE', ( #9180, #2490, #2635, #9745 ) ) ;
#5440 = CARTESIAN_POINT ( 'NONE',  ( -32.02238325557899400, -11.41185634176997400, 3.306758893877853800 ) ) ;
#5441 = DIRECTION ( 'NONE',  ( 0.0000000000000000000, -0.6427876096860158900, 0.7660444431194172200 ) ) ;
#5442 = VECTOR ( 'NONE', #4177, 1000.000000000000100 ) ;
#5443 = ORIENTED_EDGE ( 'NONE', *, *, #5881, .T. ) ;
#5444 = AXIS2_PLACEMENT_3D ( 'NONE', #8488, #8443, #8406 ) ;
#5445 = DIRECTION ( 'NONE',  ( -4.563650266178933600E-014, -0.4226182617406757400, -0.9063077870366609300 ) ) ;
#5446 = VERTEX_POINT ( 'NONE', #4081 ) ;
#5447 = CARTESIAN_POINT ( 'NONE',  ( -53.12238325557883200, -7.232809980558214700, 15.99552023009109200 ) ) ;
#5448 = ORIENTED_EDGE ( 'NONE', *, *, #10332, .F. ) ;
#5449 = CARTESIAN_POINT ( 'NONE',  ( -53.12238325557899500, -7.101402242377099900, 8.818236007179999400 ) ) ;
#5450 = VECTOR ( 'NONE', #9086, 1000.000000000000100 ) ;
#5451 = PLANE ( 'NONE',  #381 ) ;
#5452 = UNCERTAINTY_MEASURE_WITH_UNIT (LENGTH_MEASURE( 1.000000000000000100E-005 ), #4811, 'distance_accuracy_value', 'NONE');
#5453 = ORIENTED_EDGE ( 'NONE', *, *, #7954, .F. ) ;
#5455 = CARTESIAN_POINT ( 'NONE',  ( -51.32238325557893400, -10.69542013671407000, 6.558657441510146800 ) ) ;
#5454 = CARTESIAN_POINT ( 'NONE',  ( -51.32238325557899800, -12.97472872841000300, 11.82058214781100200 ) ) ;
#5456 = EDGE_CURVE ( 'NONE', #3894, #4036, #8840, .T. ) ;
#5457 = EDGE_CURVE ( 'NONE', #3270, #2278, #10869, .T. ) ;
#5458 = CARTESIAN_POINT ( 'NONE',  ( -37.32238325557876400, -3.218624922818116300, 3.899704014035044100 ) ) ;
#5459 = VERTEX_POINT ( 'NONE', #8316 ) ;
#5460 = SURFACE_SIDE_STYLE ('',( #7031 ) ) ;
#5461 = ORIENTED_EDGE ( 'NONE', *, *, #1051, .T. ) ;
#5462 = EDGE_LOOP ( 'NONE', ( #2801, #6177, #2784, #9815 ) ) ;
#5463 = VECTOR ( 'NONE', #5118, 1000.000000000000100 ) ;
#5464 = VERTEX_POINT ( 'NONE', #9174 ) ;
#5465 = EDGE_CURVE ( 'NONE', #8877, #7633, #1800, .T. ) ;
#5466 = AXIS2_PLACEMENT_3D ( 'NONE', #1568, #1723, #1486 ) ;
#5467 = DIRECTION ( 'NONE',  ( -0.0000000000000000000, -0.4226182617407099300, -0.9063077870366451600 ) ) ;
#5468 = VERTEX_POINT ( 'NONE', #10875 ) ;
#5469 = DIRECTION ( 'NONE',  ( -0.9985991029009408900, -0.02236218424964531500, -0.04795585888106644600 ) ) ;
#5470 = ORIENTED_EDGE ( 'NONE', *, *, #6325, .T. ) ;
#5471 = ORIENTED_EDGE ( 'NONE', *, *, #568, .T. ) ;
#5472 = VECTOR ( 'NONE', #6452, 1000.000000000000000 ) ;
#5473 = PRODUCT_DEFINITION_CONTEXT ( 'detailed design', #7690, 'design' ) ;
#5474 = EDGE_CURVE ( 'NONE', #7446, #8220, #4355, .T. ) ;
#5475 = VERTEX_POINT ( 'NONE', #4119 ) ;
#5476 = DIRECTION ( 'NONE',  ( -1.000000000000000000, 0.0000000000000000000, 0.0000000000000000000 ) ) ;
#5477 = CARTESIAN_POINT ( 'NONE',  ( -51.32238325557919000, -11.73278386440795100, 9.903017147916836300 ) ) ;
#5478 = EDGE_CURVE ( 'NONE', #3212, #5227, #6321, .T. ) ;
#5479 = AXIS2_PLACEMENT_3D ( 'NONE', #5604, #8981, #7293 ) ;
#5480 = ORIENTED_EDGE ( 'NONE', *, *, #5314, .T. ) ;
#5481 = ADVANCED_FACE ( 'F240', ( #10599 ), #5000, .T. ) ;
#5482 = MECHANICAL_DESIGN_GEOMETRIC_PRESENTATION_REPRESENTATION (  '', ( #3806 ), #6042 ) ;
#5483 = ORIENTED_EDGE ( 'NONE', *, *, #2678, .F. ) ;
#5484 = LINE ( 'NONE', #3316, #5220 ) ;
#5485 = CARTESIAN_POINT ( 'NONE',  ( -54.32238325557899800, -5.644295877602799800, 3.051418449571199800 ) ) ;
#5486 = LINE ( 'NONE', #10550, #2694 ) ;
#5487 = DIRECTION ( 'NONE',  ( 0.0000000000000000000, 0.9063077870366467200, -0.4226182617407063200 ) ) ;
#5488 = CARTESIAN_POINT ( 'NONE',  ( -51.32238325557864300, -6.153200639385183000, 9.079672604090035300 ) ) ;
#5489 = CARTESIAN_POINT ( 'NONE',  ( -31.42238325557900000, -4.997114102391999600, -1.063706936137466500 ) ) ;
#5490 = DIRECTION ( 'NONE',  ( -0.0000000000000000000, -0.4226182617406745700, -0.9063077870366615900 ) ) ;
#5491 = CARTESIAN_POINT ( 'NONE',  ( -51.62238325557900300, -12.95884666413300000, 11.72058214781099900 ) ) ;
#5492 = FACE_OUTER_BOUND ( 'NONE', #10218, .T. ) ;
#5493 = VERTEX_POINT ( 'NONE', #3280 ) ;
#5494 =( NAMED_UNIT ( * ) SI_UNIT ( $, .STERADIAN. ) SOLID_ANGLE_UNIT ( ) );
#5495 = VECTOR ( 'NONE', #6528, 1000.000000000000000 ) ;
#5496 = ORIENTED_EDGE ( 'NONE', *, *, #8026, .T. ) ;
#5497 = CIRCLE ( 'NONE', #6987, 1.299999999999770000 ) ;
#5498 = AXIS2_PLACEMENT_3D ( 'NONE', #7498, #9233, #4175 ) ;
#5499 = DIRECTION ( 'NONE',  ( 0.0000000000000000000, -0.8191520442890232200, -0.5735764363510012000 ) ) ;
#5500 = CARTESIAN_POINT ( 'NONE',  ( -40.40687423694200200, -10.39299216882500000, 5.314255045079700100 ) ) ;
#5501 = UNCERTAINTY_MEASURE_WITH_UNIT (LENGTH_MEASURE( 1.000000000000000100E-005 ), #9581, 'distance_accuracy_value', 'NONE');
#5502 = CIRCLE ( 'NONE', #9003, 6.999999999999811700 ) ;
#5503 = ORIENTED_EDGE ( 'NONE', *, *, #3797, .T. ) ;
#5504 = LINE ( 'NONE', #5203, #10035 ) ;
#5505 = CARTESIAN_POINT ( 'NONE',  ( -51.52238325557900800, -10.70382141096300200, 11.42058214781100000 ) ) ;
#5506 = ORIENTED_EDGE ( 'NONE', *, *, #1762, .F. ) ;
#5507 = LINE ( 'NONE', #85, #3253 ) ;
#5508 = CARTESIAN_POINT ( 'NONE',  ( -37.06712885247318900, -20.15577425341491500, 0.7638472645828081600 ) ) ;
#5509 = LINE ( 'NONE', #644, #3257 ) ;
#5510 = CARTESIAN_POINT ( 'NONE',  ( -51.32238325557913300, -10.90382141096313800, 11.42058214876516200 ) ) ;
#5511 = ORIENTED_EDGE ( 'NONE', *, *, #10957, .T. ) ;
#5512 = CARTESIAN_POINT ( 'NONE',  ( -30.82238325557900200, -5.594505487806520300, 8.569418032717290900 ) ) ;
#5513 = VECTOR ( 'NONE', #7447, 1000.000000000000200 ) ;
#5514 = VERTEX_POINT ( 'NONE', #6680 ) ;
#5515 = FILL_AREA_STYLE_COLOUR ( '', #4696 ) ;
#5516 = CARTESIAN_POINT ( 'NONE',  ( -28.92238325557900300, -17.45634698168901300, 6.125351168918574500 ) ) ;
#5517 = VECTOR ( 'NONE', #912, 1000.000000000000200 ) ;
#5518 = AXIS2_PLACEMENT_3D ( 'NONE', #7343, #2270, #8215 ) ;
#5519 = CARTESIAN_POINT ( 'NONE',  ( -37.52238325557900100, -4.143400953713899600, 7.306776139040850100 ) ) ;
#5520 = DIRECTION ( 'NONE',  ( 0.2588190451019554100, 0.8754260980656921600, -0.4082178936768808300 ) ) ;
#5521 = CARTESIAN_POINT ( 'NONE',  ( -51.32238325557888500, -5.189019224855156800, 7.930605939411925000 ) ) ;
#5522 = EDGE_LOOP ( 'NONE', ( #420, #1578, #10533, #3838 ) ) ;
#5523 = FACE_OUTER_BOUND ( 'NONE', #9911, .T. ) ;
#5524 = EDGE_CURVE ( 'NONE', #1324, #830, #6048, .T. ) ;
#5525 = ORIENTED_EDGE ( 'NONE', *, *, #4219, .T. ) ;
#5526 = EDGE_CURVE ( 'NONE', #2769, #4242, #10326, .T. ) ;
#5527 =( LENGTH_UNIT ( ) NAMED_UNIT ( * ) SI_UNIT ( .MILLI., .METRE. ) );
#5528 = EDGE_LOOP ( 'NONE', ( #6109, #3281, #3186, #4046 ) ) ;
#5529 = PLANE ( 'NONE',  #10280 ) ;
#5530 = LINE ( 'NONE', #2856, #9521 ) ;
#5531 = PLANE ( 'NONE',  #1253 ) ;
#5532 = VECTOR ( 'NONE', #2346, 1000.000000000000100 ) ;
#5534 = CARTESIAN_POINT ( 'NONE',  ( -51.32238325557899100, -4.576183670360284900, 8.444836027161397100 ) ) ;
#5533 = DIRECTION ( 'NONE',  ( 1.000000000000000000, 0.0000000000000000000, 0.0000000000000000000 ) ) ;
#5535 = ORIENTED_EDGE ( 'NONE', *, *, #1612, .F. ) ;
#5536 = VECTOR ( 'NONE', #4640, 1000.000000000000200 ) ;
#5537 = EDGE_LOOP ( 'NONE', ( #4142, #7457, #10891, #2271 ) ) ;
#5538 = LINE ( 'NONE', #8208, #7248 ) ;
#5539 = DIRECTION ( 'NONE',  ( 0.0000000000000000000, -0.9063077870365353600, 0.4226182617409450800 ) ) ;
#5540 = ADVANCED_FACE ( 'F78', ( #3828 ), #5033, .T. ) ;
#5541 = CARTESIAN_POINT ( 'NONE',  ( -54.52238325557900100, -13.15014767630200000, 3.069128432260499900 ) ) ;
#5542 = EDGE_CURVE ( 'NONE', #4264, #2288, #146, .T. ) ;
#5543 = CARTESIAN_POINT ( 'NONE',  ( -51.32238325557899800, -10.16274693093571500, 9.720445677018940200 ) ) ;
#5544 = EDGE_CURVE ( 'NONE', #7537, #933, #9243, .T. ) ;
#5545 = CARTESIAN_POINT ( 'NONE',  ( -40.32238325557899800, -13.57093252065200100, 6.189295112866799900 ) ) ;
#5546 = CARTESIAN_POINT ( 'NONE',  ( -30.82238325557900200, -2.479570376837949600, 5.251669303196607100 ) ) ;
#5547 = VERTEX_POINT ( 'NONE', #11010 ) ;
#5548 = ORIENTED_EDGE ( 'NONE', *, *, #4461, .F. ) ;
#5549 = ORIENTED_EDGE ( 'NONE', *, *, #5544, .F. ) ;
#5550 = LINE ( 'NONE', #3382, #3292 ) ;
#5551 = DIRECTION ( 'NONE',  ( 1.000000000000000000, 1.297138429465469700E-013, 2.784620100042637200E-013 ) ) ;
#5552 = LINE ( 'NONE', #9185, #10080 ) ;
#5553 = EDGE_LOOP ( 'NONE', ( #7167, #8030, #7150, #4294 ) ) ;
#5554 = EDGE_CURVE ( 'NONE', #1026, #1178, #434, .T. ) ;
#5555 = FACE_OUTER_BOUND ( 'NONE', #3344, .T. ) ;
#5556 = AXIS2_PLACEMENT_3D ( 'NONE', #475, #1702, #9234 ) ;
#5557 = DIRECTION ( 'NONE',  ( 1.000000000000000000, -0.0000000000000000000, -0.0000000000000000000 ) ) ;
#5558 = EDGE_LOOP ( 'NONE', ( #2086, #1851, #8510, #9817 ) ) ;
#5559 = CARTESIAN_POINT ( 'NONE',  ( -51.32238325557899100, -6.489570471823951100, 10.10283209108359900 ) ) ;
#5560 = VERTEX_POINT ( 'NONE', #3389 ) ;
#5561 = LINE ( 'NONE', #7450, #7519 ) ;
#5562 = PLANE ( 'NONE',  #9304 ) ;
#5563 = CARTESIAN_POINT ( 'NONE',  ( -51.32238325557886300, -9.165808997185154200, 7.069341948271865100 ) ) ;
#5564 = ORIENTED_EDGE ( 'NONE', *, *, #4298, .F. ) ;
#5565 = PRESENTATION_STYLE_ASSIGNMENT (( #7786 ) ) ;
#5566 = DIRECTION ( 'NONE',  ( 0.0000000000000000000, -0.9063077870366492700, 0.4226182617407007200 ) ) ;
#5567 = ORIENTED_EDGE ( 'NONE', *, *, #6734, .T. ) ;
#5568 = DIRECTION ( 'NONE',  ( -1.000000000000000000, 2.076310777982262600E-014, 7.500359645434788900E-014 ) ) ;
#5569 = AXIS2_PLACEMENT_3D ( 'NONE', #5943, #831, #6798 ) ;
#5570 = CARTESIAN_POINT ( 'NONE',  ( -47.57238325557931800, -10.98189897449412700, 9.146869239626482800 ) ) ;
#5571 = ORIENTED_EDGE ( 'NONE', *, *, #6938, .F. ) ;
#5572 = CARTESIAN_POINT ( 'NONE',  ( -52.82238325557866400, -11.42924294139794500, 17.43141801386497700 ) ) ;
#5573 = VERTEX_POINT ( 'NONE', #1660 ) ;
#5574 = CIRCLE ( 'NONE', #932, 7.750000000024439100 ) ;
#5575 = ORIENTED_EDGE ( 'NONE', *, *, #7315, .F. ) ;
#5576 = FILL_AREA_STYLE_COLOUR ( '', #9309 ) ;
#5577 = DIRECTION ( 'NONE',  ( -1.000000000000000000, 0.0000000000000000000, 0.0000000000000000000 ) ) ;
#5578 = VERTEX_POINT ( 'NONE', #11048 ) ;
#5579 = CARTESIAN_POINT ( 'NONE',  ( -49.62238325557900300, -1.173018639828235200, 6.807644855074450200 ) ) ;
#5580 = AXIS2_PLACEMENT_3D ( 'NONE', #1819, #1861, #1964 ) ;
#5581 = VERTEX_POINT ( 'NONE', #10192 ) ;
#5582 = CARTESIAN_POINT ( 'NONE',  ( -35.02238325557877400, -5.584830148717679200, 9.491321708714851400 ) ) ;
#5583 = FACE_OUTER_BOUND ( 'NONE', #4024, .T. ) ;
#5584 = VERTEX_POINT ( 'NONE', #5931 ) ;
#5585 = EDGE_CURVE ( 'NONE', #2720, #6280, #8973, .T. ) ;
#5586 = CARTESIAN_POINT ( 'NONE',  ( -41.22238325557899700, -2.563728383188533100, 5.890912826052772100 ) ) ;
#5587 = ORIENTED_EDGE ( 'NONE', *, *, #4717, .F. ) ;
#5588 = CARTESIAN_POINT ( 'NONE',  ( -33.32238325557899800, -9.832719534927896600, 0.3636394696481359800 ) ) ;
#5589 = ORIENTED_EDGE ( 'NONE', *, *, #4273, .F. ) ;
#5590 = DIRECTION ( 'NONE',  ( 0.0000000000000000000, 0.6427876096867910500, -0.7660444431187667400 ) ) ;
#5591 = DIRECTION ( 'NONE',  ( 0.0000000000000000000, 0.6427876096865071700, -0.7660444431190051000 ) ) ;
#5592 = ADVANCED_FACE ( 'F272', ( #4476 ), #3679, .T. ) ;
#5593 = CARTESIAN_POINT ( 'NONE',  ( -53.12238325557899500, -11.59626300771150100, 8.716686912362751700 ) ) ;
#5594 = ORIENTED_EDGE ( 'NONE', *, *, #1251, .T. ) ;
#5595 = CARTESIAN_POINT ( 'NONE',  ( -44.82238325557901200, -3.887968530353215900, 20.21080388912209000 ) ) ;
#5596 = DIRECTION ( 'NONE',  ( 0.0000000000000000000, 0.4226182617407119300, 0.9063077870366441600 ) ) ;
#5597 = AXIS2_PLACEMENT_3D ( 'NONE', #5200, #5232, #88 ) ;
#5598 = DIRECTION ( 'NONE',  ( -1.000000000000000000, 0.0000000000000000000, 0.0000000000000000000 ) ) ;
#5599 = CARTESIAN_POINT ( 'NONE',  ( -30.82238325557747100, -3.023355049059754100, 5.505240260241066600 ) ) ;
#5600 = ORIENTED_EDGE ( 'NONE', *, *, #9023, .F. ) ;
#5601 = EDGE_LOOP ( 'NONE', ( #5709, #6547, #6323, #1872 ) ) ;
#5602 = ORIENTED_EDGE ( 'NONE', *, *, #824, .F. ) ;
#5603 = SURFACE_STYLE_FILL_AREA ( #8859 ) ;
#5604 = CARTESIAN_POINT ( 'NONE',  ( -53.12238325557899500, -10.62160807928600000, 10.37576731140800000 ) ) ;
#5605 = ORIENTED_EDGE ( 'NONE', *, *, #9604, .F. ) ;
#5606 = EDGE_CURVE ( 'NONE', #2654, #3187, #8169, .T. ) ;
#5607 = DIRECTION ( 'NONE',  ( -1.000000000000000000, 0.0000000000000000000, 0.0000000000000000000 ) ) ;
#5608 = EDGE_CURVE ( 'NONE', #8781, #1194, #1651, .T. ) ;
#5609 = DIRECTION ( 'NONE',  ( -1.000000000000000000, -0.0000000000000000000, -0.0000000000000000000 ) ) ;
#5610 = ORIENTED_EDGE ( 'NONE', *, *, #1188, .T. ) ;
#5611 = DIRECTION ( 'NONE',  ( -1.000000000000000000, -0.0000000000000000000, -0.0000000000000000000 ) ) ;
#5612 = ORIENTED_EDGE ( 'NONE', *, *, #2049, .T. ) ;
#5613 = EDGE_CURVE ( 'NONE', #1223, #4475, #5904, .T. ) ;
#5614 = LINE ( 'NONE', #8065, #1073 ) ;
#5615 = AXIS2_PLACEMENT_3D ( 'NONE', #7058, #9877, #7943 ) ;
#5616 = DIRECTION ( 'NONE',  ( -1.483828250715999000E-013, -0.7660444431187658500, -0.6427876096867922700 ) ) ;
#5617 = DIRECTION ( 'NONE',  ( 0.0000000000000000000, 0.9063077870366440500, -0.4226182617407119900 ) ) ;
#5618 = UNCERTAINTY_MEASURE_WITH_UNIT (LENGTH_MEASURE( 1.000000000000000100E-005 ), #2990, 'distance_accuracy_value', 'NONE');
#5619 = FILL_AREA_STYLE_COLOUR ( '', #9288 ) ;
#5620 = EDGE_LOOP ( 'NONE', ( #8362, #6926, #6302, #79 ) ) ;
#5621 = LINE ( 'NONE', #2507, #5095 ) ;
#5622 = CARTESIAN_POINT ( 'NONE',  ( -37.32238325557845800, -3.345410401341229400, 3.627811677923728200 ) ) ;
#5623 = DIRECTION ( 'NONE',  ( 2.187634516465989800E-013, 0.4226182617405904700, 0.9063077870367006700 ) ) ;
#5624 = VECTOR ( 'NONE', #10378, 1000.000000000000000 ) ;
#5625 = CARTESIAN_POINT ( 'NONE',  ( -40.32238325557866400, -8.536769409500866600, 10.24141823171915700 ) ) ;
#5626 = EDGE_CURVE ( 'NONE', #968, #4262, #7898, .T. ) ;
#5627 = AXIS2_PLACEMENT_3D ( 'NONE', #4141, #10075, #4984 ) ;
#5628 = CARTESIAN_POINT ( 'NONE',  ( -50.82238325557811000, -6.108735575554803200, 9.182253587211333100 ) ) ;
#5629 = CARTESIAN_POINT ( 'NONE',  ( -40.42238325557933400, -8.536769409500877300, 10.24141823171915500 ) ) ;
#5630 = DIRECTION ( 'NONE',  ( 0.0000000000000000000, 0.4226182617401446100, 0.9063077870369086200 ) ) ;
#5631 = FACE_OUTER_BOUND ( 'NONE', #6611, .T. ) ;
#5632 = VERTEX_POINT ( 'NONE', #5167 ) ;
#5633 = FACE_OUTER_BOUND ( 'NONE', #484, .T. ) ;
#5634 = DIRECTION ( 'NONE',  ( 0.9659258262892196400, -0.2345697160093520600, 0.1093816549462474200 ) ) ;
#5635 = ORIENTED_EDGE ( 'NONE', *, *, #1038, .T. ) ;
#5636 = LINE ( 'NONE', #9880, #1094 ) ;
#5637 = PRESENTATION_STYLE_ASSIGNMENT (( #5119 ) ) ;
#5638 = CARTESIAN_POINT ( 'NONE',  ( -37.32238325557828800, -18.71502390620138100, 6.160592898480448600 ) ) ;
#5639 = CARTESIAN_POINT ( 'NONE',  ( -52.82238325557937500, -14.30240088096459900, 15.42022057736307900 ) ) ;
#5640 = CARTESIAN_POINT ( 'NONE',  ( -51.32238325557872800, -7.006587835685220300, 7.734502379634682800 ) ) ;
#5641 = ADVANCED_FACE ( 'F155', ( #1391 ), #3138, .T. ) ;
#5642 = CARTESIAN_POINT ( 'NONE',  ( -53.12238325557899500, -9.653410210778801600, 6.900293672393999600 ) ) ;
#5643 = EDGE_CURVE ( 'NONE', #7592, #8492, #9921, .T. ) ;
#5644 = ORIENTED_EDGE ( 'NONE', *, *, #28, .T. ) ;
#5645 = FACE_OUTER_BOUND ( 'NONE', #1676, .T. ) ;
#5646 = VECTOR ( 'NONE', #11037, 1000.000000000000000 ) ;
#5647 =( NAMED_UNIT ( * ) SI_UNIT ( $, .STERADIAN. ) SOLID_ANGLE_UNIT ( ) );
#5648 = ADVANCED_FACE ( 'F175', ( #7615 ), #5204, .T. ) ;
#5649 = CARTESIAN_POINT ( 'NONE',  ( -47.37238325557901000, -9.123429179502007700, 2.239647782982487000 ) ) ;
#5650 = ORIENTED_EDGE ( 'NONE', *, *, #656, .F. ) ;
#5651 = VECTOR ( 'NONE', #5476, 1000.000000000000000 ) ;
#5652 = CARTESIAN_POINT ( 'NONE',  ( -37.32238325557828800, -19.68930477726513600, 6.614907529851404200 ) ) ;
#5653 = ORIENTED_EDGE ( 'NONE', *, *, #10899, .F. ) ;
#5654 = VECTOR ( 'NONE', #859, 1000.000000000000000 ) ;
#5655 = FACE_OUTER_BOUND ( 'NONE', #9643, .T. ) ;
#5656 = CIRCLE ( 'NONE', #10531, 1.074999999999209500 ) ;
#5657 = CARTESIAN_POINT ( 'NONE',  ( -53.12238325557893900, -10.97569358225190300, 9.044347730077957300 ) ) ;
#5658 = CARTESIAN_POINT ( 'NONE',  ( -51.06987062899399600, -9.998677284925600300, 6.396486200775700400 ) ) ;
#5659 = PRESENTATION_LAYER_ASSIGNMENT (  '', '', ( #4532 ) ) ;
#5660 = CARTESIAN_POINT ( 'NONE',  ( -42.42238325557900700, -5.603120509318699800, -2.160343906399599900 ) ) ;
#5661 = ORIENTED_EDGE ( 'NONE', *, *, #2117, .F. ) ;
#5662 = EDGE_LOOP ( 'NONE', ( #5269, #10381, #3936, #2765 ) ) ;
#5663 = FACE_OUTER_BOUND ( 'NONE', #8786, .T. ) ;
#5664 = CARTESIAN_POINT ( 'NONE',  ( -51.32238325557899800, -5.077045227133004000, 7.952732908034976200 ) ) ;
#5665 = LINE ( 'NONE', #4014, #7632 ) ;
#5666 = ORIENTED_EDGE ( 'NONE', *, *, #3063, .T. ) ;
#5667 = EDGE_LOOP ( 'NONE', ( #6035, #5181, #6785, #9679 ) ) ;
#5668 = CIRCLE ( 'NONE', #10948, 0.7999999999981052300 ) ;
#5669 = CARTESIAN_POINT ( 'NONE',  ( -49.57238325557916200, -5.072350101094030200, 2.479472673062671300 ) ) ;
#5670 = FACE_OUTER_BOUND ( 'NONE', #5892, .T. ) ;
#5671 = DIRECTION ( 'NONE',  ( 0.0000000000000000000, -0.8191520442890232200, -0.5735764363510012000 ) ) ;
#5672 = DIRECTION ( 'NONE',  ( -3.339473067880405900E-014, 0.4226182617408430500, 0.9063077870365831000 ) ) ;
#5673 = EDGE_CURVE ( 'NONE', #8906, #5227, #5385, .T. ) ;
#5674 = EDGE_CURVE ( 'NONE', #3990, #8608, #7359, .T. ) ;
#5675 = PRESENTATION_STYLE_ASSIGNMENT (( #362 ) ) ;
#5676 = ORIENTED_EDGE ( 'NONE', *, *, #9863, .F. ) ;
#5677 = CARTESIAN_POINT ( 'NONE',  ( -49.62238325557901700, -4.358649946538720100, 5.262129351445490300 ) ) ;
#5678 = B_SPLINE_CURVE_WITH_KNOTS ( 'NONE', 3,
 ( #10752, #510, #7324, #2254, #8193, #3121, #9048, #3996, #9925, #4842 ),
 .UNSPECIFIED., .F., .F.,
 ( 4, 2, 2, 2, 4 ),
 ( 0.0000000000000000000, 0.2500000000000000000, 0.5000000000000000000, 0.7500000000000000000, 1.000000000000000000 ),
 .UNSPECIFIED. ) ;
#5679 = PRESENTATION_STYLE_ASSIGNMENT (( #5309 ) ) ;
#5680 = LINE ( 'NONE', #5251, #7645 ) ;
#5681 = ORIENTED_EDGE ( 'NONE', *, *, #8152, .T. ) ;
#5682 = CIRCLE ( 'NONE', #7708, 8.500000000000083500 ) ;
#5683 = DIRECTION ( 'NONE',  ( 0.0000000000000000000, -0.9063077870366346200, 0.4226182617407321900 ) ) ;
#5684 = EDGE_CURVE ( 'NONE', #5464, #6921, #9654, .T. ) ;
#5685 = PRESENTATION_LAYER_ASSIGNMENT (  '', '', ( #4558 ) ) ;
#5686 = LINE ( 'NONE', #8034, #9953 ) ;
#5687 = ORIENTED_EDGE ( 'NONE', *, *, #2693, .T. ) ;
#5688 = CARTESIAN_POINT ( 'NONE',  ( -33.92238325557900000, -12.07247110886400100, 5.380213289203999800 ) ) ;
#5689 = EDGE_CURVE ( 'NONE', #8072, #86, #562, .T. ) ;
#5690 = SURFACE_STYLE_FILL_AREA ( #9026 ) ;
#5691 = EDGE_CURVE ( 'NONE', #4425, #2357, #5125, .T. ) ;
#5692 = VERTEX_POINT ( 'NONE', #6081 ) ;
#5693 = CARTESIAN_POINT ( 'NONE',  ( -40.40687423694200200, -13.45884666412900000, 11.32058214781100100 ) ) ;
#5694 = DIRECTION ( 'NONE',  ( 0.0000000000000000000, 0.9063077870366440500, -0.4226182617407119900 ) ) ;
#5695 = EDGE_CURVE ( 'NONE', #830, #7285, #2587, .T. ) ;
#5697 = AXIS2_PLACEMENT_3D ( 'NONE', #7034, #1962, #7893 ) ;
#5696 = VECTOR ( 'NONE', #8105, 1000.000000000000100 ) ;
#5698 = ADVANCED_FACE ( 'F287', ( #6835 ), #8645, .T. ) ;
#5699 = EDGE_LOOP ( 'NONE', ( #9734, #10586, #7414, #8687 ) ) ;
#5700 = PLANE ( 'NONE',  #5225 ) ;
#5701 = LINE ( 'NONE', #4084, #1160 ) ;
#5702 = B_SPLINE_CURVE_WITH_KNOTS ( 'NONE', 3,
 ( #3385, #3408, #3361, #3327 ),
 .UNSPECIFIED., .F., .F.,
 ( 4, 4 ),
 ( 0.0000000000000000000, 1.000000000000000000 ),
 .UNSPECIFIED. ) ;
#5703 = CARTESIAN_POINT ( 'NONE',  ( -51.06987062899364100, -5.490027092498497300, 9.378339825876702600 ) ) ;
#5704 = ORIENTED_EDGE ( 'NONE', *, *, #3207, .F. ) ;
#5705 = DIRECTION ( 'NONE',  ( -8.564331603845331900E-014, -0.9396926207861394700, -0.3420201433250338900 ) ) ;
#5706 = DIRECTION ( 'NONE',  ( 0.0000000000000000000, -2.859815558967970100E-013, -1.000000000000000000 ) ) ;
#5707 = ADVANCED_FACE ( 'F68', ( #8297 ), #4472, .T. ) ;
#5708 = EDGE_LOOP ( 'NONE', ( #1965, #2403, #7766, #6382 ) ) ;
#5709 = ORIENTED_EDGE ( 'NONE', *, *, #3117, .T. ) ;
#5710 = EDGE_LOOP ( 'NONE', ( #6328, #1989, #270, #1443 ) ) ;
#5711 = CARTESIAN_POINT ( 'NONE',  ( -37.56535189874477300, -20.61621100620267600, 0.9785524485040508800 ) ) ;
#5712 = DIRECTION ( 'NONE',  ( -1.000000000000000000, 0.0000000000000000000, 0.0000000000000000000 ) ) ;
#5713 = DIRECTION ( 'NONE',  ( 1.000000000000000000, -0.0000000000000000000, -0.0000000000000000000 ) ) ;
#5714 = VECTOR ( 'NONE', #10712, 1000.000000000000200 ) ;
#5715 = CARTESIAN_POINT ( 'NONE',  ( -30.12238325557899900, -7.469417468160198600, 1.468369455305802900 ) ) ;
#5716 = VERTEX_POINT ( 'NONE', #9553 ) ;
#5717 = ORIENTED_EDGE ( 'NONE', *, *, #4157, .F. ) ;
#5718 = ORIENTED_EDGE ( 'NONE', *, *, #7954, .T. ) ;
#5719 = CIRCLE ( 'NONE', #9391, 0.1999999999999866300 ) ;
#5720 = EDGE_LOOP ( 'NONE', ( #1716, #1444, #10274, #2728 ) ) ;
#5721 = CARTESIAN_POINT ( 'NONE',  ( -53.12238325557899500, -13.02977908521700100, 7.712928148748701100 ) ) ;
#5722 =( GEOMETRIC_REPRESENTATION_CONTEXT ( 3 ) GLOBAL_UNCERTAINTY_ASSIGNED_CONTEXT ( ( #2171 ) ) GLOBAL_UNIT_ASSIGNED_CONTEXT ( ( #7487, #8064, #8330 ) ) REPRESENTATION_CONTEXT ( 'NONE', 'WORKASPACE' ) );
#5723 = DIRECTION ( 'NONE',  ( -0.0000000000000000000, 0.9063077870366504900, -0.4226182617406983300 ) ) ;
#5724 = VERTEX_POINT ( 'NONE', #3656 ) ;
#5725 = CARTESIAN_POINT ( 'NONE',  ( -28.73738325557900100, -20.77854732079300600, 7.674518628967899900 ) ) ;
#5726 = AXIS2_PLACEMENT_3D ( 'NONE', #3759, #9689, #4602 ) ;
#5727 = ORIENTED_EDGE ( 'NONE', *, *, #2978, .F. ) ;
#5728 = VERTEX_POINT ( 'NONE', #9588 ) ;
#5729 = LINE ( 'NONE', #2328, #1474 ) ;
#5730 = EDGE_CURVE ( 'NONE', #2336, #6618, #3000, .T. ) ;
#5731 = ORIENTED_EDGE ( 'NONE', *, *, #2979, .T. ) ;
#5732 = CARTESIAN_POINT ( 'NONE',  ( -42.42238325557900700, -13.61319434682598000, 6.098664334163200500 ) ) ;
#5733 = EDGE_CURVE ( 'NONE', #36, #3169, #7476, .T. ) ;
#5734 = CARTESIAN_POINT ( 'NONE',  ( -39.82238325557899100, -4.980643189124251100, 7.837845432904499500 ) ) ;
#5735 = ORIENTED_EDGE ( 'NONE', *, *, #1261, .T. ) ;
#5736 = DIRECTION ( 'NONE',  ( -0.9962405881956799500, 0.05568444403124088400, -0.06636213622584105600 ) ) ;
#5737 = VERTEX_POINT ( 'NONE', #5345 ) ;
#5738 = AXIS2_PLACEMENT_3D ( 'NONE', #6307, #6267, #6251 ) ;
#5739 = VECTOR ( 'NONE', #4, 1000.000000000000100 ) ;
#5740 = CARTESIAN_POINT ( 'NONE',  ( -37.81096556461513800, -21.21412102567915900, 1.257362469473623000 ) ) ;
#5741 = EDGE_LOOP ( 'NONE', ( #8709, #6103, #1906, #3047, #3492, #4354, #5192, #3798, #867 ) ) ;
#5742 = PRESENTATION_LAYER_ASSIGNMENT (  '', '', ( #5178 ) ) ;
#5743 = DIRECTION ( 'NONE',  ( 0.0000000000000000000, 0.9063077870366923500, -0.4226182617406084600 ) ) ;
#5744 = CARTESIAN_POINT ( 'NONE',  ( -51.32238325557894900, -6.747543549727107700, 6.323767237020985200 ) ) ;
#5745 = ORIENTED_EDGE ( 'NONE', *, *, #2313, .T. ) ;
#5746 = ADVANCED_FACE ( 'F154', ( #9510 ), #10444, .T. ) ;
#5747 = CARTESIAN_POINT ( 'NONE',  ( -51.32238325557919700, -12.27746639412283300, 12.37067213193974200 ) ) ;
#5748 = EDGE_CURVE ( 'NONE', #9117, #4409, #5001, .T. ) ;
#5749 = FACE_OUTER_BOUND ( 'NONE', #3511, .T. ) ;
#5750 = EDGE_CURVE ( 'NONE', #6460, #5381, #6136, .T. ) ;
#5751 = VECTOR ( 'NONE', #7002, 1000.000000000000000 ) ;
#5752 = ADVANCED_FACE ( 'F104', ( #421 ), #4589, .T. ) ;
#5753 = CARTESIAN_POINT ( 'NONE',  ( -41.22238325557899700, -15.78143261196799900, 11.42058214781100000 ) ) ;
#5754 = EDGE_CURVE ( 'NONE', #9378, #1303, #4197, .T. ) ;
#5755 = VECTOR ( 'NONE', #3519, 1000.000000000000100 ) ;
#5756 = ORIENTED_EDGE ( 'NONE', *, *, #1753, .F. ) ;
#5757 = CIRCLE ( 'NONE', #2210, 1.199999999999910700 ) ;
#5758 = CARTESIAN_POINT ( 'NONE',  ( -28.92238325557900300, -8.380371912370103300, 1.893154488871200000 ) ) ;
#5759 = STYLED_ITEM ( 'NONE', ( #10917 ), #4271 ) ;
#5760 = DIRECTION ( 'NONE',  ( -3.339473067880405900E-014, 0.4226182617408429900, 0.9063077870365829900 ) ) ;
#5761 = COLOUR_RGB ( '',1.000000000000000000, 0.6588235294117647000, 0.0000000000000000000 ) ;
#5762 = CARTESIAN_POINT ( 'NONE',  ( -49.62238325557898100, -12.71488887246485100, 16.82070711199122900 ) ) ;
#5763 = VECTOR ( 'NONE', #8201, 1000.000000000000100 ) ;
#5764 = CARTESIAN_POINT ( 'NONE',  ( -53.12238325557945700, -2.636769409502089300, 10.24141823171909100 ) ) ;
#5765 = DIRECTION ( 'NONE',  ( -0.0000000000000000000, 0.6427876096865492400, -0.7660444431189696900 ) ) ;
#5766 = VECTOR ( 'NONE', #234, 999.9999999999998900 ) ;
#5767 = ORIENTED_EDGE ( 'NONE', *, *, #7315, .T. ) ;
#5768 = LINE ( 'NONE', #120, #1234 ) ;
#5769 = VECTOR ( 'NONE', #428, 1000.000000000000100 ) ;
#5770 = CARTESIAN_POINT ( 'NONE',  ( -37.32238325557846500, -20.64782977412622200, 4.855119238495851700 ) ) ;
#5771 = CARTESIAN_POINT ( 'NONE',  ( -38.64238325557899900, -19.91135018509000100, 6.718449003978202300 ) ) ;
#5772 = CARTESIAN_POINT ( 'NONE',  ( -53.12238325557899500, -13.45884666412900000, 12.12058214781100000 ) ) ;
#5773 = ORIENTED_EDGE ( 'NONE', *, *, #6537, .F. ) ;
#5774 = LINE ( 'NONE', #2277, #1240 ) ;
#5775 = ORIENTED_EDGE ( 'NONE', *, *, #6387, .F. ) ;
#5776 = LINE ( 'NONE', #9634, #10046 ) ;
#5777 = PLANE ( 'NONE',  #6055 ) ;
#5778 = CARTESIAN_POINT ( 'NONE',  ( -42.42238325557900700, -12.76295202690819900, 1.178340361351901000 ) ) ;
#5779 = LINE ( 'NONE', #628, #3533 ) ;
#5780 = CARTESIAN_POINT ( 'NONE',  ( -51.32238325557892000, -10.10539373224042800, 6.167632040977231600 ) ) ;
#5781 = AXIS2_PLACEMENT_3D ( 'NONE', #7705, #7783, #7821 ) ;
#5782 = ORIENTED_EDGE ( 'NONE', *, *, #4349, .T. ) ;
#5783 = VECTOR ( 'NONE', #7686, 1000.000000000000100 ) ;
#5784 = CARTESIAN_POINT ( 'NONE',  ( -52.82238325557901200, -6.007613637598100600, 2.608270207322899800 ) ) ;
#5785 = ORIENTED_EDGE ( 'NONE', *, *, #1833, .T. ) ;
#5786 = VECTOR ( 'NONE', #8390, 1000.000000000000100 ) ;
#5787 = VERTEX_POINT ( 'NONE', #330 ) ;
#5788 = FACE_OUTER_BOUND ( 'NONE', #1733, .T. ) ;
#5789 = ORIENTED_EDGE ( 'NONE', *, *, #5122, .F. ) ;
#5790 = PRESENTATION_STYLE_ASSIGNMENT (( #1279 ) ) ;
#5791 = DIRECTION ( 'NONE',  ( 0.0000000000000000000, -0.08715574274758826300, 0.9961946980917516500 ) ) ;
#5792 = VECTOR ( 'NONE', #2833, 1000.000000000000000 ) ;
#5793 = ORIENTED_EDGE ( 'NONE', *, *, #9827, .T. ) ;
#5794 = CARTESIAN_POINT ( 'NONE',  ( -53.12238325557923700, -5.540365084890093600, 9.593902691839746300 ) ) ;
#5795 = STYLED_ITEM ( 'NONE', ( #5117 ), #2512 ) ;
#5796 = ADVANCED_FACE ( 'F158', ( #2722 ), #4741, .T. ) ;
#5797 = FACE_BOUND ( 'NONE', #5401, .T. ) ;
#5798 = CARTESIAN_POINT ( 'NONE',  ( -32.62238325557900300, -10.30896003131117100, 7.150803653729062700 ) ) ;
#5799 = CARTESIAN_POINT ( 'NONE',  ( -49.62238325557900300, -5.866557346699999600, 9.413938705037100600 ) ) ;
#5800 = AXIS2_PLACEMENT_3D ( 'NONE', #5688, #6536, #1446 ) ;
#5801 = COLOUR_RGB ( '',1.000000000000000000, 0.6588235294117647000, 0.0000000000000000000 ) ;
#5802 = VECTOR ( 'NONE', #10020, 1000.000000000000000 ) ;
#5803 = ADVANCED_FACE ( 'F291', ( #9231 ), #8009, .T. ) ;
#5804 = ORIENTED_EDGE ( 'NONE', *, *, #4562, .F. ) ;
#5805 = LINE ( 'NONE', #8579, #3571 ) ;
#5806 = DIRECTION ( 'NONE',  ( 0.0000000000000000000, 0.6427876096865040600, -0.7660444431190076600 ) ) ;
#5807 = EDGE_CURVE ( 'NONE', #228, #9230, #6162, .T. ) ;
#5808 = EDGE_CURVE ( 'NONE', #6369, #8996, #3948, .T. ) ;
#5809 = EDGE_LOOP ( 'NONE', ( #4869, #3749, #2918, #1421 ) ) ;
#5810 = DIRECTION ( 'NONE',  ( 1.000000000000000000, 0.0000000000000000000, 0.0000000000000000000 ) ) ;
#5811 = DIRECTION ( 'NONE',  ( -1.000000000000000000, -0.0000000000000000000, -0.0000000000000000000 ) ) ;
#5812 = LINE ( 'NONE', #10806, #3578 ) ;
#5813 = CARTESIAN_POINT ( 'NONE',  ( -53.12238325557878900, -7.672809980036676700, 6.170485738299207800 ) ) ;
#5814 = ORIENTED_EDGE ( 'NONE', *, *, #589, .F. ) ;
#5815 = EDGE_CURVE ( 'NONE', #5936, #3745, #174, .T. ) ;
#5816 = LINE ( 'NONE', #5205, #8073 ) ;
#5817 = CARTESIAN_POINT ( 'NONE',  ( -37.32238325608259500, -21.51523562888809200, 1.397774514932473800 ) ) ;
#5818 = CARTESIAN_POINT ( 'NONE',  ( -37.32238325557793200, -16.33743014017429500, 10.01710335273156200 ) ) ;
#5819 = ORIENTED_EDGE ( 'NONE', *, *, #6099, .F. ) ;
#5820 = ORIENTED_EDGE ( 'NONE', *, *, #10759, .T. ) ;
#5821 = CARTESIAN_POINT ( 'NONE',  ( -53.12238325557935800, -11.70884666412944200, 11.72058214781121400 ) ) ;
#5822 = EDGE_CURVE ( 'NONE', #8688, #9703, #8157, .T. ) ;
#5823 = ORIENTED_EDGE ( 'NONE', *, *, #3686, .F. ) ;
#5824 = CARTESIAN_POINT ( 'NONE',  ( -33.92238325557900000, -12.68169827884109900, 15.31317892699905600 ) ) ;
#5825 = CARTESIAN_POINT ( 'NONE',  ( -51.62238325557900300, -4.424582280809101300, 8.108592143835000600 ) ) ;
#5826 = VECTOR ( 'NONE', #342, 1000.000000000000100 ) ;
#5827 = DIRECTION ( 'NONE',  ( 0.0000000000000000000, 0.9063077870366526000, -0.4226182617406937800 ) ) ;
#5828 = DIRECTION ( 'NONE',  ( 0.0000000000000000000, 0.9063077870366419400, -0.4226182617407167100 ) ) ;
#5829 = ORIENTED_EDGE ( 'NONE', *, *, #5367, .F. ) ;
#5830 = EDGE_CURVE ( 'NONE', #6280, #6237, #8424, .T. ) ;
#5831 = AXIS2_PLACEMENT_3D ( 'NONE', #9552, #10373, #7857 ) ;
#5832 = AXIS2_PLACEMENT_3D ( 'NONE', #561, #6544, #1449 ) ;
#5833 = ORIENTED_EDGE ( 'NONE', *, *, #5474, .F. ) ;
#5834 = CARTESIAN_POINT ( 'NONE',  ( -39.42238325557900000, -12.76295202690819900, 1.178340361351901000 ) ) ;
#5835 = ORIENTED_EDGE ( 'NONE', *, *, #1030, .T. ) ;
#5836 = CARTESIAN_POINT ( 'NONE',  ( -30.82238325557900200, -11.47677931914010200, 3.226686159183599100 ) ) ;
#5837 = ORIENTED_EDGE ( 'NONE', *, *, #4426, .F. ) ;
#5838 = ORIENTED_EDGE ( 'NONE', *, *, #5392, .F. ) ;
#5839 = EDGE_CURVE ( 'NONE', #4001, #5692, #3668, .T. ) ;
#5840 = ORIENTED_EDGE ( 'NONE', *, *, #10816, .T. ) ;
#5841 = CARTESIAN_POINT ( 'NONE',  ( -43.02238325557900800, 0.7376175917356200300, 6.468389507829862800 ) ) ;
#5842 = DIRECTION ( 'NONE',  ( 0.0000000000000000000, -0.4226182617406888400, -0.9063077870366549300 ) ) ;
#5843 = VERTEX_POINT ( 'NONE', #3053 ) ;
#5844 = PRESENTATION_STYLE_ASSIGNMENT (( #8978 ) ) ;
#5845 = ADVANCED_FACE ( 'F249', ( #5645 ), #9862, .T. ) ;
#5846 = FILL_AREA_STYLE_COLOUR ( '', #10954 ) ;
#5847 = EDGE_LOOP ( 'NONE', ( #2800, #4235, #8360, #664 ) ) ;
#5848 = ORIENTED_EDGE ( 'NONE', *, *, #588, .T. ) ;
#5849 = ADVANCED_FACE ( 'F189', ( #7884 ), #6455, .T. ) ;
#5850 = ORIENTED_EDGE ( 'NONE', *, *, #3561, .F. ) ;
#5851 = CARTESIAN_POINT ( 'NONE',  ( -32.62238325557900300, -15.85706354622071500, 11.42058214781065900 ) ) ;
#5852 = STYLED_ITEM ( 'NONE', ( #9492 ), #1726 ) ;
#5853 = ORIENTED_EDGE ( 'NONE', *, *, #7638, .T. ) ;
#5854 = LINE ( 'NONE', #308, #10137 ) ;
#5855 = CARTESIAN_POINT ( 'NONE',  ( -37.32238325557896300, -15.90082681497619700, 9.592836294823001700 ) ) ;
#5856 = EDGE_LOOP ( 'NONE', ( #11014, #2535, #4893, #10375 ) ) ;
#5857 = DIRECTION ( 'NONE',  ( 0.0000000000000000000, -0.9063077870366490500, 0.4226182617407014400 ) ) ;
#5858 = SURFACE_SIDE_STYLE ('',( #3544 ) ) ;
#5859 = PLANE ( 'NONE',  #770 ) ;
#5860 = DIRECTION ( 'NONE',  ( 0.0000000000000000000, 0.7660444431189685800, 0.6427876096865505800 ) ) ;
#5861 = AXIS2_PLACEMENT_3D ( 'NONE', #22, #6006, #903 ) ;
#5862 = ORIENTED_EDGE ( 'NONE', *, *, #6657, .T. ) ;
#5863 = ORIENTED_EDGE ( 'NONE', *, *, #9848, .F. ) ;
#5864 = CARTESIAN_POINT ( 'NONE',  ( -53.12238325557866100, -11.82569358225205400, 9.044347730077504400 ) ) ;
#5865 = FACE_OUTER_BOUND ( 'NONE', #751, .T. ) ;
#5866 = EDGE_CURVE ( 'NONE', #7841, #9274, #1640, .T. ) ;
#5867 = PLANE ( 'NONE',  #1567 ) ;
#5868 = EDGE_CURVE ( 'NONE', #7895, #9451, #1380, .T. ) ;
#5869 = DIRECTION ( 'NONE',  ( 0.0000000000000000000, 0.6427876096866046400, -0.7660444431189231700 ) ) ;
#5870 = CARTESIAN_POINT ( 'NONE',  ( -37.32238325557858600, -16.05637711452945700, 9.555032798836800000 ) ) ;
#5871 = EDGE_LOOP ( 'NONE', ( #1799, #4942, #5303, #9449 ) ) ;
#5872 = VECTOR ( 'NONE', #1610, 1000.000000000000000 ) ;
#5873 = DIRECTION ( 'NONE',  ( 0.9659258262896014400, -0.2345697160078348600, 0.1093816549461308600 ) ) ;
#5874 = FACE_OUTER_BOUND ( 'NONE', #377, .T. ) ;
#5875 = LINE ( 'NONE', #7296, #8138 ) ;
#5876 = CARTESIAN_POINT ( 'NONE',  ( -51.62238325557900300, -4.424582280809100400, 8.108592143835000600 ) ) ;
#5877 = DIRECTION ( 'NONE',  ( 0.0000000000000000000, 0.08715574274759076100, -0.9961946980917514300 ) ) ;
#5878 = DIRECTION ( 'NONE',  ( 2.222373519779176800E-012, 1.000000000000000000, -0.0000000000000000000 ) ) ;
#5879 = DIRECTION ( 'NONE',  ( 0.0000000000000000000, -0.6427876096865260400, 0.7660444431189892300 ) ) ;
#5880 = VECTOR ( 'NONE', #9078, 1000.000000000000200 ) ;
#5881 = EDGE_CURVE ( 'NONE', #8373, #6766, #9912, .T. ) ;
#5882 = ORIENTED_EDGE ( 'NONE', *, *, #6394, .T. ) ;
#5883 = VECTOR ( 'NONE', #4471, 1000.000000000000000 ) ;
#5884 = EDGE_CURVE ( 'NONE', #7042, #5320, #1102, .T. ) ;
#5885 = FACE_OUTER_BOUND ( 'NONE', #10632, .T. ) ;
#5886 = VECTOR ( 'NONE', #8771, 1000.000000000000100 ) ;
#5887 = EDGE_CURVE ( 'NONE', #1175, #8220, #820, .T. ) ;
#5888 = DIRECTION ( 'NONE',  ( -1.000000000000000000, -0.0000000000000000000, -0.0000000000000000000 ) ) ;
#5889 = AXIS2_PLACEMENT_3D ( 'NONE', #8423, #3351, #9289 ) ;
#5890 = AXIS2_PLACEMENT_3D ( 'NONE', #9400, #3467, #7544 ) ;
#5891 = DIRECTION ( 'NONE',  ( 1.000000000000000000, 0.0000000000000000000, 0.0000000000000000000 ) ) ;
#5892 = EDGE_LOOP ( 'NONE', ( #8213, #4170, #9516, #8020, #4655, #9331, #4624, #6775, #2169, #6996, #2804, #10596, #3882, #11068, #10727, #4414 ) ) ;
#5893 = CARTESIAN_POINT ( 'NONE',  ( -51.32238325557899800, -4.974756688293034300, 7.675257791705567100 ) ) ;
#5894 = VECTOR ( 'NONE', #400, 1000.000000000000000 ) ;
#5895 = CYLINDRICAL_SURFACE ( 'NONE', #6919, 0.8499999999997294200 ) ;
#5896 = CARTESIAN_POINT ( 'NONE',  ( -51.32238325557899800, -7.866753198619368200, 8.387266870466799400 ) ) ;
#5897 = DIRECTION ( 'NONE',  ( -0.0000000000000000000, 0.9063077870366615900, -0.4226182617406745700 ) ) ;
#5898 = LINE ( 'NONE', #5215, #1384 ) ;
#5899 = CARTESIAN_POINT ( 'NONE',  ( -53.12238325557800100, -9.165933325593522700, 7.069340977090808700 ) ) ;
#5900 = EDGE_LOOP ( 'NONE', ( #8886, #7797, #2347, #4552 ) ) ;
#5901 = VECTOR ( 'NONE', #4605, 1000.000000000000000 ) ;
#5902 = ORIENTED_EDGE ( 'NONE', *, *, #796, .T. ) ;
#5903 = CARTESIAN_POINT ( 'NONE',  ( -44.82238325557963800, -8.536769409500133000, 10.24141823171752800 ) ) ;
#5904 = LINE ( 'NONE', #819, #5654 ) ;
#5905 = CARTESIAN_POINT ( 'NONE',  ( -28.92238325557900000, -11.70640637255630300, 3.444109828943505500 ) ) ;
#5906 = FACE_OUTER_BOUND ( 'NONE', #6730, .T. ) ;
#5907 = FACE_OUTER_BOUND ( 'NONE', #9, .T. ) ;
#5908 = CARTESIAN_POINT ( 'NONE',  ( -54.32238325557828100, -9.137516936461320700, 1.762674078905414900 ) ) ;
#5909 = ADVANCED_FACE ( 'F143', ( #7347 ), #9202, .T. ) ;
#5910 = FACE_OUTER_BOUND ( 'NONE', #9325, .T. ) ;
#5911 = PLANE ( 'NONE',  #4956 ) ;
#5912 = DIRECTION ( 'NONE',  ( 0.7071067811867917100, 0.4545194776718924400, -0.5416752204195100000 ) ) ;
#5913 = VERTEX_POINT ( 'NONE', #5818 ) ;
#5914 = VERTEX_POINT ( 'NONE', #8348 ) ;
#5915 = FACE_OUTER_BOUND ( 'NONE', #9339, .T. ) ;
#5916 = VECTOR ( 'NONE', #8168, 1000.000000000000200 ) ;
#5917 = ORIENTED_EDGE ( 'NONE', *, *, #7106, .F. ) ;
#5918 = CARTESIAN_POINT ( 'NONE',  ( -39.92238325557900000, -12.07247110886400100, 5.380213289203999800 ) ) ;
#5919 = VERTEX_POINT ( 'NONE', #8730 ) ;
#5920 = LINE ( 'NONE', #7578, #1410 ) ;
#5921 = CARTESIAN_POINT ( 'NONE',  ( -53.12238325557854100, -11.82569358225205400, 9.044347730077504400 ) ) ;
#5922 = ORIENTED_EDGE ( 'NONE', *, *, #10026, .T. ) ;
#5923 = ORIENTED_EDGE ( 'NONE', *, *, #5822, .F. ) ;
#5924 = CIRCLE ( 'NONE', #7039, 5.900000000000218000 ) ;
#5925 = LINE ( 'NONE', #876, #1420 ) ;
#5926 = VERTEX_POINT ( 'NONE', #10931 ) ;
#5927 = CIRCLE ( 'NONE', #6007, 0.7999999999981052300 ) ;
#5928 = EDGE_CURVE ( 'NONE', #8072, #1588, #552, .T. ) ;
#5929 = DIRECTION ( 'NONE',  ( -1.000000000000000000, 0.0000000000000000000, 0.0000000000000000000 ) ) ;
#5931 = CARTESIAN_POINT ( 'NONE',  ( -41.42238325557906400, -6.044456814589093300, 9.105649142902864300 ) ) ;
#5930 = DIRECTION ( 'NONE',  ( -0.0000000000000000000, -0.7071067811865472400, 0.7071067811865479100 ) ) ;
#5932 = EDGE_CURVE ( 'NONE', #4226, #7322, #2852, .T. ) ;
#5933 = DIRECTION ( 'NONE',  ( 1.000000000000000000, 0.0000000000000000000, 0.0000000000000000000 ) ) ;
#5934 = CARTESIAN_POINT ( 'NONE',  ( -28.92238325557900700, -9.225608435851519600, 0.08053891479790995000 ) ) ;
#5935 = VERTEX_POINT ( 'NONE', #10156 ) ;
#5936 = VERTEX_POINT ( 'NONE', #1659 ) ;
#5937 = LINE ( 'NONE', #30, #9409 ) ;
#5938 = LINE ( 'NONE', #10593, #7934 ) ;
#5939 = ORIENTED_EDGE ( 'NONE', *, *, #7078, .F. ) ;
#5940 = AXIS2_PLACEMENT_3D ( 'NONE', #8421, #8399, #8367 ) ;
#5941 = LINE ( 'NONE', #1325, #7936 ) ;
#5942 = DIRECTION ( 'NONE',  ( 0.9659258262895855700, -0.2345697160080557600, 0.1093816549457973700 ) ) ;
#5943 = CARTESIAN_POINT ( 'NONE',  ( -52.66238325557900200, -14.78660051445499900, -2.451527349926800000 ) ) ;
#5944 = MECHANICAL_DESIGN_GEOMETRIC_PRESENTATION_REPRESENTATION (  '', ( #4840 ), #6520 ) ;
#5945 = ORIENTED_EDGE ( 'NONE', *, *, #6742, .F. ) ;
#5946 = PLANE ( 'NONE',  #6869 ) ;
#5947 = CARTESIAN_POINT ( 'NONE',  ( -50.82238325557811000, -5.883759912164680200, 8.914138032120067800 ) ) ;
#5948 = CARTESIAN_POINT ( 'NONE',  ( -35.02238325557877400, -6.044456814589061400, 9.105649142902891000 ) ) ;
#5949 = EDGE_LOOP ( 'NONE', ( #8892, #9175, #590, #1710 ) ) ;
#5950 = LINE ( 'NONE', #9733, #3729 ) ;
#5951 = ORIENTED_EDGE ( 'NONE', *, *, #10385, .F. ) ;
#5952 = DIRECTION ( 'NONE',  ( 0.0000000000000000000, -0.9063077870366672600, 0.4226182617406623000 ) ) ;
#5953 = EDGE_CURVE ( 'NONE', #9264, #9012, #4861, .T. ) ;
#5954 = LINE ( 'NONE', #9106, #1441 ) ;
#5955 = EDGE_CURVE ( 'NONE', #1111, #10763, #272, .T. ) ;
#5956 = CARTESIAN_POINT ( 'NONE',  ( -50.82238325557802500, -5.649108909683612900, 9.567926153023350400 ) ) ;
#5957 = VERTEX_POINT ( 'NONE', #9327 ) ;
#5958 = ORIENTED_EDGE ( 'NONE', *, *, #9833, .T. ) ;
#5959 =( LENGTH_UNIT ( ) NAMED_UNIT ( * ) SI_UNIT ( .MILLI., .METRE. ) );
#5960 = ORIENTED_EDGE ( 'NONE', *, *, #4075, .T. ) ;
#5961 = EDGE_CURVE ( 'NONE', #2655, #24, #9091, .T. ) ;
#5962 = CARTESIAN_POINT ( 'NONE',  ( -39.42238325557900000, -17.10247932691699900, 7.725744641864849900 ) ) ;
#5963 = ORIENTED_EDGE ( 'NONE', *, *, #3063, .F. ) ;
#5964 = STYLED_ITEM ( 'NONE', ( #4810 ), #4056 ) ;
#5965 = ADVANCED_FACE ( 'F267', ( #2580 ), #818, .T. ) ;
#5966 = EDGE_LOOP ( 'NONE', ( #1859, #2975, #3694, #5461 ) ) ;
#5967 = CARTESIAN_POINT ( 'NONE',  ( -31.42238325557900000, -10.04402866579800100, -0.08951442387019800700 ) ) ;
#5968 =( NAMED_UNIT ( * ) PLANE_ANGLE_UNIT ( ) SI_UNIT ( $, .RADIAN. ) );
#5969 = DIRECTION ( 'NONE',  ( 1.000000000000000000, 0.0000000000000000000, 0.0000000000000000000 ) ) ;
#5970 = VERTEX_POINT ( 'NONE', #2520 ) ;
#5972 = DIRECTION ( 'NONE',  ( 0.0000000000000000000, -0.9063077870365828800, 0.4226182617408434900 ) ) ;
#5971 = DIRECTION ( 'NONE',  ( -0.9986016055963549100, 0.05286618295642173800, -0.0000000000000000000 ) ) ;
#5973 = DIRECTION ( 'NONE',  ( 1.000000000000000000, 1.124744024573817900E-013, 9.840235151880140300E-015 ) ) ;
#5974 =( NAMED_UNIT ( * ) SI_UNIT ( $, .STERADIAN. ) SOLID_ANGLE_UNIT ( ) );
#5975 = ORIENTED_EDGE ( 'NONE', *, *, #6160, .F. ) ;
#5976 = EDGE_CURVE ( 'NONE', #9117, #7675, #4599, .T. ) ;
#5977 = STYLED_ITEM ( 'NONE', ( #10555 ), #6747 ) ;
#5978 = VECTOR ( 'NONE', #5096, 1000.000000000000000 ) ;
#5979 = ORIENTED_EDGE ( 'NONE', *, *, #8895, .F. ) ;
#5980 = DIRECTION ( 'NONE',  ( 1.000000000000000000, 2.009809788925401600E-013, 2.645964783881782400E-014 ) ) ;
#5981 = ORIENTED_EDGE ( 'NONE', *, *, #4554, .T. ) ;
#5982 = CARTESIAN_POINT ( 'NONE',  ( -32.62238325557900300, -5.364692154872800600, 8.762254315625650500 ) ) ;
#5983 = VERTEX_POINT ( 'NONE', #10228 ) ;
#5984 = EDGE_LOOP ( 'NONE', ( #10782, #6397, #3675, #5183 ) ) ;
#5985 = CIRCLE ( 'NONE', #6173, 7.750000000007136500 ) ;
#5986 = DIRECTION ( 'NONE',  ( 1.110322045395690000E-014, 0.4226182617406863400, 0.9063077870366560400 ) ) ;
#5987 = ORIENTED_EDGE ( 'NONE', *, *, #10674, .T. ) ;
#5988 = EDGE_CURVE ( 'NONE', #7390, #4156, #11100, .T. ) ;
#5989 = CARTESIAN_POINT ( 'NONE',  ( -32.62238325557900300, -10.20482879094502400, 7.433268858915113200 ) ) ;
#5990 = ORIENTED_EDGE ( 'NONE', *, *, #3576, .T. ) ;
#5991 = CARTESIAN_POINT ( 'NONE',  ( -51.32238325557923300, -5.885702128217478600, 8.076546101984492400 ) ) ;
#5992 = PRESENTATION_LAYER_ASSIGNMENT (  '', '', ( #4888 ) ) ;
#5993 = ORIENTED_EDGE ( 'NONE', *, *, #4259, .F. ) ;
#5994 = LINE ( 'NONE', #46, #10547 ) ;
#5995 = ORIENTED_EDGE ( 'NONE', *, *, #10451, .T. ) ;
#5996 = DIRECTION ( 'NONE',  ( 2.418693035993628500E-013, -0.3420201433227388900, 0.9396926207869748000 ) ) ;
#5997 = AXIS2_PLACEMENT_3D ( 'NONE', #9538, #9458, #9424 ) ;
#5998 = CARTESIAN_POINT ( 'NONE',  ( -32.62238325557900300, -11.70640637255656100, 3.444109828943505900 ) ) ;
#5999 = EDGE_LOOP ( 'NONE', ( #1516, #5438, #6270, #1804 ) ) ;
#6000 = DIRECTION ( 'NONE',  ( 0.0000000000000000000, -0.9063077870366416100, 0.4226182617407174300 ) ) ;
#6001 = VECTOR ( 'NONE', #4283, 1000.000000000000000 ) ;
#6002 = DIRECTION ( 'NONE',  ( -2.081668171172307600E-013, 1.000000000000000000, 0.0000000000000000000 ) ) ;
#6003 = LINE ( 'NONE', #8324, #8272 ) ;
#6004 = UNCERTAINTY_MEASURE_WITH_UNIT (LENGTH_MEASURE( 1.000000000000000100E-005 ), #9806, 'distance_accuracy_value', 'NONE');
#6005 = CARTESIAN_POINT ( 'NONE',  ( -33.46738325557900100, -18.40834343355300000, 10.98278608080899900 ) ) ;
#6006 = DIRECTION ( 'NONE',  ( -0.0000000000000000000, 0.4226182617406917800, 0.9063077870366536000 ) ) ;
#6007 = AXIS2_PLACEMENT_3D ( 'NONE', #2830, #8761, #3711 ) ;
#6008 = CIRCLE ( 'NONE', #567, 0.9749999999998663100 ) ;
#6009 = ORIENTED_EDGE ( 'NONE', *, *, #10970, .F. ) ;
#6010 = LINE ( 'NONE', #10713, #1501 ) ;
#6011 = VERTEX_POINT ( 'NONE', #11084 ) ;
#6012 = CARTESIAN_POINT ( 'NONE',  ( -53.12238325557899500, -7.194835021996949500, 5.296692266759300200 ) ) ;
#6013 = EDGE_CURVE ( 'NONE', #5322, #8781, #8550, .T. ) ;
#6014 = CARTESIAN_POINT ( 'NONE',  ( -32.02238325557899400, -7.714417754381693200, -4.554776175865902700 ) ) ;
#6015 = EDGE_CURVE ( 'NONE', #4446, #9995, #6569, .T. ) ;
#6016 = LINE ( 'NONE', #9715, #8280 ) ;
#6017 = CARTESIAN_POINT ( 'NONE',  ( -51.32238325557906900, -10.90382141000890600, 12.02058214781100000 ) ) ;
#6018 = DIRECTION ( 'NONE',  ( 2.171678531353987800E-014, 0.9063077870366457200, -0.4226182617407085500 ) ) ;
#6019 = ADVANCED_FACE ( 'F295', ( #8818 ), #2594, .T. ) ;
#6020 = ORIENTED_EDGE ( 'NONE', *, *, #8656, .T. ) ;
#6021 = EDGE_CURVE ( 'NONE', #2870, #4598, #5504, .T. ) ;
#6022 = LINE ( 'NONE', #1988, #10033 ) ;
#6023 = ORIENTED_EDGE ( 'NONE', *, *, #9947, .F. ) ;
#6024 = ORIENTED_EDGE ( 'NONE', *, *, #1913, .T. ) ;
#6025 = DIRECTION ( 'NONE',  ( 1.000000000000000000, -0.0000000000000000000, -0.0000000000000000000 ) ) ;
#6026 = LINE ( 'NONE', #5229, #3810 ) ;
#6027 = CARTESIAN_POINT ( 'NONE',  ( -32.62238325557900300, -16.96108800088246900, 10.58376426898927700 ) ) ;
#6028 = VECTOR ( 'NONE', #7869, 1000.000000000000000 ) ;
#6029 = DIRECTION ( 'NONE',  ( 0.0000000000000000000, -0.9063077870362208400, 0.4226182617416197600 ) ) ;
#6030 = CARTESIAN_POINT ( 'NONE',  ( -51.32238325557899800, -10.75019772874866700, 12.02058214781100200 ) ) ;
#6031 = EDGE_CURVE ( 'NONE', #6265, #6720, #7746, .T. ) ;
#6032 = DIRECTION ( 'NONE',  ( 0.0000000000000000000, 1.000000000000000000, 0.0000000000000000000 ) ) ;
#6033 = ORIENTED_EDGE ( 'NONE', *, *, #10213, .F. ) ;
#6034 = FACE_OUTER_BOUND ( 'NONE', #2154, .T. ) ;
#6035 = ORIENTED_EDGE ( 'NONE', *, *, #5122, .T. ) ;
#6036 = PRESENTATION_STYLE_ASSIGNMENT (( #173 ) ) ;
#6037 = LINE ( 'NONE', #9360, #1788 ) ;
#6038 = VECTOR ( 'NONE', #1142, 1000.000000000000000 ) ;
#6039 = EDGE_CURVE ( 'NONE', #6123, #5227, #957, .T. ) ;
#6040 = DIRECTION ( 'NONE',  ( -0.9659258262893395400, 0.2345697160088981400, -0.1093816549461635900 ) ) ;
#6041 = DIRECTION ( 'NONE',  ( 1.000000000000000000, -0.0000000000000000000, -0.0000000000000000000 ) ) ;
#6042 =( GEOMETRIC_REPRESENTATION_CONTEXT ( 3 ) GLOBAL_UNCERTAINTY_ASSIGNED_CONTEXT ( ( #3662 ) ) GLOBAL_UNIT_ASSIGNED_CONTEXT ( ( #5355, #219, #6206 ) ) REPRESENTATION_CONTEXT ( 'NONE', 'WORKASPACE' ) );
#6043 = DIRECTION ( 'NONE',  ( 0.0000000000000000000, -0.9063077870366096400, 0.4226182617407860400 ) ) ;
#6044 = ORIENTED_EDGE ( 'NONE', *, *, #7715, .F. ) ;
#6045 = LINE ( 'NONE', #1757, #4088 ) ;
#6046 = ORIENTED_EDGE ( 'NONE', *, *, #1096, .T. ) ;
#6047 = CARTESIAN_POINT ( 'NONE',  ( -44.82238325557901200, -13.63921224048181300, 2.138636168959007700 ) ) ;
#6048 = LINE ( 'NONE', #7475, #5786 ) ;
#6049 = ORIENTED_EDGE ( 'NONE', *, *, #6228, .T. ) ;
#6050 = CARTESIAN_POINT ( 'NONE',  ( -51.32238325557899800, -10.44295036432033500, 11.82058214781100200 ) ) ;
#6051 = VERTEX_POINT ( 'NONE', #9477 ) ;
#6052 = ADVANCED_FACE ( 'F217', ( #3251 ), #7210, .F. ) ;
#6053 = DIRECTION ( 'NONE',  ( 0.0000000000000000000, 0.6427876096864561000, -0.7660444431190478500 ) ) ;
#6054 = ORIENTED_EDGE ( 'NONE', *, *, #9022, .T. ) ;
#6056 = VECTOR ( 'NONE', #1237, 1000.000000000000200 ) ;
#6055 = AXIS2_PLACEMENT_3D ( 'NONE', #3264, #10067, #4980 ) ;
#6057 = LINE ( 'NONE', #8734, #3837 ) ;
#6058 = EDGE_LOOP ( 'NONE', ( #1884, #8584, #1572, #5981 ) ) ;
#6059 = LINE ( 'NONE', #2189, #1816 ) ;
#6060 = CARTESIAN_POINT ( 'NONE',  ( -32.62238325557900300, -18.20916474454402900, 6.476395856933039300 ) ) ;
#6061 = UNCERTAINTY_MEASURE_WITH_UNIT (LENGTH_MEASURE( 1.000000000000000100E-005 ), #8493, 'distance_accuracy_value', 'NONE');
#6062 = CARTESIAN_POINT ( 'NONE',  ( -51.32238325557899800, -12.94253887143833200, 8.750634075081601200 ) ) ;
#6063 = FILL_AREA_STYLE ('',( #5576 ) ) ;
#6064 = FACE_OUTER_BOUND ( 'NONE', #8748, .T. ) ;
#6065 = CARTESIAN_POINT ( 'NONE',  ( -29.52238325557900100, -17.37773186200789900, 3.881936498639345900 ) ) ;
#6066 = LINE ( 'NONE', #9151, #8061 ) ;
#6067 = ORIENTED_EDGE ( 'NONE', *, *, #10695, .F. ) ;
#6068 = AXIS2_PLACEMENT_3D ( 'NONE', #9122, #9186, #9225 ) ;
#6069 = CARTESIAN_POINT ( 'NONE',  ( -28.92238325557900300, 2.299802781503200100, 9.794844442572399500 ) ) ;
#6070 = CYLINDRICAL_SURFACE ( 'NONE', #9072, 0.1999999999999866300 ) ;
#6071 = DIRECTION ( 'NONE',  ( -1.000000000000000000, 0.0000000000000000000, 0.0000000000000000000 ) ) ;
#6072 = ORIENTED_EDGE ( 'NONE', *, *, #4412, .F. ) ;
#6073 = ADVANCED_FACE ( 'F171', ( #7467 ), #2710, .F. ) ;
#6074 = AXIS2_PLACEMENT_3D ( 'NONE', #10732, #3981, #9908 ) ;
#6075 = DIRECTION ( 'NONE',  ( 1.000000000000000000, 0.0000000000000000000, 0.0000000000000000000 ) ) ;
#6076 = FACE_OUTER_BOUND ( 'NONE', #8576, .T. ) ;
#6077 = ORIENTED_EDGE ( 'NONE', *, *, #9675, .T. ) ;
#6078 = DIRECTION ( 'NONE',  ( 0.0000000000000000000, -0.9063077870366501600, 0.4226182617406990500 ) ) ;
#6079 = VECTOR ( 'NONE', #11050, 1000.000000000000100 ) ;
#6081 = CARTESIAN_POINT ( 'NONE',  ( -42.42238325557900700, -14.28938356561111800, 4.648571874904621200 ) ) ;
#6080 = DIRECTION ( 'NONE',  ( -6.839766848137309200E-014, 1.000000000000000000, 0.0000000000000000000 ) ) ;
#6082 = EDGE_CURVE ( 'NONE', #7537, #7310, #4988, .T. ) ;
#6083 = DIRECTION ( 'NONE',  ( 0.0000000000000000000, 0.4226182617406159500, 0.9063077870366889100 ) ) ;
#6084 = EDGE_CURVE ( 'NONE', #6531, #6891, #9500, .T. ) ;
#6085 = FILL_AREA_STYLE_COLOUR ( '', #1017 ) ;
#6086 =( NAMED_UNIT ( * ) PLANE_ANGLE_UNIT ( ) SI_UNIT ( $, .RADIAN. ) );
#6087 = EDGE_LOOP ( 'NONE', ( #4688, #1503, #9143, #5210 ) ) ;
#6088 = ORIENTED_EDGE ( 'NONE', *, *, #6797, .F. ) ;
#6089 = ORIENTED_EDGE ( 'NONE', *, *, #3616, .T. ) ;
#6090 = CARTESIAN_POINT ( 'NONE',  ( -37.32238325557858600, -16.94002720689061500, 9.967085604034050300 ) ) ;
#6091 = LINE ( 'NONE', #6239, #5826 ) ;
#6092 = CARTESIAN_POINT ( 'NONE',  ( -51.34612694228700700, -12.53761560400649900, 12.02058214781100000 ) ) ;
#6093 = DIRECTION ( 'NONE',  ( -0.0000000000000000000, -0.9063077870366667000, 0.4226182617406634700 ) ) ;
#6094 = DIRECTION ( 'NONE',  ( 1.000000000000000000, 6.807801527363549800E-014, -6.743438870400674900E-014 ) ) ;
#6095 = VERTEX_POINT ( 'NONE', #5278 ) ;
#6096 = CARTESIAN_POINT ( 'NONE',  ( -30.82238325557899800, -16.02261007149228100, 12.01275172010166900 ) ) ;
#6097 = ORIENTED_EDGE ( 'NONE', *, *, #1105, .F. ) ;
#6098 = EDGE_CURVE ( 'NONE', #9395, #6184, #4730, .T. ) ;
#6099 = EDGE_CURVE ( 'NONE', #343, #5347, #6941, .T. ) ;
#6100 = ORIENTED_EDGE ( 'NONE', *, *, #8660, .F. ) ;
#6101 = CARTESIAN_POINT ( 'NONE',  ( -32.62238325557900300, -11.70884666412900000, 11.72058214781099900 ) ) ;
#6102 = CARTESIAN_POINT ( 'NONE',  ( -32.62238325557900300, -6.227617758402599800, 10.25736615183200200 ) ) ;
#6103 = ORIENTED_EDGE ( 'NONE', *, *, #84, .F. ) ;
#6104 = CARTESIAN_POINT ( 'NONE',  ( -31.42238325557900000, -8.987483011446499900, 2.176255043721400100 ) ) ;
#6105 = VERTEX_POINT ( 'NONE', #7818 ) ;
#6106 = EDGE_CURVE ( 'NONE', #9565, #3688, #6687, .T. ) ;
#6107 = CARTESIAN_POINT ( 'NONE',  ( -32.62238325557900300, -21.63856116299800200, 12.66717758642200000 ) ) ;
#6108 = ADVANCED_FACE ( 'F297', ( #8948 ), #10165, .F. ) ;
#6109 = ORIENTED_EDGE ( 'NONE', *, *, #9023, .T. ) ;
#6110 = ORIENTED_EDGE ( 'NONE', *, *, #11098, .F. ) ;
#6111 = DIRECTION ( 'NONE',  ( -3.420548494710057900E-013, -0.4226182617410114100, -0.9063077870365045000 ) ) ;
#6112 = SURFACE_STYLE_FILL_AREA ( #8115 ) ;
#6113 = DIRECTION ( 'NONE',  ( 0.0000000000000000000, 0.4226182617407052100, 0.9063077870366472700 ) ) ;
#6114 = ORIENTED_EDGE ( 'NONE', *, *, #9518, .F. ) ;
#6116 =( LENGTH_UNIT ( ) NAMED_UNIT ( * ) SI_UNIT ( .MILLI., .METRE. ) );
#6115 = DIRECTION ( 'NONE',  ( 0.0000000000000000000, -0.4226182617407843200, -0.9063077870366104100 ) ) ;
#6117 = B_SPLINE_CURVE_WITH_KNOTS ( 'NONE', 3,
 ( #7174, #7209, #7284, #7164, #7098, #7089 ),
 .UNSPECIFIED., .F., .F.,
 ( 4, 2, 4 ),
 ( 0.5000000000000000000, 0.7500000000000000000, 1.000000000000000000 ),
 .UNSPECIFIED. ) ;
#6118 = CARTESIAN_POINT ( 'NONE',  ( -51.32238325557899800, -5.968890158014099600, 10.10459898725190100 ) ) ;
#6119 = DIRECTION ( 'NONE',  ( -1.000000000000000000, -0.0000000000000000000, -0.0000000000000000000 ) ) ;
#6120 = STYLED_ITEM ( 'NONE', ( #1686 ), #4704 ) ;
#6121 = ORIENTED_EDGE ( 'NONE', *, *, #1547, .T. ) ;
#6122 = CARTESIAN_POINT ( 'NONE',  ( -41.92238325557900700, -14.28938356561094400, 4.648571874904471100 ) ) ;
#6123 = VERTEX_POINT ( 'NONE', #2778 ) ;
#6124 = EDGE_LOOP ( 'NONE', ( #8471, #8600, #6795, #992 ) ) ;
#6125 = VERTEX_POINT ( 'NONE', #8718 ) ;
#6126 = CARTESIAN_POINT ( 'NONE',  ( -51.42238325557900700, -9.382695159764194800, 7.717464131094582000 ) ) ;
#6127 = DIRECTION ( 'NONE',  ( 0.0000000000000000000, -0.4226182617406976600, -0.9063077870366507100 ) ) ;
#6128 = PLANE ( 'NONE',  #3310 ) ;
#6129 = CARTESIAN_POINT ( 'NONE',  ( -51.32238325557899800, -10.44295036527427100, 12.02058214781100200 ) ) ;
#6130 = ORIENTED_EDGE ( 'NONE', *, *, #10816, .F. ) ;
#6131 = DIRECTION ( 'NONE',  ( -0.0000000000000000000, 0.4226182617407079300, 0.9063077870366460500 ) ) ;
#6132 = ORIENTED_EDGE ( 'NONE', *, *, #1895, .T. ) ;
#6133 = LINE ( 'NONE', #2195, #786 ) ;
#6134 = LINE ( 'NONE', #9306, #3922 ) ;
#6135 = CARTESIAN_POINT ( 'NONE',  ( -39.82238325557899800, -6.585988613274801100, 10.21773875754900000 ) ) ;
#6136 = B_SPLINE_CURVE_WITH_KNOTS ( 'NONE', 3,
 ( #1133, #6226, #3744, #9672 ),
 .UNSPECIFIED., .F., .F.,
 ( 4, 4 ),
 ( 0.0000000000000000000, 1.000000000000000000 ),
 .UNSPECIFIED. ) ;
#6137 = CARTESIAN_POINT ( 'NONE',  ( -37.32238325557815300, -4.878074279688999800, -2.498438515792492400 ) ) ;
#6138 = CARTESIAN_POINT ( 'NONE',  ( -32.02238325557899400, -7.170633082159717700, -4.808347132910359500 ) ) ;
#6139 = DIRECTION ( 'NONE',  ( 1.000000000000000000, -6.003389496264595400E-013, 5.037441912129634800E-013 ) ) ;
#6140 = AXIS2_PLACEMENT_3D ( 'NONE', #10439, #5338, #200 ) ;
#6141 = CARTESIAN_POINT ( 'NONE',  ( -51.32238325557899800, -10.59657404653433600, 12.02058214781100200 ) ) ;
#6142 = ORIENTED_EDGE ( 'NONE', *, *, #5431, .T. ) ;
#6143 = EDGE_CURVE ( 'NONE', #8651, #3185, #3657, .T. ) ;
#6144 = LINE ( 'NONE', #6576, #3649 ) ;
#6145 = LINE ( 'NONE', #11088, #5624 ) ;
#6146 = CARTESIAN_POINT ( 'NONE',  ( -32.62238325557900300, -4.501771808586933200, 7.267148744758672200 ) ) ;
#6147 = STYLED_ITEM ( 'NONE', ( #2170 ), #2666 ) ;
#6148 =( NAMED_UNIT ( * ) PLANE_ANGLE_UNIT ( ) SI_UNIT ( $, .RADIAN. ) );
#6149 = VECTOR ( 'NONE', #6488, 1000.000000000000100 ) ;
#6150 = ORIENTED_EDGE ( 'NONE', *, *, #650, .F. ) ;
#6152 =( LENGTH_UNIT ( ) NAMED_UNIT ( * ) SI_UNIT ( .MILLI., .METRE. ) );
#6151 =( LENGTH_UNIT ( ) NAMED_UNIT ( * ) SI_UNIT ( .MILLI., .METRE. ) );
#6153 = DIRECTION ( 'NONE',  ( 0.0000000000000000000, 0.9063077870366889100, -0.4226182617406159500 ) ) ;
#6154 = FACE_OUTER_BOUND ( 'NONE', #1409, .T. ) ;
#6155 = AXIS2_PLACEMENT_3D ( 'NONE', #123, #6111, #1011 ) ;
#6156 = VERTEX_POINT ( 'NONE', #5344 ) ;
#6157 = FILL_AREA_STYLE ('',( #10419 ) ) ;
#6158 = ADVANCED_FACE ( 'F270', ( #5633 ), #7593, .F. ) ;
#6159 = COLOUR_RGB ( '',1.000000000000000000, 0.6588235294117647000, 0.0000000000000000000 ) ;
#6160 = EDGE_CURVE ( 'NONE', #7559, #9112, #7878, .T. ) ;
#6161 = VERTEX_POINT ( 'NONE', #2816 ) ;
#6162 = LINE ( 'NONE', #2110, #10719 ) ;
#6163 = CARTESIAN_POINT ( 'NONE',  ( -51.62238325557901000, -10.60382141096300200, 11.42058214781099900 ) ) ;
#6164 = EDGE_CURVE ( 'NONE', #9195, #6125, #8147, .T. ) ;
#6165 = FILL_AREA_STYLE ('',( #8694 ) ) ;
#6166 = CARTESIAN_POINT ( 'NONE',  ( -43.02238325557900100, -12.68169827884119100, 15.31317892699902900 ) ) ;
#6167 = VECTOR ( 'NONE', #3371, 1000.000000000000000 ) ;
#6168 = CARTESIAN_POINT ( 'NONE',  ( -31.42238325557900000, -15.27056625714802800, 2.899349040092241900 ) ) ;
#6169 = VECTOR ( 'NONE', #9060, 1000.000000000000000 ) ;
#6170 = PLANE ( 'NONE',  #5161 ) ;
#6171 = EDGE_CURVE ( 'NONE', #9994, #6910, #9902, .T. ) ;
#6172 = ORIENTED_EDGE ( 'NONE', *, *, #10884, .F. ) ;
#6173 = AXIS2_PLACEMENT_3D ( 'NONE', #3813, #9743, #4659 ) ;
#6174 = CARTESIAN_POINT ( 'NONE',  ( -49.52238325557830500, -8.536769409500461600, 10.24141823171832800 ) ) ;
#6175 = LINE ( 'NONE', #2013, #5651 ) ;
#6176 = DIRECTION ( 'NONE',  ( 0.0000000000000000000, -0.9063077870366487200, 0.4226182617407020500 ) ) ;
#6177 = ORIENTED_EDGE ( 'NONE', *, *, #5327, .T. ) ;
#6178 = PLANE ( 'NONE',  #5556 ) ;
#6179 = LINE ( 'NONE', #3850, #10453 ) ;
#6180 = CARTESIAN_POINT ( 'NONE',  ( -37.59642625142969100, -17.23777362840423100, 10.43694041626341800 ) ) ;
#6181 = LINE ( 'NONE', #7146, #8437 ) ;
#6182 = CARTESIAN_POINT ( 'NONE',  ( -51.22238325557900400, -14.30240088096399900, 15.42022057736400100 ) ) ;
#6183 = PLANE ( 'NONE',  #8415 ) ;
#6184 = VERTEX_POINT ( 'NONE', #7070 ) ;
#6185 = FACE_OUTER_BOUND ( 'NONE', #2249, .T. ) ;
#6186 = VECTOR ( 'NONE', #7267, 1000.000000000000100 ) ;
#6187 = ORIENTED_EDGE ( 'NONE', *, *, #5673, .T. ) ;
#6188 = DIRECTION ( 'NONE',  ( -0.05286618295642175200, -0.9986016055963550200, 0.0000000000000000000 ) ) ;
#6189 = ORIENTED_EDGE ( 'NONE', *, *, #914, .T. ) ;
#6190 = EDGE_CURVE ( 'NONE', #9933, #10220, #3378, .T. ) ;
#6191 = CARTESIAN_POINT ( 'NONE',  ( -42.42238325557900700, -13.85052137135220600, 1.685482275440804300 ) ) ;
#6192 = AXIS2_PLACEMENT_3D ( 'NONE', #10031, #3232, #654 ) ;
#6193 = FACE_OUTER_BOUND ( 'NONE', #10786, .T. ) ;
#6194 = CARTESIAN_POINT ( 'NONE',  ( -31.42238325557900000, -15.27056625714782400, 2.899349040092262800 ) ) ;
#6195 = CARTESIAN_POINT ( 'NONE',  ( -39.82238325557899800, -4.042145142715500400, 7.652821310570601600 ) ) ;
#6196 = CARTESIAN_POINT ( 'NONE',  ( -32.02238325557899400, -12.30088492953412100, 1.459385974462320500 ) ) ;
#6197 = ORIENTED_EDGE ( 'NONE', *, *, #4368, .T. ) ;
#6198 = VECTOR ( 'NONE', #935, 1000.000000000000000 ) ;
#6199 = LINE ( 'NONE', #5982, #10477 ) ;
#6200 = EDGE_LOOP ( 'NONE', ( #9780, #9832, #10136, #5283 ) ) ;
#6201 = DIRECTION ( 'NONE',  ( -7.755234363190354400E-014, 0.0000000000000000000, 1.000000000000000000 ) ) ;
#6202 = ADVANCED_FACE ( 'F216', ( #807 ), #1132, .T. ) ;
#6203 = CARTESIAN_POINT ( 'NONE',  ( -53.12238325557800100, -11.70884666412944200, 10.87058214781170700 ) ) ;
#6204 = EDGE_CURVE ( 'NONE', #6963, #851, #7336, .T. ) ;
#6205 = CARTESIAN_POINT ( 'NONE',  ( -39.82238325557899800, -6.356175280339101600, 10.41057504045500100 ) ) ;
#6206 =( NAMED_UNIT ( * ) SI_UNIT ( $, .STERADIAN. ) SOLID_ANGLE_UNIT ( ) );
#6207 = ORIENTED_EDGE ( 'NONE', *, *, #520, .F. ) ;
#6208 = VECTOR ( 'NONE', #11018, 1000.000000000000200 ) ;
#6209 = CIRCLE ( 'NONE', #2485, 0.3499999999999220400 ) ;
#6210 = ORIENTED_EDGE ( 'NONE', *, *, #7518, .T. ) ;
#6211 = DIRECTION ( 'NONE',  ( 0.0000000000000000000, -0.6427876096865492400, 0.7660444431189698000 ) ) ;
#6212 = VECTOR ( 'NONE', #8943, 1000.000000000000100 ) ;
#6213 = DIRECTION ( 'NONE',  ( -1.000000000000000000, 0.0000000000000000000, -0.0000000000000000000 ) ) ;
#6214 = ADVANCED_FACE ( 'F203', ( #5103 ), #280, .T. ) ;
#6215 = EDGE_LOOP ( 'NONE', ( #6391, #9509, #8624, #7137 ) ) ;
#6216 =( NAMED_UNIT ( * ) SI_UNIT ( $, .STERADIAN. ) SOLID_ANGLE_UNIT ( ) );
#6217 = MECHANICAL_DESIGN_GEOMETRIC_PRESENTATION_REPRESENTATION (  '', ( #4532 ), #6779 ) ;
#6218 = FACE_OUTER_BOUND ( 'NONE', #9170, .T. ) ;
#6219 = ORIENTED_EDGE ( 'NONE', *, *, #8380, .T. ) ;
#6220 = LINE ( 'NONE', #4858, #1705 ) ;
#6221 = CARTESIAN_POINT ( 'NONE',  ( -31.72238325557900400, -19.58000647323202900, 4.967475480784014700 ) ) ;
#6222 = VERTEX_POINT ( 'NONE', #1168 ) ;
#6223 = DIRECTION ( 'NONE',  ( -1.000000000000000000, -0.0000000000000000000, -0.0000000000000000000 ) ) ;
#6224 = VERTEX_POINT ( 'NONE', #10566 ) ;
#6226 = CARTESIAN_POINT ( 'NONE',  ( -51.32238325557899800, -11.16770944214533600, 9.993383020507336000 ) ) ;
#6225 = DIRECTION ( 'NONE',  ( -0.0000000000000000000, 0.4226182617407067100, 0.9063077870366466100 ) ) ;
#6227 = ORIENTED_EDGE ( 'NONE', *, *, #11081, .F. ) ;
#6228 = EDGE_CURVE ( 'NONE', #5926, #10536, #3116, .T. ) ;
#6229 = EDGE_CURVE ( 'NONE', #7390, #3364, #4339, .T. ) ;
#6230 = DIRECTION ( 'NONE',  ( -1.000000000000000000, 0.0000000000000000000, 0.0000000000000000000 ) ) ;
#6231 = ORIENTED_EDGE ( 'NONE', *, *, #7061, .T. ) ;
#6232 = DIRECTION ( 'NONE',  ( 0.0000000000000000000, 0.6427876096862952200, -0.7660444431191827400 ) ) ;
#6233 = CARTESIAN_POINT ( 'NONE',  ( -49.62238325557904500, -2.771137938037640400, 5.062615886071282200 ) ) ;
#6234 = EDGE_CURVE ( 'NONE', #6871, #10390, #7071, .T. ) ;
#6235 = MECHANICAL_DESIGN_GEOMETRIC_PRESENTATION_REPRESENTATION (  '', ( #4558 ), #6808 ) ;
#6236 = CARTESIAN_POINT ( 'NONE',  ( -31.42238325557900000, -14.59083541687027700, 2.582385343786855400 ) ) ;
#6237 = VERTEX_POINT ( 'NONE', #9747 ) ;
#6238 = LINE ( 'NONE', #4585, #1462 ) ;
#6239 = CARTESIAN_POINT ( 'NONE',  ( -31.42238325557900000, -19.47224429707200200, 5.686157126432450000 ) ) ;
#6240 = ORIENTED_EDGE ( 'NONE', *, *, #2458, .F. ) ;
#6241 = EDGE_CURVE ( 'NONE', #8494, #2546, #2568, .T. ) ;
#6242 = EDGE_CURVE ( 'NONE', #247, #5843, #543, .T. ) ;
#6243 = CARTESIAN_POINT ( 'NONE',  ( -43.92238325557900000, 6.534571020568099800, 15.35069387910400000 ) ) ;
#6244 = DIRECTION ( 'NONE',  ( -0.0000000000000000000, -0.4226182617407020500, -0.9063077870366487200 ) ) ;
#6245 = DIRECTION ( 'NONE',  ( 0.0000000000000000000, 0.6427876096862952200, -0.7660444431191827400 ) ) ;
#6246 = ORIENTED_EDGE ( 'NONE', *, *, #5110, .T. ) ;
#6247 = CARTESIAN_POINT ( 'NONE',  ( -51.32238325557877100, -9.165933429902255000, 7.251951528908426400 ) ) ;
#6248 = ORIENTED_EDGE ( 'NONE', *, *, #2004, .F. ) ;
#6249 = EDGE_CURVE ( 'NONE', #3157, #594, #4853, .T. ) ;
#6250 = AXIS2_PLACEMENT_3D ( 'NONE', #7858, #2779, #8719 ) ;
#6251 = DIRECTION ( 'NONE',  ( 1.000000000000000000, 0.0000000000000000000, 0.0000000000000000000 ) ) ;
#6252 = ORIENTED_EDGE ( 'NONE', *, *, #674, .T. ) ;
#6253 = FACE_OUTER_BOUND ( 'NONE', #5528, .T. ) ;
#6254 = ADVANCED_FACE ( 'F41', ( #9077 ), #8045, .T. ) ;
#6255 = AXIS2_PLACEMENT_3D ( 'NONE', #10134, #6694, #5869 ) ;
#6256 = ORIENTED_EDGE ( 'NONE', *, *, #4282, .T. ) ;
#6257 = CARTESIAN_POINT ( 'NONE',  ( -51.52238325557900100, -12.96414068555866600, 11.42058214781100000 ) ) ;
#6258 = CARTESIAN_POINT ( 'NONE',  ( -42.12238325557901000, -4.501771808586961600, 7.267148744758650000 ) ) ;
#6259 = ORIENTED_EDGE ( 'NONE', *, *, #293, .T. ) ;
#6260 = DIRECTION ( 'NONE',  ( 0.0000000000000000000, -0.9063077870366346200, 0.4226182617407321900 ) ) ;
#6261 = ORIENTED_EDGE ( 'NONE', *, *, #5815, .F. ) ;
#6262 = FACE_OUTER_BOUND ( 'NONE', #2644, .T. ) ;
#6264 = CARTESIAN_POINT ( 'NONE',  ( -51.32238325557908400, -10.21439149775214100, 7.909912056003283200 ) ) ;
#6263 = CARTESIAN_POINT ( 'NONE',  ( -53.12238325557899500, -6.796357142760499800, 5.331554563858500000 ) ) ;
#6265 = VERTEX_POINT ( 'NONE', #8900 ) ;
#6266 = DIRECTION ( 'NONE',  ( -0.0000000000000000000, 0.7660444431190051000, 0.6427876096865070600 ) ) ;
#6267 = DIRECTION ( 'NONE',  ( 0.0000000000000000000, 0.0000000000000000000, -1.000000000000000000 ) ) ;
#6268 = STYLED_ITEM ( 'NONE', ( #5790 ), #7619 ) ;
#6269 = DIRECTION ( 'NONE',  ( 5.500510726409449900E-013, -0.7660444431191824100, -0.6427876096862956700 ) ) ;
#6270 = ORIENTED_EDGE ( 'NONE', *, *, #74, .F. ) ;
#6271 = LINE ( 'NONE', #5299, #4049 ) ;
#6272 = VECTOR ( 'NONE', #4361, 1000.000000000000000 ) ;
#6273 = DIRECTION ( 'NONE',  ( 0.0000000000000000000, -0.7660444431194076700, -0.6427876096860272200 ) ) ;
#6274 = VECTOR ( 'NONE', #10683, 1000.000000000000000 ) ;
#6275 = CARTESIAN_POINT ( 'NONE',  ( -32.62238325557900300, -8.990411361333999100, 12.10802182636300000 ) ) ;
#6276 =( LENGTH_UNIT ( ) NAMED_UNIT ( * ) SI_UNIT ( .MILLI., .METRE. ) );
#6277 = LINE ( 'NONE', #9497, #7730 ) ;
#6278 = VERTEX_POINT ( 'NONE', #6383 ) ;
#6279 = LINE ( 'NONE', #9963, #3240 ) ;
#6280 = VERTEX_POINT ( 'NONE', #399 ) ;
#6281 = CARTESIAN_POINT ( 'NONE',  ( -51.32238325557899800, -9.663627447994951300, 8.534723844679835000 ) ) ;
#6282 = UNCERTAINTY_MEASURE_WITH_UNIT (LENGTH_MEASURE( 1.000000000000000100E-005 ), #6151, 'distance_accuracy_value', 'NONE');
#6283 = PLANE ( 'NONE',  #50 ) ;
#6284 = FILL_AREA_STYLE_COLOUR ( '', #10402 ) ;
#6285 = FACE_OUTER_BOUND ( 'NONE', #9992, .T. ) ;
#6286 = CARTESIAN_POINT ( 'NONE',  ( -40.34738325557900400, -9.363356713909400500, 1.523994390457100100 ) ) ;
#6287 = AXIS2_PLACEMENT_3D ( 'NONE', #7012, #10467, #5356 ) ;
#6288 = EDGE_CURVE ( 'NONE', #5340, #11063, #8810, .T. ) ;
#6289 = VECTOR ( 'NONE', #1048, 1000.000000000000200 ) ;
#6290 = ORIENTED_EDGE ( 'NONE', *, *, #2755, .T. ) ;
#6291 = COLOUR_RGB ( '',1.000000000000000000, 0.3294117647058823500, 0.0000000000000000000 ) ;
#6292 = CARTESIAN_POINT ( 'NONE',  ( -49.62238325557883900, -1.512884059966504100, 6.966126703227002000 ) ) ;
#6293 = EDGE_CURVE ( 'NONE', #1950, #6500, #4590, .T. ) ;
#6294 = LINE ( 'NONE', #5369, #10578 ) ;
#6295 = FACE_OUTER_BOUND ( 'NONE', #9227, .T. ) ;
#6296 = CARTESIAN_POINT ( 'NONE',  ( -39.42238325557900000, -18.19004867136099400, 8.232886555953705000 ) ) ;
#6297 = CARTESIAN_POINT ( 'NONE',  ( -47.57238325557931800, -12.45884666412898200, 11.32058214781095800 ) ) ;
#6298 = CARTESIAN_POINT ( 'NONE',  ( -53.12238325557899500, -9.697955934062736800, 10.70899767273413700 ) ) ;
#6299 = AXIS2_PLACEMENT_3D ( 'NONE', #5628, #5616, #5590 ) ;
#6301 = CARTESIAN_POINT ( 'NONE',  ( -49.62238325557952800, -12.71488887246485100, 15.22070711199345400 ) ) ;
#6300 = DIRECTION ( 'NONE',  ( 0.0000000000000000000, -0.4226182617407026600, -0.9063077870366483800 ) ) ;
#6302 = ORIENTED_EDGE ( 'NONE', *, *, #7329, .F. ) ;
#6303 = LINE ( 'NONE', #1342, #10857 ) ;
#6304 = ORIENTED_EDGE ( 'NONE', *, *, #11101, .F. ) ;
#6305 = CARTESIAN_POINT ( 'NONE',  ( -53.12238325557899500, -13.48864023429700000, 8.368249784179601700 ) ) ;
#6306 = MECHANICAL_DESIGN_GEOMETRIC_PRESENTATION_REPRESENTATION (  '', ( #5178 ), #6870 ) ;
#6307 = CARTESIAN_POINT ( 'NONE',  ( -52.76238325557899600, -9.518847073074098800, 11.42058214781100000 ) ) ;
#6308 = FACE_OUTER_BOUND ( 'NONE', #3959, .T. ) ;
#6309 = VECTOR ( 'NONE', #3420, 1000.000000000000100 ) ;
#6310 = CONICAL_SURFACE ( 'NONE', #7611, 1.074999999999076900, 0.7853981633974230800 ) ;
#6311 = DIRECTION ( 'NONE',  ( 1.109796496365873200E-014, 0.7660444431189468200, 0.6427876096865765600 ) ) ;
#6312 = CARTESIAN_POINT ( 'NONE',  ( -51.32238325557899800, -13.45884666412900000, 11.32058214908321900 ) ) ;
#6313 = ADVANCED_FACE ( 'F42', ( #4322 ), #8542, .F. ) ;
#6314 = CARTESIAN_POINT ( 'NONE',  ( -51.32238325557899800, -4.321185518616925200, 7.985368675092303200 ) ) ;
#6315 = EDGE_CURVE ( 'NONE', #7297, #5716, #2303, .T. ) ;
#6316 = EDGE_CURVE ( 'NONE', #8828, #6783, #10831, .T. ) ;
#6317 = ORIENTED_EDGE ( 'NONE', *, *, #7955, .T. ) ;
#6318 = VECTOR ( 'NONE', #7652, 1000.000000000000000 ) ;
#6319 = ORIENTED_EDGE ( 'NONE', *, *, #7805, .T. ) ;
#6320 = DIRECTION ( 'NONE',  ( 3.936673889768590700E-013, -0.4226182617410039800, -0.9063077870365079400 ) ) ;
#6321 = LINE ( 'NONE', #8355, #1533 ) ;
#6322 = ORIENTED_EDGE ( 'NONE', *, *, #6519, .T. ) ;
#6323 = ORIENTED_EDGE ( 'NONE', *, *, #10238, .F. ) ;
#6324 = LINE ( 'NONE', #6993, #2072 ) ;
#6325 = EDGE_CURVE ( 'NONE', #4607, #2302, #11091, .T. ) ;
#6326 = PRESENTATION_LAYER_ASSIGNMENT (  '', '', ( #5759 ) ) ;
#6327 = FILL_AREA_STYLE_COLOUR ( '', #5382 ) ;
#6328 = ORIENTED_EDGE ( 'NONE', *, *, #10469, .F. ) ;
#6329 = VECTOR ( 'NONE', #323, 1000.000000000000000 ) ;
#6330 = CARTESIAN_POINT ( 'NONE',  ( -51.32238325557934600, -12.18780592726424800, 9.828452336869881700 ) ) ;
#6331 = ORIENTED_EDGE ( 'NONE', *, *, #4986, .F. ) ;
#6332 =( NAMED_UNIT ( * ) SI_UNIT ( $, .STERADIAN. ) SOLID_ANGLE_UNIT ( ) );
#6333 = LINE ( 'NONE', #7228, #8590 ) ;
#6334 = DIRECTION ( 'NONE',  ( -0.0000000000000000000, -0.4226182617405287400, -0.9063077870367294300 ) ) ;
#6335 = DIRECTION ( 'NONE',  ( -0.0000000000000000000, 0.9063077870366583700, -0.4226182617406811800 ) ) ;
#6336 = CARTESIAN_POINT ( 'NONE',  ( -36.92238325557900000, -19.92278354449794300, 4.517024629103537400 ) ) ;
#6337 = ORIENTED_EDGE ( 'NONE', *, *, #2407, .F. ) ;
#6338 = FILL_AREA_STYLE_COLOUR ( '', #4755 ) ;
#6339 = ORIENTED_EDGE ( 'NONE', *, *, #8529, .F. ) ;
#6341 = AXIS2_PLACEMENT_3D ( 'NONE', #639, #6627, #1532 ) ;
#6340 = FACE_OUTER_BOUND ( 'NONE', #916, .T. ) ;
#6342 = LINE ( 'NONE', #2317, #8599 ) ;
#6343 = EDGE_LOOP ( 'NONE', ( #2390, #3164, #10509, #2556 ) ) ;
#6344 = DIRECTION ( 'NONE',  ( -0.0000000000000000000, -0.9063077870367199900, 0.4226182617405492300 ) ) ;
#6345 = VECTOR ( 'NONE', #908, 1000.000000000000100 ) ;
#6347 = CARTESIAN_POINT ( 'NONE',  ( -52.76238325557899600, -9.518847073074098800, 11.42058214781100000 ) ) ;
#6346 = CARTESIAN_POINT ( 'NONE',  ( -47.37238325557900300, -10.34694469202697300, 2.810182436344257800 ) ) ;
#6348 = ORIENTED_EDGE ( 'NONE', *, *, #838, .T. ) ;
#6349 = VECTOR ( 'NONE', #2280, 1000.000000000000100 ) ;
#6350 = DIRECTION ( 'NONE',  ( 7.836868409121039300E-013, 1.000000000000000000, 0.0000000000000000000 ) ) ;
#6351 = ORIENTED_EDGE ( 'NONE', *, *, #9358, .F. ) ;
#6352 = CARTESIAN_POINT ( 'NONE',  ( -40.42238325557893600, -11.03026078365668800, 4.894222633151811100 ) ) ;
#6353 = AXIS2_PLACEMENT_3D ( 'NONE', #9065, #9105, #9140 ) ;
#6354 = VECTOR ( 'NONE', #10159, 999.9999999999998900 ) ;
#6355 =( NAMED_UNIT ( * ) PLANE_ANGLE_UNIT ( ) SI_UNIT ( $, .RADIAN. ) );
#6356 = FILL_AREA_STYLE_COLOUR ( '', #3024 ) ;
#6357 = ORIENTED_EDGE ( 'NONE', *, *, #2051, .T. ) ;
#6358 = EDGE_LOOP ( 'NONE', ( #9412, #7577, #282, #9031 ) ) ;
#6359 = CARTESIAN_POINT ( 'NONE',  ( -37.32238325557826600, -3.218624922819057800, 3.899704014034861100 ) ) ;
#6360 = UNCERTAINTY_MEASURE_WITH_UNIT (LENGTH_MEASURE( 1.000000000000000100E-005 ), #7277, 'distance_accuracy_value', 'NONE');
#6361 = AXIS2_PLACEMENT_3D ( 'NONE', #8284, #3217, #9144 ) ;
#6362 = ORIENTED_EDGE ( 'NONE', *, *, #2413, .F. ) ;
#6363 = VERTEX_POINT ( 'NONE', #8980 ) ;
#6364 = CARTESIAN_POINT ( 'NONE',  ( -33.32238325557899800, -4.409896599439550300, -2.440908873729300300 ) ) ;
#6365 = DIRECTION ( 'NONE',  ( 2.262195452427813900E-012, 0.4226182617409298700, 0.9063077870365425800 ) ) ;
#6366 = CARTESIAN_POINT ( 'NONE',  ( -36.24988325557900000, -6.472792438628201400, -5.616631942047599900 ) ) ;
#6367 = CARTESIAN_POINT ( 'NONE',  ( -32.67238325557900000, -12.84619292682499700, 1.768845189936002700 ) ) ;
#6368 = CARTESIAN_POINT ( 'NONE',  ( -32.62238325557900300, -5.594505487807925400, 8.569418032718953500 ) ) ;
#6369 = VERTEX_POINT ( 'NONE', #5572 ) ;
#6370 =( LENGTH_UNIT ( ) NAMED_UNIT ( * ) SI_UNIT ( .MILLI., .METRE. ) );
#6371 = CARTESIAN_POINT ( 'NONE',  ( -37.32238325557876400, -2.040424799670665500, 3.350300273772262900 ) ) ;
#6372 = ADVANCED_FACE ( 'F206', ( #1766 ), #9861, .T. ) ;
#6373 = VERTEX_POINT ( 'NONE', #4775 ) ;
#6374 = DIRECTION ( 'NONE',  ( 0.0000000000000000000, 0.4226182617409957000, 0.9063077870365118200 ) ) ;
#6375 = ORIENTED_EDGE ( 'NONE', *, *, #5884, .F. ) ;
#6376 = CARTESIAN_POINT ( 'NONE',  ( -33.32238325557899800, -21.01035288894199800, 5.024166543192300200 ) ) ;
#6377 = ORIENTED_EDGE ( 'NONE', *, *, #738, .F. ) ;
#6378 =( NAMED_UNIT ( * ) SI_UNIT ( $, .STERADIAN. ) SOLID_ANGLE_UNIT ( ) );
#6379 = SURFACE_SIDE_STYLE ('',( #10069 ) ) ;
#6380 = LINE ( 'NONE', #9859, #4147 ) ;
#6381 = CARTESIAN_POINT ( 'NONE',  ( -54.32238325557899800, -7.936021882540400100, 18.72016238453100100 ) ) ;
#6382 = ORIENTED_EDGE ( 'NONE', *, *, #1839, .T. ) ;
#6384 = CARTESIAN_POINT ( 'NONE',  ( -51.32238325557894100, -4.501192617941971000, 8.744536118195300700 ) ) ;
#6383 = CARTESIAN_POINT ( 'NONE',  ( -30.12238325557900600, -17.37773186200788100, 3.881936498639381400 ) ) ;
#6385 = EDGE_CURVE ( 'NONE', #513, #10004, #8276, .T. ) ;
#6386 = PLANE ( 'NONE',  #1943 ) ;
#6387 = EDGE_CURVE ( 'NONE', #10013, #10060, #6010, .T. ) ;
#6388 = CARTESIAN_POINT ( 'NONE',  ( -41.42238325557906400, -5.584830148717705900, 9.491321708714830100 ) ) ;
#6389 = EDGE_LOOP ( 'NONE', ( #3735, #10411, #3692, #8110 ) ) ;
#6390 = CARTESIAN_POINT ( 'NONE',  ( -41.42238325557912800, -5.134878821937332900, 8.955090598531770100 ) ) ;
#6391 = ORIENTED_EDGE ( 'NONE', *, *, #7651, .T. ) ;
#6392 = LINE ( 'NONE', #8769, #1873 ) ;
#6393 = ORIENTED_EDGE ( 'NONE', *, *, #5047, .T. ) ;
#6394 = EDGE_CURVE ( 'NONE', #10539, #1192, #3796, .T. ) ;
#6395 = PLANE ( 'NONE',  #7407 ) ;
#6396 = STYLED_ITEM ( 'NONE', ( #3348 ), #3665 ) ;
#6397 = ORIENTED_EDGE ( 'NONE', *, *, #4368, .F. ) ;
#6398 = DIRECTION ( 'NONE',  ( -0.08662961636484167700, 0.6403711063589829800, -0.7631645665969121200 ) ) ;
#6399 = DIRECTION ( 'NONE',  ( 1.000000000000000000, 0.0000000000000000000, 0.0000000000000000000 ) ) ;
#6400 = ORIENTED_EDGE ( 'NONE', *, *, #2425, .T. ) ;
#6401 = ORIENTED_EDGE ( 'NONE', *, *, #10634, .F. ) ;
#6402 = EDGE_CURVE ( 'NONE', #5199, #4661, #10292, .T. ) ;
#6403 = EDGE_LOOP ( 'NONE', ( #16, #2377, #3795, #9417, #5331, #6449 ) ) ;
#6404 = CARTESIAN_POINT ( 'NONE',  ( -36.67238325557900700, -6.045524325069799900, 2.569801848628300100 ) ) ;
#6405 = DIRECTION ( 'NONE',  ( 0.0000000000000000000, 0.9063077870365118200, -0.4226182617409957000 ) ) ;
#6406 = CARTESIAN_POINT ( 'NONE',  ( -32.02238325557899400, -19.58000647323202900, 4.967475480784014700 ) ) ;
#6407 = EDGE_CURVE ( 'NONE', #10130, #7536, #5757, .T. ) ;
#6408 = SURFACE_STYLE_USAGE ( .BOTH. , #6428 ) ;
#6409 = ORIENTED_EDGE ( 'NONE', *, *, #3019, .T. ) ;
#6410 = CARTESIAN_POINT ( 'NONE',  ( -33.92238325557900000, -18.26333418762709100, 10.91516715893090300 ) ) ;
#6411 = AXIS2_PLACEMENT_3D ( 'NONE', #8212, #3137, #10770 ) ;
#6412 = ORIENTED_EDGE ( 'NONE', *, *, #6512, .F. ) ;
#6413 = CIRCLE ( 'NONE', #7949, 1.075000000000715800 ) ;
#6414 = CARTESIAN_POINT ( 'NONE',  ( -51.32238325557871400, -9.336446514473520300, 7.580024512671737800 ) ) ;
#6415 = CARTESIAN_POINT ( 'NONE',  ( -39.82238325557899100, -6.687244424273286500, 9.871693586019025800 ) ) ;
#6416 = CARTESIAN_POINT ( 'NONE',  ( -52.82238325557902000, -14.95347226907864700, 13.23357591524392000 ) ) ;
#6417 = FILL_AREA_STYLE_COLOUR ( '', #3304 ) ;
#6418 = ORIENTED_EDGE ( 'NONE', *, *, #8931, .T. ) ;
#6419 = VERTEX_POINT ( 'NONE', #8200 ) ;
#6420 = EDGE_CURVE ( 'NONE', #10611, #8772, #7733, .T. ) ;
#6421 = CARTESIAN_POINT ( 'NONE',  ( -51.32238325557899800, -5.754627621451999400, 9.849250839545801400 ) ) ;
#6422 = VECTOR ( 'NONE', #9141, 1000.000000000000000 ) ;
#6423 = DIRECTION ( 'NONE',  ( 0.0000000000000000000, -1.000000000000000000, -7.502679033599687700E-013 ) ) ;
#6424 = ADVANCED_FACE ( 'F92', ( #1224 ), #7364, .T. ) ;
#6425 = CARTESIAN_POINT ( 'NONE',  ( -39.42238325557900000, -17.74764485560999800, 3.502740800925800500 ) ) ;
#6426 = LINE ( 'NONE', #10747, #4193 ) ;
#6427 = ORIENTED_EDGE ( 'NONE', *, *, #4412, .T. ) ;
#6428 = SURFACE_SIDE_STYLE ('',( #10155 ) ) ;
#6429 = CARTESIAN_POINT ( 'NONE',  ( -40.42238325557901400, -13.06586805311106200, 4.078037221554629000 ) ) ;
#6430 = LINE ( 'NONE', #10952, #10708 ) ;
#6431 = DIRECTION ( 'NONE',  ( -0.0000000000000000000, 0.4226182617406951100, 0.9063077870366520500 ) ) ;
#6432 = ORIENTED_EDGE ( 'NONE', *, *, #10420, .F. ) ;
#6433 = CARTESIAN_POINT ( 'NONE',  ( -49.57238325557899800, -7.725610139289599900, 14.93870687926300000 ) ) ;
#6434 = AXIS2_PLACEMENT_3D ( 'NONE', #8428, #9589, #9676 ) ;
#6435 = ORIENTED_EDGE ( 'NONE', *, *, #7303, .F. ) ;
#6436 = VECTOR ( 'NONE', #9294, 1000.000000000000000 ) ;
#6437 = PLANE ( 'NONE',  #10012 ) ;
#6438 = ORIENTED_EDGE ( 'NONE', *, *, #3131, .T. ) ;
#6439 = DIRECTION ( 'NONE',  ( -0.0000000000000000000, 0.4226182617406761300, 0.9063077870366609300 ) ) ;
#6440 = VECTOR ( 'NONE', #3833, 1000.000000000000100 ) ;
#6441 = SURFACE_SIDE_STYLE ('',( #7398 ) ) ;
#6442 = TOROIDAL_SURFACE ( 'NONE', #2879, 1.075000000000699200, 0.09999999999996646300 ) ;
#6443 = STYLED_ITEM ( 'NONE', ( #5565 ), #9850 ) ;
#6444 = FILL_AREA_STYLE ('',( #6593 ) ) ;
#6445 = CARTESIAN_POINT ( 'NONE',  ( -28.92238325557900300, -11.70640637255642100, 3.444109828943513000 ) ) ;
#6446 = ORIENTED_EDGE ( 'NONE', *, *, #2041, .F. ) ;
#6447 = LINE ( 'NONE', #7056, #8432 ) ;
#6448 = EDGE_CURVE ( 'NONE', #4001, #86, #6279, .T. ) ;
#6449 = ORIENTED_EDGE ( 'NONE', *, *, #5695, .T. ) ;
#6450 = EDGE_CURVE ( 'NONE', #1847, #7788, #947, .T. ) ;
#6451 = DIRECTION ( 'NONE',  ( 2.995289201854216400E-012, -1.000000000000000000, 0.0000000000000000000 ) ) ;
#6452 = DIRECTION ( 'NONE',  ( -0.0000000000000000000, 1.000000000000000000, -0.0000000000000000000 ) ) ;
#6453 = VECTOR ( 'NONE', #5791, 1000.000000000000100 ) ;
#6455 = PLANE ( 'NONE',  #5479 ) ;
#6454 = DIRECTION ( 'NONE',  ( 0.0000000000000000000, -0.9961946980917514300, -0.08715574274759076100 ) ) ;
#6456 = DIRECTION ( 'NONE',  ( -1.000000000000000000, -0.0000000000000000000, -0.0000000000000000000 ) ) ;
#6457 = ORIENTED_EDGE ( 'NONE', *, *, #1905, .T. ) ;
#6458 = VECTOR ( 'NONE', #5713, 1000.000000000000000 ) ;
#6459 = CYLINDRICAL_SURFACE ( 'NONE', #2416, 0.5249999999999077600 ) ;
#6460 = VERTEX_POINT ( 'NONE', #6566 ) ;
#6461 = LINE ( 'NONE', #6711, #2212 ) ;
#6462 = CARTESIAN_POINT ( 'NONE',  ( -47.37238325557901000, -4.186769726270999700, 7.825178177600300900 ) ) ;
#6463 = EDGE_CURVE ( 'NONE', #4308, #979, #10024, .T. ) ;
#6464 = PLANE ( 'NONE',  #9135 ) ;
#6465 = EDGE_CURVE ( 'NONE', #4110, #6224, #2343, .T. ) ;
#6466 = DIRECTION ( 'NONE',  ( 1.000000000000000000, -0.0000000000000000000, -0.0000000000000000000 ) ) ;
#6467 = B_SPLINE_CURVE_WITH_KNOTS ( 'NONE', 3,
 ( #10247, #9344, #9381, #9193 ),
 .UNSPECIFIED., .F., .F.,
 ( 4, 4 ),
 ( 0.0000000000000000000, 1.000000000000000000 ),
 .UNSPECIFIED. ) ;
#6468 = ORIENTED_EDGE ( 'NONE', *, *, #2697, .F. ) ;
#6469 = VECTOR ( 'NONE', #6040, 1000.000000000000100 ) ;
#6470 = DIRECTION ( 'NONE',  ( 0.9962405881956830600, 0.05568444403121550900, -0.06636213622581835200 ) ) ;
#6471 = CIRCLE ( 'NONE', #9110, 0.9585526315786250300 ) ;
#6472 = ORIENTED_EDGE ( 'NONE', *, *, #8163, .F. ) ;
#6473 = FILL_AREA_STYLE ('',( #5619 ) ) ;
#6474 = DIRECTION ( 'NONE',  ( -1.000000000000000000, 0.0000000000000000000, 0.0000000000000000000 ) ) ;
#6475 = EDGE_CURVE ( 'NONE', #2502, #3484, #9767, .T. ) ;
#6476 = PRESENTATION_LAYER_ASSIGNMENT (  '', '', ( #5333 ) ) ;
#6477 = ADVANCED_FACE ( 'F90', ( #4976 ), #2364, .T. ) ;
#6478 = AXIS2_PLACEMENT_3D ( 'NONE', #9812, #4724, #10670 ) ;
#6479 = DIRECTION ( 'NONE',  ( 0.0000000000000000000, 0.9063077870366461600, -0.4226182617407077100 ) ) ;
#6480 = ORIENTED_EDGE ( 'NONE', *, *, #7870, .F. ) ;
#6481 = PLANE ( 'NONE',  #5738 ) ;
#6482 = DIRECTION ( 'NONE',  ( 1.129040364025541300E-013, -1.000000000000000000, -8.820627843949541100E-016 ) ) ;
#6483 = FACE_OUTER_BOUND ( 'NONE', #1879, .T. ) ;
#6484 = ADVANCED_FACE ( 'F89', ( #7198 ), #10895, .T. ) ;
#6485 = ORIENTED_EDGE ( 'NONE', *, *, #3690, .F. ) ;
#6486 = DIRECTION ( 'NONE',  ( 1.547757157405386900E-013, 0.9396926207862444900, 0.3420201433247457300 ) ) ;
#6487 = LINE ( 'NONE', #1249, #2231 ) ;
#6488 = DIRECTION ( 'NONE',  ( -0.0000000000000000000, -0.9063077870366440500, 0.4226182617407119900 ) ) ;
#6489 = B_SPLINE_CURVE_WITH_KNOTS ( 'NONE', 3,
 ( #8519, #9386, #4317, #10252, #5154, #1, #5991, #886, #6850, #1760 ),
 .UNSPECIFIED., .F., .F.,
 ( 4, 2, 2, 2, 4 ),
 ( 0.0000000000000000000, 0.2259245142129640800, 0.4518490284259281700, 0.6777735426388922200, 0.9036980568518563400 ),
 .UNSPECIFIED. ) ;
#6490 = ORIENTED_EDGE ( 'NONE', *, *, #3576, .F. ) ;
#6491 = DIRECTION ( 'NONE',  ( 0.0000000000000000000, 0.9063077870366160700, -0.4226182617407723800 ) ) ;
#6492 = CARTESIAN_POINT ( 'NONE',  ( -32.62238325557900300, -6.227617758401801300, 10.25736615183100000 ) ) ;
#6493 = UNCERTAINTY_MEASURE_WITH_UNIT (LENGTH_MEASURE( 1.000000000000000100E-005 ), #8544, 'distance_accuracy_value', 'NONE');
#6494 = AXIS2_PLACEMENT_3D ( 'NONE', #51, #3535, #9471 ) ;
#6495 = PLANE ( 'NONE',  #596 ) ;
#6496 = LINE ( 'NONE', #7994, #8481 ) ;
#6497 = UNCERTAINTY_MEASURE_WITH_UNIT (LENGTH_MEASURE( 1.000000000000000100E-005 ), #2237, 'distance_accuracy_value', 'NONE');
#6498 = ORIENTED_EDGE ( 'NONE', *, *, #2984, .T. ) ;
#6499 = FILL_AREA_STYLE ('',( #8903 ) ) ;
#6500 = VERTEX_POINT ( 'NONE', #5780 ) ;
#6501 = CARTESIAN_POINT ( 'NONE',  ( -41.52238325557900800, -8.304165767440997200, 7.900796452069243100 ) ) ;
#6502 = CARTESIAN_POINT ( 'NONE',  ( -32.02238325557899400, -6.208897088501019300, -1.326176688914739900 ) ) ;
#6503 = ORIENTED_EDGE ( 'NONE', *, *, #6288, .T. ) ;
#6504 = DIRECTION ( 'NONE',  ( 1.000000000000000000, 0.0000000000000000000, 0.0000000000000000000 ) ) ;
#6505 = AXIS2_PLACEMENT_3D ( 'NONE', #6506, #6836, #640 ) ;
#6506 = CARTESIAN_POINT ( 'NONE',  ( -37.32238325557845800, -3.345410401341229400, 3.627811677923728200 ) ) ;
#6507 = ORIENTED_EDGE ( 'NONE', *, *, #7213, .T. ) ;
#6508 = CARTESIAN_POINT ( 'NONE',  ( -29.82238325557900200, -6.880317406586300400, 1.193667585174299900 ) ) ;
#6509 = CARTESIAN_POINT ( 'NONE',  ( -43.47238325557899700, -3.699874156541743500, -3.047842256055127000 ) ) ;
#6510 = AXIS2_PLACEMENT_3D ( 'NONE', #8337, #5806, #687 ) ;
#6511 = VERTEX_POINT ( 'NONE', #4950 ) ;
#6512 = EDGE_CURVE ( 'NONE', #1333, #6871, #665, .T. ) ;
#6513 = DIRECTION ( 'NONE',  ( 1.000000000000000000, 0.0000000000000000000, 0.0000000000000000000 ) ) ;
#6514 = UNCERTAINTY_MEASURE_WITH_UNIT (LENGTH_MEASURE( 1.000000000000000100E-005 ), #7305, 'distance_accuracy_value', 'NONE');
#6515 = EDGE_CURVE ( 'NONE', #4287, #5581, #401, .T. ) ;
#6516 = ORIENTED_EDGE ( 'NONE', *, *, #6143, .F. ) ;
#6517 = ORIENTED_EDGE ( 'NONE', *, *, #1047, .F. ) ;
#6518 = PRESENTATION_LAYER_ASSIGNMENT (  '', '', ( #5378 ) ) ;
#6519 = EDGE_CURVE ( 'NONE', #7634, #2654, #5228, .T. ) ;
#6520 =( GEOMETRIC_REPRESENTATION_CONTEXT ( 3 ) GLOBAL_UNCERTAINTY_ASSIGNED_CONTEXT ( ( #10637 ) ) GLOBAL_UNIT_ASSIGNED_CONTEXT ( ( #5527, #393, #6378 ) ) REPRESENTATION_CONTEXT ( 'NONE', 'WORKASPACE' ) );
#6521 = CARTESIAN_POINT ( 'NONE',  ( -40.40687423694200200, -7.898358000850000100, 8.748511412981699200 ) ) ;
#6522 = ORIENTED_EDGE ( 'NONE', *, *, #1182, .F. ) ;
#6523 = CARTESIAN_POINT ( 'NONE',  ( -53.12238325557945700, -11.82569358225205400, 9.044347730077504400 ) ) ;
#6524 = EDGE_LOOP ( 'NONE', ( #8149, #8870, #9188, #9377 ) ) ;
#6525 = EDGE_LOOP ( 'NONE', ( #4321, #5425, #10135, #2455 ) ) ;
#6526 = LINE ( 'NONE', #763, #6782 ) ;
#6527 = ADVANCED_FACE ( 'F248', ( #6929 ), #7505, .T. ) ;
#6528 = DIRECTION ( 'NONE',  ( -1.000000000000000000, 0.0000000000000000000, 0.0000000000000000000 ) ) ;
#6529 = VERTEX_POINT ( 'NONE', #5813 ) ;
#6530 = EDGE_CURVE ( 'NONE', #505, #7546, #119, .T. ) ;
#6531 = VERTEX_POINT ( 'NONE', #10111 ) ;
#6532 = EDGE_CURVE ( 'NONE', #10523, #10511, #2423, .T. ) ;
#6533 = ORIENTED_EDGE ( 'NONE', *, *, #6948, .F. ) ;
#6534 = ADVANCED_FACE ( 'F289', ( #8939 ), #9236, .T. ) ;
#6535 = ORIENTED_EDGE ( 'NONE', *, *, #7905, .F. ) ;
#6536 = DIRECTION ( 'NONE',  ( 0.0000000000000000000, -0.9063077870369458100, 0.4226182617400650600 ) ) ;
#6537 = EDGE_CURVE ( 'NONE', #82, #2221, #1359, .T. ) ;
#6538 = CIRCLE ( 'NONE', #4917, 7.749999999991635100 ) ;
#6539 = DIRECTION ( 'NONE',  ( -0.08662961636490680600, -0.6403711063590756800, 0.7631645665968268500 ) ) ;
#6540 = LINE ( 'NONE', #4393, #4302 ) ;
#6541 = AXIS2_PLACEMENT_3D ( 'NONE', #6666, #1577, #7502 ) ;
#6542 = VERTEX_POINT ( 'NONE', #730 ) ;
#6543 = DIRECTION ( 'NONE',  ( -1.000000000000000000, 0.0000000000000000000, 0.0000000000000000000 ) ) ;
#6544 = DIRECTION ( 'NONE',  ( 1.033258821937390900E-014, 0.4226182617407039900, 0.9063077870366478300 ) ) ;
#6545 = CARTESIAN_POINT ( 'NONE',  ( -33.92238325557900000, -11.24152628464174900, 4.441048394683848600 ) ) ;
#6546 = CARTESIAN_POINT ( 'NONE',  ( -43.12238325557942200, -4.501771808586966900, 7.267148744758657100 ) ) ;
#6547 = ORIENTED_EDGE ( 'NONE', *, *, #7241, .T. ) ;
#6548 = CIRCLE ( 'NONE', #3152, 0.8500000000001509700 ) ;
#6549 = DIRECTION ( 'NONE',  ( 0.0000000000000000000, 0.9063077870366538200, -0.4226182617406910600 ) ) ;
#6550 = FACE_OUTER_BOUND ( 'NONE', #487, .T. ) ;
#6551 = LINE ( 'NONE', #9872, #1756 ) ;
#6552 = CARTESIAN_POINT ( 'NONE',  ( -37.32238325557862900, -16.85550355454243700, 10.14834716144143000 ) ) ;
#6553 = EDGE_CURVE ( 'NONE', #3185, #9090, #3646, .T. ) ;
#6554 = PRESENTATION_LAYER_ASSIGNMENT (  '', '', ( #5977 ) ) ;
#6555 = CARTESIAN_POINT ( 'NONE',  ( -51.32238325557899800, -10.57205257277455600, 5.876739402879981500 ) ) ;
#6556 = CARTESIAN_POINT ( 'NONE',  ( -41.83292810458900100, -9.440392875807599900, 1.559916942704999900 ) ) ;
#6557 = LINE ( 'NONE', #37, #3793 ) ;
#6558 = ORIENTED_EDGE ( 'NONE', *, *, #3252, .T. ) ;
#6559 = VECTOR ( 'NONE', #8080, 1000.000000000000100 ) ;
#6560 = CARTESIAN_POINT ( 'NONE',  ( -37.65679556040884500, -20.67102390926931600, 1.004112124969740000 ) ) ;
#6561 = PRESENTATION_STYLE_ASSIGNMENT (( #8522 ) ) ;
#6562 = VECTOR ( 'NONE', #1685, 1000.000000000000000 ) ;
#6563 = CARTESIAN_POINT ( 'NONE',  ( -28.92238325557900000, -15.03244083274198100, 4.995065169015539700 ) ) ;
#6564 = DIRECTION ( 'NONE',  ( -0.0000000000000000000, 0.9063077870366471600, -0.4226182617407056000 ) ) ;
#6565 = DIRECTION ( 'NONE',  ( 3.426078865058958500E-013, 0.0000000000000000000, 1.000000000000000000 ) ) ;
#6566 = CARTESIAN_POINT ( 'NONE',  ( -51.32238325557892000, -11.44076012357505200, 9.802190875056897600 ) ) ;
#6567 = STYLED_ITEM ( 'NONE', ( #155 ), #12 ) ;
#6568 = ORIENTED_EDGE ( 'NONE', *, *, #775, .F. ) ;
#6569 = CIRCLE ( 'NONE', #8326, 0.1999999999999866300 ) ;
#6570 = FACE_OUTER_BOUND ( 'NONE', #367, .T. ) ;
#6571 = MECHANICAL_DESIGN_GEOMETRIC_PRESENTATION_REPRESENTATION (  '', ( #4888 ), #7128 ) ;
#6572 = DIRECTION ( 'NONE',  ( -0.0000000000000000000, 0.8191520442893638300, 0.5735764363505148100 ) ) ;
#6573 = CARTESIAN_POINT ( 'NONE',  ( -43.92238325557900000, -21.82602989727505600, 5.404522978758963700 ) ) ;
#6574 = VERTEX_POINT ( 'NONE', #5085 ) ;
#6575 = FACE_BOUND ( 'NONE', #2009, .T. ) ;
#6576 = CARTESIAN_POINT ( 'NONE',  ( -41.22238325557899700, -4.501771808586960700, 7.267148744758650000 ) ) ;
#6577 = ORIENTED_EDGE ( 'NONE', *, *, #2252, .F. ) ;
#6578 = SURFACE_SIDE_STYLE ('',( #842 ) ) ;
#6579 = LINE ( 'NONE', #582, #8560 ) ;
#6580 = LINE ( 'NONE', #11033, #10862 ) ;
#6581 = DIRECTION ( 'NONE',  ( 1.000000000000000000, 0.0000000000000000000, 0.0000000000000000000 ) ) ;
#6582 = DIRECTION ( 'NONE',  ( -0.0000000000000000000, -0.9063077870366502700, 0.4226182617406988900 ) ) ;
#6583 = LINE ( 'NONE', #1217, #4347 ) ;
#6584 = CARTESIAN_POINT ( 'NONE',  ( -39.92238325557900000, -12.17812567429900000, 5.153636342444799300 ) ) ;
#6585 = ADVANCED_FACE ( 'F151', ( #1080 ), #7583, .T. ) ;
#6586 = ORIENTED_EDGE ( 'NONE', *, *, #5054, .T. ) ;
#6587 = VECTOR ( 'NONE', #8487, 1000.000000000000100 ) ;
#6588 = ORIENTED_EDGE ( 'NONE', *, *, #8738, .F. ) ;
#6589 = VECTOR ( 'NONE', #629, 1000.000000000000000 ) ;
#6590 = ORIENTED_EDGE ( 'NONE', *, *, #7868, .T. ) ;
#6591 = AXIS2_PLACEMENT_3D ( 'NONE', #3666, #9596, #4515 ) ;
#6592 = ORIENTED_EDGE ( 'NONE', *, *, #10607, .T. ) ;
#6593 = FILL_AREA_STYLE_COLOUR ( '', #1360 ) ;
#6594 = LINE ( 'NONE', #5272, #4359 ) ;
#6595 = CARTESIAN_POINT ( 'NONE',  ( -50.62238325557901000, -9.012952191332162900, 12.05968286043788700 ) ) ;
#6596 = ADVANCED_FACE ( 'F179', ( #7864 ), #3106, .F. ) ;
#6597 = FACE_OUTER_BOUND ( 'NONE', #2240, .T. ) ;
#6598 = CARTESIAN_POINT ( 'NONE',  ( -37.78892949224550100, -21.25837980030617700, 1.278000675022763700 ) ) ;
#6599 = EDGE_CURVE ( 'NONE', #3705, #2674, #9894, .T. ) ;
#6600 = EDGE_CURVE ( 'NONE', #8628, #5015, #5351, .T. ) ;
#6601 = PLANE ( 'NONE',  #4945 ) ;
#6602 = FACE_BOUND ( 'NONE', #1049, .T. ) ;
#6603 = ORIENTED_EDGE ( 'NONE', *, *, #2474, .T. ) ;
#6604 = CARTESIAN_POINT ( 'NONE',  ( -51.32238325557899800, -7.646310953768934700, 5.867600482086167800 ) ) ;
#6605 = CARTESIAN_POINT ( 'NONE',  ( -51.32238325557899100, -12.45884666412917400, 12.12058214781109600 ) ) ;
#6606 = EDGE_CURVE ( 'NONE', #4728, #2546, #5621, .T. ) ;
#6607 = AXIS2_PLACEMENT_3D ( 'NONE', #491, #425, #386 ) ;
#6608 = ORIENTED_EDGE ( 'NONE', *, *, #4433, .F. ) ;
#6609 = CIRCLE ( 'NONE', #8976, 8.500000000000085300 ) ;
#6610 = VECTOR ( 'NONE', #1428, 1000.000000000000100 ) ;
#6611 = EDGE_LOOP ( 'NONE', ( #1941, #180, #382, #32 ) ) ;
#6612 = B_SPLINE_CURVE_WITH_KNOTS ( 'NONE', 3,
 ( #6314, #7154, #2952, #8871 ),
 .UNSPECIFIED., .F., .F.,
 ( 4, 4 ),
 ( 0.0000000000000000000, 1.000000000000000000 ),
 .UNSPECIFIED. ) ;
#6613 = CARTESIAN_POINT ( 'NONE',  ( -42.42238325557900700, -13.19265353163376300, 3.806144885443461000 ) ) ;
#6614 = VECTOR ( 'NONE', #5942, 1000.000000000000000 ) ;
#6615 = DIRECTION ( 'NONE',  ( -1.000000000000000000, -0.0000000000000000000, -0.0000000000000000000 ) ) ;
#6616 = EDGE_CURVE ( 'NONE', #8358, #10322, #793, .T. ) ;
#6617 = DIRECTION ( 'NONE',  ( -0.0000000000000000000, -0.5735764363503403900, 0.8191520442894858500 ) ) ;
#6618 = VERTEX_POINT ( 'NONE', #7656 ) ;
#6619 = CARTESIAN_POINT ( 'NONE',  ( -51.32238325557899800, -7.835148396388732700, 8.026022327951903200 ) ) ;
#6620 = CARTESIAN_POINT ( 'NONE',  ( -39.42238325557900000, -17.74764485560999100, 3.502740800925813000 ) ) ;
#6621 = CARTESIAN_POINT ( 'NONE',  ( -31.72238325557900400, -5.594505487807300200, 8.569418032718250100 ) ) ;
#6622 = EDGE_CURVE ( 'NONE', #111, #5970, #6489, .T. ) ;
#6624 = AXIS2_PLACEMENT_3D ( 'NONE', #5784, #10076, #4990 ) ;
#6623 = LINE ( 'NONE', #7349, #6349 ) ;
#6625 = ORIENTED_EDGE ( 'NONE', *, *, #9909, .T. ) ;
#6626 = LINE ( 'NONE', #781, #4391 ) ;
#6627 = DIRECTION ( 'NONE',  ( 1.000000000000000000, -6.817949984283902300E-014, 4.506783954631503800E-014 ) ) ;
#6628 = DIRECTION ( 'NONE',  ( 1.000000000000000000, 0.0000000000000000000, 0.0000000000000000000 ) ) ;
#6629 = ORIENTED_EDGE ( 'NONE', *, *, #7230, .F. ) ;
#6630 = DIRECTION ( 'NONE',  ( 1.000000000000000000, 0.0000000000000000000, 0.0000000000000000000 ) ) ;
#6631 = DIRECTION ( 'NONE',  ( 0.4694715627858465600, -0.3731497769022253400, -0.8002222789533133300 ) ) ;
#6632 = ORIENTED_EDGE ( 'NONE', *, *, #89, .T. ) ;
#6633 = VERTEX_POINT ( 'NONE', #3454 ) ;
#6634 = DIRECTION ( 'NONE',  ( 1.000000000000000000, 0.0000000000000000000, 0.0000000000000000000 ) ) ;
#6635 = FILL_AREA_STYLE ('',( #6417 ) ) ;
#6636 = EDGE_LOOP ( 'NONE', ( #4948, #5775, #4928, #10805 ) ) ;
#6637 = ADVANCED_FACE ( 'F37', ( #7327 ), #10216, .T. ) ;
#6638 = DIRECTION ( 'NONE',  ( 1.110124439439156800E-014, 0.4521864367712714600, 0.8919234420061514800 ) ) ;
#6639 = ORIENTED_EDGE ( 'NONE', *, *, #9699, .F. ) ;
#6640 = ORIENTED_EDGE ( 'NONE', *, *, #8484, .F. ) ;
#6641 = DIRECTION ( 'NONE',  ( 1.000000000000000000, -0.0000000000000000000, -0.0000000000000000000 ) ) ;
#6642 = VERTEX_POINT ( 'NONE', #5191 ) ;
#6643 = VECTOR ( 'NONE', #3664, 1000.000000000000200 ) ;
#6644 = ADVANCED_FACE ( 'F133', ( #7062 ), #847, .T. ) ;
#6645 = ORIENTED_EDGE ( 'NONE', *, *, #6616, .F. ) ;
#6646 = PLANE ( 'NONE',  #10379 ) ;
#6647 = AXIS2_PLACEMENT_3D ( 'NONE', #4834, #7282, #7391 ) ;
#6648 = CARTESIAN_POINT ( 'NONE',  ( -51.32238325557899100, -10.39217750474600000, 10.04810649369239800 ) ) ;
#6649 = DIRECTION ( 'NONE',  ( 1.329483194096452300E-014, 0.4226182617407498500, 0.9063077870366265100 ) ) ;
#6650 = EDGE_LOOP ( 'NONE', ( #621, #5610, #2467, #3202, #10302, #6882 ) ) ;
#6651 = CARTESIAN_POINT ( 'NONE',  ( -30.12238325557900300, -8.020103960854664000, -0.4815970538332849900 ) ) ;
#6652 = ORIENTED_EDGE ( 'NONE', *, *, #253, .F. ) ;
#6653 = LINE ( 'NONE', #7109, #2131 ) ;
#6654 = MANIFOLD_SURFACE_SHAPE_REPRESENTATION ( 'T3397-600', ( #4704, #8582 ), #4063 ) ;
#6655 = VERTEX_POINT ( 'NONE', #7729 ) ;
#6656 = DIRECTION ( 'NONE',  ( 1.000000000000000000, 0.0000000000000000000, 0.0000000000000000000 ) ) ;
#6657 = EDGE_CURVE ( 'NONE', #777, #8492, #4845, .T. ) ;
#6658 = DIRECTION ( 'NONE',  ( -1.000000000000000000, 0.0000000000000000000, -0.0000000000000000000 ) ) ;
#6659 = EDGE_CURVE ( 'NONE', #4110, #5411, #4525, .T. ) ;
#6660 = ORIENTED_EDGE ( 'NONE', *, *, #9029, .T. ) ;
#6661 = CARTESIAN_POINT ( 'NONE',  ( -38.47238325557900400, -1.987266391807251700, 10.32628343845888500 ) ) ;
#6662 = ORIENTED_EDGE ( 'NONE', *, *, #5839, .F. ) ;
#6663 = VERTEX_POINT ( 'NONE', #6065 ) ;
#6664 = CARTESIAN_POINT ( 'NONE',  ( -54.32238325557888500, -12.49715579297740200, 4.469474045088300200 ) ) ;
#6665 = ORIENTED_EDGE ( 'NONE', *, *, #595, .T. ) ;
#6666 = CARTESIAN_POINT ( 'NONE',  ( -51.62238325557900300, -9.298171507415899500, 7.898725688502101300 ) ) ;
#6667 = ORIENTED_EDGE ( 'NONE', *, *, #8176, .T. ) ;
#6668 = ORIENTED_EDGE ( 'NONE', *, *, #3493, .T. ) ;
#6669 = EDGE_CURVE ( 'NONE', #8850, #5914, #2557, .T. ) ;
#6670 = EDGE_CURVE ( 'NONE', #5632, #2887, #9340, .T. ) ;
#6671 =( NAMED_UNIT ( * ) SI_UNIT ( $, .STERADIAN. ) SOLID_ANGLE_UNIT ( ) );
#6672 = DIRECTION ( 'NONE',  ( 7.836868409123277900E-013, 0.0000000000000000000, -1.000000000000000000 ) ) ;
#6673 = EDGE_CURVE ( 'NONE', #1278, #3456, #6805, .T. ) ;
#6674 = DIRECTION ( 'NONE',  ( 0.7071067811859104200, 0.7071067811871847300, -0.0000000000000000000 ) ) ;
#6675 = VERTEX_POINT ( 'NONE', #6911 ) ;
#6676 = VECTOR ( 'NONE', #5022, 1000.000000000000000 ) ;
#6677 = CARTESIAN_POINT ( 'NONE',  ( -29.52238325557900100, -7.997690295336049400, 0.3354847215099650000 ) ) ;
#6678 = VERTEX_POINT ( 'NONE', #3568 ) ;
#6679 = AXIS2_PLACEMENT_3D ( 'NONE', #4394, #4648, #9127 ) ;
#6680 = CARTESIAN_POINT ( 'NONE',  ( -33.92238325557900000, 0.4206930299701062700, 7.918324016681453700 ) ) ;
#6681 = CARTESIAN_POINT ( 'NONE',  ( -51.32238325557879200, -7.803543594157863700, 7.664777785436866600 ) ) ;
#6682 = CARTESIAN_POINT ( 'NONE',  ( -35.97238325557899700, -4.304242034004379200, -2.214331926970109600 ) ) ;
#6683 = ADVANCED_FACE ( 'F302', ( #4309 ), #2019, .F. ) ;
#6684 = DIRECTION ( 'NONE',  ( -0.0000000000000000000, 0.9063077870366492700, -0.4226182617407007200 ) ) ;
#6685 = VECTOR ( 'NONE', #9855, 1000.000000000000000 ) ;
#6686 = ORIENTED_EDGE ( 'NONE', *, *, #9759, .F. ) ;
#6687 = LINE ( 'NONE', #1893, #4455 ) ;
#6688 = SURFACE_STYLE_FILL_AREA ( #10517 ) ;
#6689 = CARTESIAN_POINT ( 'NONE',  ( -53.12238325557899500, -6.183152694576199900, 10.35994713495799900 ) ) ;
#6690 = CARTESIAN_POINT ( 'NONE',  ( -44.82238325557901200, -7.494515578644907800, 9.755407288648992600 ) ) ;
#6691 = CYLINDRICAL_SURFACE ( 'NONE', #6647, 5.900000000000218000 ) ;
#6692 = AXIS2_PLACEMENT_3D ( 'NONE', #10237, #8508, #4305 ) ;
#6693 = DIRECTION ( 'NONE',  ( -0.0000000000000000000, 0.9063077870366301700, -0.4226182617407416900 ) ) ;
#6694 = DIRECTION ( 'NONE',  ( -1.000000000000000000, 0.0000000000000000000, -0.0000000000000000000 ) ) ;
#6695 = ADVANCED_FACE ( 'F100', ( #9068 ), #1878, .T. ) ;
#6696 = PLANE ( 'NONE',  #7620 ) ;
#6697 = ORIENTED_EDGE ( 'NONE', *, *, #5317, .F. ) ;
#6698 = LINE ( 'NONE', #3323, #10973 ) ;
#6699 = VERTEX_POINT ( 'NONE', #1005 ) ;
#6700 = CARTESIAN_POINT ( 'NONE',  ( -37.32238325557835200, -6.561157447864807100, -5.575426661527487200 ) ) ;
#6701 = LINE ( 'NONE', #4138, #4466 ) ;
#6702 = FACE_OUTER_BOUND ( 'NONE', #2311, .T. ) ;
#6703 = DIRECTION ( 'NONE',  ( -0.0000000000000000000, -0.9063077870366533800, 0.4226182617406920600 ) ) ;
#6704 = ORIENTED_EDGE ( 'NONE', *, *, #8365, .F. ) ;
#6705 = VECTOR ( 'NONE', #9609, 1000.000000000000000 ) ;
#6706 = ORIENTED_EDGE ( 'NONE', *, *, #8122, .T. ) ;
#6707 = VECTOR ( 'NONE', #6786, 1000.000000000000200 ) ;
#6708 = CONICAL_SURFACE ( 'NONE', #4268, 1.099999999999962100, 0.7853981633946746100 ) ;
#6709 = FACE_OUTER_BOUND ( 'NONE', #5856, .T. ) ;
#6710 = AXIS2_PLACEMENT_3D ( 'NONE', #3670, #9599, #4519 ) ;
#6711 = CARTESIAN_POINT ( 'NONE',  ( -49.62238325557900300, -15.90052017917450300, 13.67519160836100100 ) ) ;
#6712 = CARTESIAN_POINT ( 'NONE',  ( -28.92238325557900300, -6.801702286904078000, -1.049747085105287900 ) ) ;
#6713 = EDGE_CURVE ( 'NONE', #4773, #612, #6548, .T. ) ;
#6714 = CARTESIAN_POINT ( 'NONE',  ( -37.32238325557867100, -4.909097969781072400, 0.2744728658880361000 ) ) ;
#6715 = CARTESIAN_POINT ( 'NONE',  ( -43.92238325557900000, -3.020143316264290300, -3.364805952360673900 ) ) ;
#6716 =( LENGTH_UNIT ( ) NAMED_UNIT ( * ) SI_UNIT ( .MILLI., .METRE. ) );
#6717 = VERTEX_POINT ( 'NONE', #10398 ) ;
#6718 = LINE ( 'NONE', #8232, #8442 ) ;
#6719 = CARTESIAN_POINT ( 'NONE',  ( -51.32238325557899800, -7.898358000739118100, 8.748511411714321900 ) ) ;
#6720 = VERTEX_POINT ( 'NONE', #8667 ) ;
#6721 = CARTESIAN_POINT ( 'NONE',  ( -51.32238325557899800, -5.652339083080526000, 9.571775717836402500 ) ) ;
#6722 = AXIS2_PLACEMENT_3D ( 'NONE', #10769, #10743, #10703 ) ;
#6723 = FACE_OUTER_BOUND ( 'NONE', #7792, .T. ) ;
#6724 = DIRECTION ( 'NONE',  ( 0.0000000000000000000, 0.0000000000000000000, 1.000000000000000000 ) ) ;
#6725 = AXIS2_PLACEMENT_3D ( 'NONE', #10339, #1854, #974 ) ;
#6726 = LINE ( 'NONE', #1770, #4236 ) ;
#6727 = CARTESIAN_POINT ( 'NONE',  ( -51.32238325557899800, -7.593312899966023500, 5.261829969770980500 ) ) ;
#6728 = DIRECTION ( 'NONE',  ( 0.0000000000000000000, 0.9063077870366660300, -0.4226182617406652500 ) ) ;
#6729 = LINE ( 'NONE', #7560, #8728 ) ;
#6730 = EDGE_LOOP ( 'NONE', ( #4377, #4523, #3104, #7370 ) ) ;
#6731 = FACE_BOUND ( 'NONE', #5285, .T. ) ;
#6732 = CARTESIAN_POINT ( 'NONE',  ( -47.54738325557900000, -4.620648734187900800, 8.342255044036399200 ) ) ;
#6733 = EDGE_CURVE ( 'NONE', #10526, #7510, #6271, .T. ) ;
#6734 = EDGE_CURVE ( 'NONE', #5913, #1870, #2527, .T. ) ;
#6735 = DIRECTION ( 'NONE',  ( -0.0000000000000000000, 0.7660444431189239500, 0.6427876096866037600 ) ) ;
#6736 = DIRECTION ( 'NONE',  ( -0.7071067811866572600, -0.2988362387300700400, -0.6408563820556905100 ) ) ;
#6737 = ORIENTED_EDGE ( 'NONE', *, *, #5465, .T. ) ;
#6738 = CARTESIAN_POINT ( 'NONE',  ( -51.34612694228650300, -10.65921292006650000, 6.399683909865200500 ) ) ;
#6739 = VECTOR ( 'NONE', #1151, 1000.000000000000000 ) ;
#6740 = ORIENTED_EDGE ( 'NONE', *, *, #8593, .F. ) ;
#6741 = CARTESIAN_POINT ( 'NONE',  ( -30.82238325557900200, 1.614581946419900000, 1.917320409954700100 ) ) ;
#6742 = EDGE_CURVE ( 'NONE', #1187, #4792, #8799, .T. ) ;
#6743 = LINE ( 'NONE', #982, #4509 ) ;
#6744 =( NAMED_UNIT ( * ) PLANE_ANGLE_UNIT ( ) SI_UNIT ( $, .RADIAN. ) );
#6745 = AXIS2_PLACEMENT_3D ( 'NONE', #8665, #2175, #7701 ) ;
#6746 = ORIENTED_EDGE ( 'NONE', *, *, #3354, .F. ) ;
#6747 = ADVANCED_FACE ( 'F288', ( #1751 ), #8744, .T. ) ;
#6748 = DIRECTION ( 'NONE',  ( 0.0000000000000000000, 0.9063077870366493800, -0.4226182617407007700 ) ) ;
#6749 = EDGE_LOOP ( 'NONE', ( #7789, #3448, #762, #2439 ) ) ;
#6750 = CARTESIAN_POINT ( 'NONE',  ( -41.22238325557899700, -15.90884666412800300, 12.02058214781100000 ) ) ;
#6751 = CARTESIAN_POINT ( 'NONE',  ( -53.12238325557899500, -7.593312901233400900, 5.261829969660100300 ) ) ;
#6752 = CARTESIAN_POINT ( 'NONE',  ( -42.12238325557900300, -4.501771808586960700, 7.267148744758649100 ) ) ;
#6753 = CARTESIAN_POINT ( 'NONE',  ( -51.32238325557892000, -9.424956985938260700, 7.626833352390864500 ) ) ;
#6754 = DIRECTION ( 'NONE',  ( 0.9985991029009401200, 0.05291343577426830400, -0.0000000000000000000 ) ) ;
#6755 = CARTESIAN_POINT ( 'NONE',  ( -31.42238325557900000, -19.78920799337729600, 5.006426286154974600 ) ) ;
#6756 = EDGE_LOOP ( 'NONE', ( #3083, #8984, #2113, #7732 ) ) ;
#6757 = EDGE_CURVE ( 'NONE', #1847, #8947, #4253, .T. ) ;
#6758 = VERTEX_POINT ( 'NONE', #3728 ) ;
#6759 = PLANE ( 'NONE',  #1584 ) ;
#6760 = ORIENTED_EDGE ( 'NONE', *, *, #3333, .F. ) ;
#6761 = DIRECTION ( 'NONE',  ( -6.839766848137309200E-014, 1.000000000000000000, 0.0000000000000000000 ) ) ;
#6762 = DIRECTION ( 'NONE',  ( 0.2588190451025677000, -0.8754260980655754800, 0.4082178936767427700 ) ) ;
#6763 = CARTESIAN_POINT ( 'NONE',  ( -51.32238325557882100, -11.70884666412818500, 10.87058214781311200 ) ) ;
#6764 = PRESENTATION_STYLE_ASSIGNMENT (( #8179 ) ) ;
#6765 = CARTESIAN_POINT ( 'NONE',  ( -47.57238325557912600, -12.66948819000923800, 8.941826220532570700 ) ) ;
#6766 = VERTEX_POINT ( 'NONE', #5409 ) ;
#6767 = CARTESIAN_POINT ( 'NONE',  ( -40.42238325557900000, -12.07247110886400100, 5.380213289203999800 ) ) ;
#6768 = EDGE_CURVE ( 'NONE', #4705, #2244, #9631, .T. ) ;
#6769 = DIRECTION ( 'NONE',  ( -1.000000000000000000, -1.124744024573817900E-013, -9.840235151880140300E-015 ) ) ;
#6770 = CARTESIAN_POINT ( 'NONE',  ( -47.57238325557914700, -11.44076012357502500, 9.802190875056947300 ) ) ;
#6771 = SURFACE_SIDE_STYLE ('',( #5603 ) ) ;
#6772 = ORIENTED_EDGE ( 'NONE', *, *, #5121, .T. ) ;
#6773 = CARTESIAN_POINT ( 'NONE',  ( -53.12238325557899500, -10.75551528364000100, 5.483302349776000300 ) ) ;
#6774 = DIRECTION ( 'NONE',  ( 6.040919398694632200E-013, 1.000000000000000000, 0.0000000000000000000 ) ) ;
#6775 = ORIENTED_EDGE ( 'NONE', *, *, #2253, .T. ) ;
#6776 = EDGE_LOOP ( 'NONE', ( #8521, #6049, #5979, #4448, #8207, #8512, #9677, #1039, #5735, #445, #8098, #1630, #471, #3223, #5264, #7550, #3947, #7278, #655, #7247, #7173, #9698, #2909, #4808, #6457, #10904, #9473, #6020, #2524, #7603, #4521, #113, #10995, #2134, #1908 ) ) ;
#6777 = ORIENTED_EDGE ( 'NONE', *, *, #4915, .F. ) ;
#6778 = CARTESIAN_POINT ( 'NONE',  ( -51.32238325557899800, -9.754258226699990400, 8.576985670854547500 ) ) ;
#6779 =( GEOMETRIC_REPRESENTATION_CONTEXT ( 3 ) GLOBAL_UNCERTAINTY_ASSIGNED_CONTEXT ( ( #10431 ) ) GLOBAL_UNIT_ASSIGNED_CONTEXT ( ( #6968, #6086, #8615 ) ) REPRESENTATION_CONTEXT ( 'NONE', 'WORKASPACE' ) );
#6780 = FILL_AREA_STYLE_COLOUR ( '', #5801 ) ;
#6781 = EDGE_LOOP ( 'NONE', ( #8229, #3904, #3413, #7153 ) ) ;
#6782 = VECTOR ( 'NONE', #5877, 1000.000000000000000 ) ;
#6783 = VERTEX_POINT ( 'NONE', #2016 ) ;
#6784 = CARTESIAN_POINT ( 'NONE',  ( -51.32238325557866400, -11.86196552253804400, 10.87058214781286300 ) ) ;
#6785 = ORIENTED_EDGE ( 'NONE', *, *, #8745, .F. ) ;
#6786 = DIRECTION ( 'NONE',  ( 1.320382972902144400E-013, 0.4226182617408429900, 0.9063077870365828800 ) ) ;
#6787 = DIRECTION ( 'NONE',  ( 0.0000000000000000000, -0.4226182617407864300, -0.9063077870366094100 ) ) ;
#6788 = DIRECTION ( 'NONE',  ( -0.9962405881956772900, 0.05568444403121519000, -0.06636213622590400600 ) ) ;
#6789 = PLANE ( 'NONE',  #3982 ) ;
#6790 = AXIS2_PLACEMENT_3D ( 'NONE', #1411, #7332, #2261 ) ;
#6791 = ORIENTED_EDGE ( 'NONE', *, *, #1466, .T. ) ;
#6792 = VERTEX_POINT ( 'NONE', #10514 ) ;
#6793 = VECTOR ( 'NONE', #1331, 1000.000000000000000 ) ;
#6794 = LINE ( 'NONE', #4681, #10813 ) ;
#6795 = ORIENTED_EDGE ( 'NONE', *, *, #2033, .T. ) ;
#6796 = DIRECTION ( 'NONE',  ( 1.000000000000000000, 0.0000000000000000000, 0.0000000000000000000 ) ) ;
#6797 = EDGE_CURVE ( 'NONE', #6184, #699, #10331, .T. ) ;
#6798 = DIRECTION ( 'NONE',  ( 1.000000000000000000, 0.0000000000000000000, 0.0000000000000000000 ) ) ;
#6799 = CARTESIAN_POINT ( 'NONE',  ( -32.02238325557899400, -4.614547938994699700, 0.1371219308225400100 ) ) ;
#6800 = EDGE_CURVE ( 'NONE', #7683, #1865, #11024, .T. ) ;
#6801 = CARTESIAN_POINT ( 'NONE',  ( -51.32238325557867900, -12.01486971836161300, 10.91293415822904000 ) ) ;
#6802 = DIRECTION ( 'NONE',  ( -0.0000000000000000000, 0.9063077870366665900, -0.4226182617406635300 ) ) ;
#6803 = ADVANCED_FACE ( 'F165', ( #6218 ), #312, .T. ) ;
#6804 = ORIENTED_EDGE ( 'NONE', *, *, #7365, .T. ) ;
#6805 = LINE ( 'NONE', #8633, #11082 ) ;
#6806 = EDGE_CURVE ( 'NONE', #4670, #6184, #6496, .T. ) ;
#6807 = VECTOR ( 'NONE', #5388, 1000.000000000000000 ) ;
#6808 =( GEOMETRIC_REPRESENTATION_CONTEXT ( 3 ) GLOBAL_UNCERTAINTY_ASSIGNED_CONTEXT ( ( #551 ) ) GLOBAL_UNIT_ASSIGNED_CONTEXT ( ( #2889, #2872, #2847 ) ) REPRESENTATION_CONTEXT ( 'NONE', 'WORKASPACE' ) );
#6809 = CARTESIAN_POINT ( 'NONE',  ( -54.52238325557900100, -12.02464699882480800, 5.482772424149603200 ) ) ;
#6810 = DIRECTION ( 'NONE',  ( 1.000000000000000000, -7.823153210678225700E-014, 5.533389854062884000E-014 ) ) ;
#6811 =( NAMED_UNIT ( * ) SI_UNIT ( $, .STERADIAN. ) SOLID_ANGLE_UNIT ( ) );
#6812 = LINE ( 'NONE', #10212, #4320 ) ;
#6813 = CARTESIAN_POINT ( 'NONE',  ( -51.32238325557881400, -12.27746639412117000, 11.07049216368413300 ) ) ;
#6814 = EDGE_CURVE ( 'NONE', #6460, #8393, #8335, .T. ) ;
#6815 = ORIENTED_EDGE ( 'NONE', *, *, #530, .F. ) ;
#6816 = VECTOR ( 'NONE', #3017, 1000.000000000000000 ) ;
#6817 = EDGE_CURVE ( 'NONE', #7309, #6633, #1700, .T. ) ;
#6818 =( LENGTH_UNIT ( ) NAMED_UNIT ( * ) SI_UNIT ( .MILLI., .METRE. ) );
#6819 = VERTEX_POINT ( 'NONE', #9772 ) ;
#6820 = VECTOR ( 'NONE', #8733, 1000.000000000000000 ) ;
#6821 = VECTOR ( 'NONE', #5842, 1000.000000000000200 ) ;
#6822 = DIRECTION ( 'NONE',  ( 0.0000000000000000000, 0.9063077870368428900, -0.4226182617402857200 ) ) ;
#6823 = EDGE_CURVE ( 'NONE', #2870, #10916, #5950, .T. ) ;
#6824 = AXIS2_PLACEMENT_3D ( 'NONE', #3700, #9629, #4541 ) ;
#6825 = ORIENTED_EDGE ( 'NONE', *, *, #8675, .T. ) ;
#6826 = VECTOR ( 'NONE', #4257, 1000.000000000000200 ) ;
#6827 = DIRECTION ( 'NONE',  ( 0.0000000000000000000, 0.9063077870366168500, -0.4226182617407706600 ) ) ;
#6828 = VECTOR ( 'NONE', #9983, 1000.000000000000000 ) ;
#6829 = DIRECTION ( 'NONE',  ( -0.0000000000000000000, 0.9063077870366552700, -0.4226182617406878900 ) ) ;
#6830 = VERTEX_POINT ( 'NONE', #5516 ) ;
#6831 = PLANE ( 'NONE',  #9664 ) ;
#6832 = VECTOR ( 'NONE', #7163, 1000.000000000000000 ) ;
#6833 = ORIENTED_EDGE ( 'NONE', *, *, #8821, .F. ) ;
#6834 = FILL_AREA_STYLE_COLOUR ( '', #3717 ) ;
#6835 = FACE_OUTER_BOUND ( 'NONE', #4133, .T. ) ;
#6836 = DIRECTION ( 'NONE',  ( -1.697635250873307900E-014, -0.4226182617407079900, -0.9063077870366461600 ) ) ;
#6837 = VECTOR ( 'NONE', #8281, 1000.000000000000000 ) ;
#6838 = AXIS2_PLACEMENT_3D ( 'NONE', #8855, #4657, #10604 ) ;
#6839 = CIRCLE ( 'NONE', #2906, 0.8500000000001509700 ) ;
#6840 = LINE ( 'NONE', #7337, #10864 ) ;
#6841 = CARTESIAN_POINT ( 'NONE',  ( -42.12238325557900300, -4.042145142715500400, 7.652821310570601600 ) ) ;
#6842 = ORIENTED_EDGE ( 'NONE', *, *, #5955, .T. ) ;
#6843 = LINE ( 'NONE', #11028, #6587 ) ;
#6844 = CARTESIAN_POINT ( 'NONE',  ( -40.42238325557900000, -8.447239960716908400, 3.689740242241166300 ) ) ;
#6845 = VERTEX_POINT ( 'NONE', #6368 ) ;
#6846 = ORIENTED_EDGE ( 'NONE', *, *, #5748, .F. ) ;
#6847 = CARTESIAN_POINT ( 'NONE',  ( -37.32238325557815300, -5.965643624132851200, -1.991296601703588000 ) ) ;
#6848 = VERTEX_POINT ( 'NONE', #10633 ) ;
#6849 = LINE ( 'NONE', #6955, #10872 ) ;
#6850 = CARTESIAN_POINT ( 'NONE',  ( -51.32238325557916200, -5.503064874492749500, 7.912254235011219300 ) ) ;
#6851 = DIRECTION ( 'NONE',  ( 1.000000000000000000, 0.0000000000000000000, 0.0000000000000000000 ) ) ;
#6852 = VECTOR ( 'NONE', #631, 1000.000000000000200 ) ;
#6853 = AXIS2_PLACEMENT_3D ( 'NONE', #8364, #8762, #9116 ) ;
#6854 = FACE_OUTER_BOUND ( 'NONE', #526, .T. ) ;
#6855 = VECTOR ( 'NONE', #1937, 1000.000000000000000 ) ;
#6856 = ADVANCED_FACE ( 'F126', ( #3999 ), #7944, .F. ) ;
#6857 = ORIENTED_EDGE ( 'NONE', *, *, #733, .T. ) ;
#6858 = STYLED_ITEM ( 'NONE', ( #4714 ), #9317 ) ;
#6859 = PLANE ( 'NONE',  #4477 ) ;
#6860 = DIRECTION ( 'NONE',  ( -0.0000000000000000000, 0.9063077870366472700, -0.4226182617407052100 ) ) ;
#6861 = EDGE_CURVE ( 'NONE', #5560, #4768, #10225, .T. ) ;
#6863 = DIRECTION ( 'NONE',  ( -0.0000000000000000000, 0.4226182617407066600, 0.9063077870366467200 ) ) ;
#6862 = SURFACE_SIDE_STYLE ('',( #2044 ) ) ;
#6864 = EDGE_CURVE ( 'NONE', #8828, #7953, #1437, .T. ) ;
#6865 = ORIENTED_EDGE ( 'NONE', *, *, #2425, .F. ) ;
#6866 = VECTOR ( 'NONE', #8580, 1000.000000000000100 ) ;
#6867 = VECTOR ( 'NONE', #539, 1000.000000000000000 ) ;
#6868 = ORIENTED_EDGE ( 'NONE', *, *, #10385, .T. ) ;
#6869 = AXIS2_PLACEMENT_3D ( 'NONE', #6069, #5891, #5857 ) ;
#6870 =( GEOMETRIC_REPRESENTATION_CONTEXT ( 3 ) GLOBAL_UNCERTAINTY_ASSIGNED_CONTEXT ( ( #9133 ) ) GLOBAL_UNIT_ASSIGNED_CONTEXT ( ( #10253, #5157, #2 ) ) REPRESENTATION_CONTEXT ( 'NONE', 'WORKASPACE' ) );
#6871 = VERTEX_POINT ( 'NONE', #1308 ) ;
#6872 = CARTESIAN_POINT ( 'NONE',  ( -51.32238325557889200, -12.38679073075872200, 11.18547727274397600 ) ) ;
#6873 = ORIENTED_EDGE ( 'NONE', *, *, #3720, .F. ) ;
#6874 = CARTESIAN_POINT ( 'NONE',  ( -51.34612694228650300, -9.958707142556450600, 7.901923397591449600 ) ) ;
#6875 = EDGE_CURVE ( 'NONE', #3654, #10516, #9962, .T. ) ;
#6876 = LINE ( 'NONE', #10977, #603 ) ;
#6877 = EDGE_CURVE ( 'NONE', #6982, #710, #1156, .T. ) ;
#6878 = CARTESIAN_POINT ( 'NONE',  ( -32.02238325557899400, -6.150730185941092100, -1.201437363830303100 ) ) ;
#6879 = CARTESIAN_POINT ( 'NONE',  ( -40.42238325557900000, -13.61319434682599400, 6.098664334163232500 ) ) ;
#6880 = CARTESIAN_POINT ( 'NONE',  ( -51.62238325557900300, -10.45884666413299900, 11.42058214781100000 ) ) ;
#6881 = FILL_AREA_STYLE_COLOUR ( '', #7598 ) ;
#6882 = ORIENTED_EDGE ( 'NONE', *, *, #4909, .F. ) ;
#6883 = ORIENTED_EDGE ( 'NONE', *, *, #1618, .T. ) ;
#6884 = EDGE_CURVE ( 'NONE', #5459, #887, #8218, .T. ) ;
#6885 = ORIENTED_EDGE ( 'NONE', *, *, #8295, .F. ) ;
#6886 = MECHANICAL_DESIGN_GEOMETRIC_PRESENTATION_REPRESENTATION (  '', ( #5759 ), #7438 ) ;
#6887 = ADVANCED_FACE ( 'F18', ( #5427, #9700 ), #9846, .T. ) ;
#6888 = VECTOR ( 'NONE', #2256, 1000.000000000000000 ) ;
#6889 = EDGE_LOOP ( 'NONE', ( #5605, #6339, #7529, #630 ) ) ;
#6890 = CARTESIAN_POINT ( 'NONE',  ( -44.82238325557901200, -13.15014767630200000, 3.069128432260499900 ) ) ;
#6891 = VERTEX_POINT ( 'NONE', #5588 ) ;
#6892 = CARTESIAN_POINT ( 'NONE',  ( -31.42238325557900000, -12.55164289603800000, 1.631494254870250200 ) ) ;
#6893 = ORIENTED_EDGE ( 'NONE', *, *, #10468, .T. ) ;
#6894 = CARTESIAN_POINT ( 'NONE',  ( -33.92238325557900000, -2.047429067452259900, 2.625419098096599700 ) ) ;
#6895 = DIRECTION ( 'NONE',  ( -1.000000000000000000, -0.0000000000000000000, -0.0000000000000000000 ) ) ;
#6896 = ORIENTED_EDGE ( 'NONE', *, *, #2820, .F. ) ;
#6897 = AXIS2_PLACEMENT_3D ( 'NONE', #1495, #7417, #2351 ) ;
#6898 = VECTOR ( 'NONE', #3970, 1000.000000000000200 ) ;
#6899 = EDGE_LOOP ( 'NONE', ( #4400, #6522, #7253, #7817 ) ) ;
#6900 = CARTESIAN_POINT ( 'NONE',  ( -43.92238325557900000, -23.18549157783001400, 6.038450371370010400 ) ) ;
#6901 = CARTESIAN_POINT ( 'NONE',  ( -51.32238325557899800, -6.408207942020403000, 9.539150855829372900 ) ) ;
#6902 = VERTEX_POINT ( 'NONE', #500 ) ;
#6903 = DIRECTION ( 'NONE',  ( -1.000000000000000000, -0.0000000000000000000, -0.0000000000000000000 ) ) ;
#6904 = ADVANCED_FACE ( 'F167', ( #4389 ), #10893, .T. ) ;
#6905 = VERTEX_POINT ( 'NONE', #7314 ) ;
#6906 = CIRCLE ( 'NONE', #809, 8.500000000000085300 ) ;
#6907 = ORIENTED_EDGE ( 'NONE', *, *, #10957, .F. ) ;
#6908 = AXIS2_PLACEMENT_3D ( 'NONE', #8864, #8646, #8614 ) ;
#6909 = CARTESIAN_POINT ( 'NONE',  ( -36.92238325557900700, -12.28378023973398700, 4.927059395685724000 ) ) ;
#6910 = VERTEX_POINT ( 'NONE', #8183 ) ;
#6911 = CARTESIAN_POINT ( 'NONE',  ( -53.12238325557907400, -10.98189897449447900, 9.146869239626207500 ) ) ;
#6912 = STYLED_ITEM ( 'NONE', ( #138 ), #8588 ) ;
#6913 = ORIENTED_EDGE ( 'NONE', *, *, #8570, .F. ) ;
#6914 = ORIENTED_EDGE ( 'NONE', *, *, #3004, .T. ) ;
#6915 = VECTOR ( 'NONE', #2203, 1000.000000000000000 ) ;
#6916 = EDGE_CURVE ( 'NONE', #7245, #5493, #52, .T. ) ;
#6917 = SURFACE_STYLE_USAGE ( .BOTH. , #6949 ) ;
#6918 = ORIENTED_EDGE ( 'NONE', *, *, #1547, .F. ) ;
#6919 = AXIS2_PLACEMENT_3D ( 'NONE', #2925, #3108, #2881 ) ;
#6920 = CARTESIAN_POINT ( 'NONE',  ( -31.72238325557900400, -2.479570376838000600, 5.251669303196499600 ) ) ;
#6921 = VERTEX_POINT ( 'NONE', #3914 ) ;
#6922 = EDGE_LOOP ( 'NONE', ( #4953, #3021, #3466, #7335 ) ) ;
#6923 = VECTOR ( 'NONE', #10176, 1000.000000000000000 ) ;
#6924 = FILL_AREA_STYLE ('',( #6085 ) ) ;
#6925 = CARTESIAN_POINT ( 'NONE',  ( -30.82238325557900200, -16.45263133635100400, 11.67415310485500000 ) ) ;
#6926 = ORIENTED_EDGE ( 'NONE', *, *, #8298, .T. ) ;
#6927 = COLOUR_RGB ( '',1.000000000000000000, 0.3294117647058823500, 0.0000000000000000000 ) ;
#6928 = ORIENTED_EDGE ( 'NONE', *, *, #4864, .T. ) ;
#6929 = FACE_OUTER_BOUND ( 'NONE', #9139, .T. ) ;
#6930 = ORIENTED_EDGE ( 'NONE', *, *, #8161, .T. ) ;
#6931 = DIRECTION ( 'NONE',  ( 2.187634516465989800E-013, 0.4226182617405904700, 0.9063077870367006700 ) ) ;
#6932 = ADVANCED_FACE ( 'F302', ( #8609 ), #1836, .F. ) ;
#6933 = EDGE_CURVE ( 'NONE', #4661, #3588, #6623, .T. ) ;
#6934 = CARTESIAN_POINT ( 'NONE',  ( -28.92238325557900300, -7.615124131937891500, 1.536313588469512700 ) ) ;
#6935 = EDGE_CURVE ( 'NONE', #3095, #9520, #4124, .T. ) ;
#6936 = DIRECTION ( 'NONE',  ( -0.0000000000000000000, -0.4226182617405492300, -0.9063077870367199900 ) ) ;
#6937 = CARTESIAN_POINT ( 'NONE',  ( -30.82238325557899500, -16.18306906170961700, 11.95707215564971400 ) ) ;
#6938 = EDGE_CURVE ( 'NONE', #3543, #9994, #10635, .T. ) ;
#6939 = VECTOR ( 'NONE', #3008, 1000.000000000000100 ) ;
#6940 = ORIENTED_EDGE ( 'NONE', *, *, #4150, .T. ) ;
#6941 = LINE ( 'NONE', #127, #412 ) ;
#6942 = ORIENTED_EDGE ( 'NONE', *, *, #9515, .F. ) ;
#6943 = AXIS2_PLACEMENT_3D ( 'NONE', #6880, #1802, #7728 ) ;
#6944 = DIRECTION ( 'NONE',  ( 0.0000000000000000000, 0.4226182617407240300, 0.9063077870366383900 ) ) ;
#6945 = CARTESIAN_POINT ( 'NONE',  ( -32.02238325557899400, -14.40835717019704800, -1.640381880528976300 ) ) ;
#6946 = VECTOR ( 'NONE', #6486, 999.9999999999998900 ) ;
#6947 = CARTESIAN_POINT ( 'NONE',  ( -51.32238325557850800, -12.45884666412898400, 11.32058214781096200 ) ) ;
#6948 = EDGE_CURVE ( 'NONE', #9874, #7952, #8868, .T. ) ;
#6949 = SURFACE_SIDE_STYLE ('',( #7348 ) ) ;
#6950 = EDGE_LOOP ( 'NONE', ( #4702, #5661, #2260, #2850 ) ) ;
#6951 = VECTOR ( 'NONE', #10094, 1000.000000000000000 ) ;
#6952 = ORIENTED_EDGE ( 'NONE', *, *, #6884, .F. ) ;
#6953 = SURFACE_STYLE_FILL_AREA ( #8862 ) ;
#6954 = FACE_OUTER_BOUND ( 'NONE', #765, .T. ) ;
#6955 = CARTESIAN_POINT ( 'NONE',  ( -47.57238325557933200, -6.153200639385266500, 9.079672604090072600 ) ) ;
#6956 = EDGE_CURVE ( 'NONE', #205, #7646, #1560, .T. ) ;
#6957 = DIRECTION ( 'NONE',  ( -1.000000000000000000, -1.124744024573817900E-013, -9.840235151880140300E-015 ) ) ;
#6958 = AXIS2_PLACEMENT_3D ( 'NONE', #2030, #7973, #2903 ) ;
#6959 = DIRECTION ( 'NONE',  ( -8.446290927817065700E-014, -0.4226182617408593100, -0.9063077870365754400 ) ) ;
#6960 = PRESENTATION_LAYER_ASSIGNMENT (  '', '', ( #4726 ) ) ;
#6961 =( NAMED_UNIT ( * ) SI_UNIT ( $, .STERADIAN. ) SOLID_ANGLE_UNIT ( ) );
#6962 = ORIENTED_EDGE ( 'NONE', *, *, #5431, .F. ) ;
#6963 = VERTEX_POINT ( 'NONE', #5703 ) ;
#6964 = VECTOR ( 'NONE', #5294, 1000.000000000000000 ) ;
#6965 = ORIENTED_EDGE ( 'NONE', *, *, #6600, .T. ) ;
#6966 = SURFACE_STYLE_FILL_AREA ( #8501 ) ;
#6967 = CARTESIAN_POINT ( 'NONE',  ( -37.32238325557854400, -15.79059190477397400, 9.651770703895699900 ) ) ;
#6968 =( LENGTH_UNIT ( ) NAMED_UNIT ( * ) SI_UNIT ( .MILLI., .METRE. ) );
#6969 = VECTOR ( 'NONE', #3536, 1000.000000000000000 ) ;
#6970 = LINE ( 'NONE', #2107, #2461 ) ;
#6971 = LINE ( 'NONE', #3659, #440 ) ;
#6972 = CARTESIAN_POINT ( 'NONE',  ( -33.92238325557900000, -16.07410869409702800, 15.60997638036162400 ) ) ;
#6973 = EDGE_CURVE ( 'NONE', #7258, #6369, #5812, .T. ) ;
#6974 = CARTESIAN_POINT ( 'NONE',  ( -54.32238325557866400, -8.536769409502333900, 10.24141823171759000 ) ) ;
#6975 = VERTEX_POINT ( 'NONE', #5664 ) ;
#6976 = VECTOR ( 'NONE', #10676, 1000.000000000000100 ) ;
#6977 = PLANE ( 'NONE',  #4372 ) ;
#6978 = ORIENTED_EDGE ( 'NONE', *, *, #1489, .F. ) ;
#6979 = VECTOR ( 'NONE', #2340, 1000.000000000000000 ) ;
#6980 = CARTESIAN_POINT ( 'NONE',  ( -32.62238325557900300, -9.765175359088724200, 6.897232696685143200 ) ) ;
#6981 = CARTESIAN_POINT ( 'NONE',  ( -30.82238325557900200, -9.322042805755828000, 5.441642844026850900 ) ) ;
#6982 = VERTEX_POINT ( 'NONE', #8253 ) ;
#6983 = ORIENTED_EDGE ( 'NONE', *, *, #5887, .T. ) ;
#6984 = CARTESIAN_POINT ( 'NONE',  ( -37.32238325557793200, -16.33743014017429500, 10.01710335273156200 ) ) ;
#6985 = LINE ( 'NONE', #5041, #4772 ) ;
#6986 = VERTEX_POINT ( 'NONE', #10849 ) ;
#6987 = AXIS2_PLACEMENT_3D ( 'NONE', #10570, #9828, #3819 ) ;
#6988 = ADVANCED_FACE ( 'F185', ( #6076 ), #9982, .T. ) ;
#6989 = DIRECTION ( 'NONE',  ( -1.000000000000000000, 0.0000000000000000000, 0.0000000000000000000 ) ) ;
#6990 = ORIENTED_EDGE ( 'NONE', *, *, #8152, .F. ) ;
#6991 = PRESENTATION_LAYER_ASSIGNMENT (  '', '', ( #6443 ) ) ;
#6992 = ORIENTED_EDGE ( 'NONE', *, *, #9764, .T. ) ;
#6993 = CARTESIAN_POINT ( 'NONE',  ( -53.12238325557899500, -9.958846664129300300, 11.72058214781000100 ) ) ;
#6994 = PRESENTATION_STYLE_ASSIGNMENT (( #9336 ) ) ;
#6995 = VECTOR ( 'NONE', #2073, 1000.000000000000100 ) ;
#6996 = ORIENTED_EDGE ( 'NONE', *, *, #2352, .F. ) ;
#6997 = CARTESIAN_POINT ( 'NONE',  ( -53.12238325557843400, -10.01593332559327400, 7.069340977090808700 ) ) ;
#6999 =( NAMED_UNIT ( * ) SI_UNIT ( $, .STERADIAN. ) SOLID_ANGLE_UNIT ( ) );
#6998 =( NAMED_UNIT ( * ) SI_UNIT ( $, .STERADIAN. ) SOLID_ANGLE_UNIT ( ) );
#7000 = EDGE_CURVE ( 'NONE', #10104, #6, #1293, .T. ) ;
#7001 = EDGE_CURVE ( 'NONE', #7668, #9891, #10356, .T. ) ;
#7002 = DIRECTION ( 'NONE',  ( -1.000000000000000000, 0.0000000000000000000, 0.0000000000000000000 ) ) ;
#7003 = CARTESIAN_POINT ( 'NONE',  ( -31.72238325557900400, -15.96269416937500000, 11.30510580015900000 ) ) ;
#7004 = ORIENTED_EDGE ( 'NONE', *, *, #6657, .F. ) ;
#7005 = CARTESIAN_POINT ( 'NONE',  ( -53.12238325557899500, -4.546231615168900400, 7.164561496293299700 ) ) ;
#7006 = ORIENTED_EDGE ( 'NONE', *, *, #7579, .T. ) ;
#7007 = SURFACE_STYLE_USAGE ( .BOTH. , #1064 ) ;
#7008 = FACE_OUTER_BOUND ( 'NONE', #10338, .T. ) ;
#7009 = FILL_AREA_STYLE ('',( #9491 ) ) ;
#7010 = SURFACE_STYLE_USAGE ( .BOTH. , #1067 ) ;
#7011 = ORIENTED_EDGE ( 'NONE', *, *, #2035, .F. ) ;
#7012 = CARTESIAN_POINT ( 'NONE',  ( -38.61488325557899500, -2.047222108073599900, 3.353469910734800100 ) ) ;
#7013 = EDGE_LOOP ( 'NONE', ( #4027, #7688, #8322, #4035 ) ) ;
#7014 = EDGE_CURVE ( 'NONE', #7245, #930, #10092, .T. ) ;
#7015 = EDGE_CURVE ( 'NONE', #9964, #4308, #7800, .T. ) ;
#7016 = ORIENTED_EDGE ( 'NONE', *, *, #10884, .T. ) ;
#7017 = CARTESIAN_POINT ( 'NONE',  ( -42.12238325557900300, -6.227617758401801300, 10.25736615183100000 ) ) ;
#7018 = CARTESIAN_POINT ( 'NONE',  ( -54.42238325557900000, -13.42509357559099900, 3.307675602573400200 ) ) ;
#7019 = DIRECTION ( 'NONE',  ( -0.0000000000000000000, -0.9063077870366255100, 0.4226182617407515700 ) ) ;
#7020 = LINE ( 'NONE', #7687, #4804 ) ;
#7021 = CARTESIAN_POINT ( 'NONE',  ( -37.32238325557906900, -17.28905331656254400, 10.46085252755935700 ) ) ;
#7022 = ORIENTED_EDGE ( 'NONE', *, *, #3550, .T. ) ;
#7023 = EDGE_CURVE ( 'NONE', #6663, #6278, #5561, .T. ) ;
#7024 = MECHANICAL_DESIGN_GEOMETRIC_PRESENTATION_REPRESENTATION (  '', ( #5333 ), #7581 ) ;
#7025 = DIRECTION ( 'NONE',  ( -1.000000000000000000, 0.0000000000000000000, 0.0000000000000000000 ) ) ;
#7026 = ADVANCED_FACE ( 'F145', ( #3038 ), #10915, .T. ) ;
#7027 = AXIS2_PLACEMENT_3D ( 'NONE', #4687, #5520, #388 ) ;
#7028 = DIRECTION ( 'NONE',  ( 1.000000000000000000, -0.0000000000000000000, -0.0000000000000000000 ) ) ;
#7029 = EDGE_LOOP ( 'NONE', ( #164, #4406, #5756, #2628 ) ) ;
#7030 = VERTEX_POINT ( 'NONE', #4129 ) ;
#7031 = SURFACE_STYLE_FILL_AREA ( #6063 ) ;
#7032 = ORIENTED_EDGE ( 'NONE', *, *, #3712, .F. ) ;
#7034 = CARTESIAN_POINT ( 'NONE',  ( -53.12238325557963500, -7.339698907860858800, 6.952494058966770800 ) ) ;
#7033 = CARTESIAN_POINT ( 'NONE',  ( -30.77238325557899800, -18.20916474454405800, 6.476395856932978000 ) ) ;
#7035 = CARTESIAN_POINT ( 'NONE',  ( -53.12238325557834200, -5.364692154873402800, 8.762254315625979100 ) ) ;
#7036 = CARTESIAN_POINT ( 'NONE',  ( -32.62238325557900300, -15.90884666412775100, 12.02058214781100200 ) ) ;
#7037 = ADVANCED_FACE ( 'F255', ( #3302 ), #3289, .T. ) ;
#7038 = DIRECTION ( 'NONE',  ( 0.0000000000000000000, -0.9063077870366460500, 0.4226182617407079300 ) ) ;
#7039 = AXIS2_PLACEMENT_3D ( 'NONE', #1013, #6957, #1887 ) ;
#7040 = VERTEX_POINT ( 'NONE', #2420 ) ;
#7041 = CARTESIAN_POINT ( 'NONE',  ( -32.62238325557900300, -10.03706769519974900, 7.024018175207799300 ) ) ;
#7042 = VERTEX_POINT ( 'NONE', #5007 ) ;
#7043 = VERTEX_POINT ( 'NONE', #10946 ) ;
#7044 = LINE ( 'NONE', #5841, #9053 ) ;
#7045 = ORIENTED_EDGE ( 'NONE', *, *, #7734, .F. ) ;
#7046 = ADVANCED_FACE ( 'F212', ( #9830 ), #682, .T. ) ;
#7047 = PLANE ( 'NONE',  #2318 ) ;
#7048 = CARTESIAN_POINT ( 'NONE',  ( -32.62238325557900300, -12.00095640334303200, 3.581460764009228600 ) ) ;
#7049 = ORIENTED_EDGE ( 'NONE', *, *, #7416, .T. ) ;
#7050 = CARTESIAN_POINT ( 'NONE',  ( -32.62238325557900300, -9.096798014240995700, 14.36438657526381500 ) ) ;
#7051 = ORIENTED_EDGE ( 'NONE', *, *, #109, .F. ) ;
#7052 = AXIS2_PLACEMENT_3D ( 'NONE', #10718, #10731, #10797 ) ;
#7053 = VECTOR ( 'NONE', #1764, 1000.000000000000000 ) ;
#7054 = LINE ( 'NONE', #5778, #2550 ) ;
#7055 = EDGE_LOOP ( 'NONE', ( #6348, #8775, #5653, #4390 ) ) ;
#7056 = CARTESIAN_POINT ( 'NONE',  ( -33.92238325557900000, -11.03021715377140000, 4.894202288202150100 ) ) ;
#7057 = DIRECTION ( 'NONE',  ( -1.000000000000000000, 0.0000000000000000000, 0.0000000000000000000 ) ) ;
#7058 = CARTESIAN_POINT ( 'NONE',  ( -32.62238325557900300, -9.942034537722500800, 12.55177100119000000 ) ) ;
#7059 = CARTESIAN_POINT ( 'NONE',  ( -52.76238325557899600, -16.00884666412899900, 12.02058214781100000 ) ) ;
#7060 = ORIENTED_EDGE ( 'NONE', *, *, #5031, .T. ) ;
#7061 = EDGE_CURVE ( 'NONE', #2066, #7796, #5035, .T. ) ;
#7062 = FACE_OUTER_BOUND ( 'NONE', #4715, .T. ) ;
#7063 = VECTOR ( 'NONE', #5760, 1000.000000000000100 ) ;
#7064 = EDGE_CURVE ( 'NONE', #5957, #10763, #729, .T. ) ;
#7065 = CARTESIAN_POINT ( 'NONE',  ( -37.32238325557816700, -4.032837756207508800, -0.6858229417191665800 ) ) ;
#7066 = CARTESIAN_POINT ( 'NONE',  ( -37.32238325557875700, -17.62006468297000300, 6.201693986801373600 ) ) ;
#7067 = VECTOR ( 'NONE', #5912, 1000.000000000000000 ) ;
#7068 = MECHANICAL_DESIGN_GEOMETRIC_PRESENTATION_REPRESENTATION (  '', ( #5378 ), #7637 ) ;
#7069 = ORIENTED_EDGE ( 'NONE', *, *, #10447, .T. ) ;
#7070 = CARTESIAN_POINT ( 'NONE',  ( -32.28285167300799700, -19.34688049661440300, 4.812081830496952200 ) ) ;
#7071 = LINE ( 'NONE', #2075, #9630 ) ;
#7072 = LINE ( 'NONE', #8706, #9081 ) ;
#7073 = DIRECTION ( 'NONE',  ( 1.000000000000000000, 6.830280870130652900E-014, -7.807046758802474700E-013 ) ) ;
#7074 = DIRECTION ( 'NONE',  ( 1.000000000000000000, 0.0000000000000000000, 0.0000000000000000000 ) ) ;
#7075 = CARTESIAN_POINT ( 'NONE',  ( -37.32238325557815300, -7.053212968576731100, -1.484154687614747300 ) ) ;
#7076 = ADVANCED_FACE ( 'F177', ( #9548 ), #5867, .T. ) ;
#7077 = DIRECTION ( 'NONE',  ( -0.0000000000000000000, 0.4226182617406960600, 0.9063077870366516000 ) ) ;
#7078 = EDGE_CURVE ( 'NONE', #5970, #2288, #4416, .T. ) ;
#7079 = ORIENTED_EDGE ( 'NONE', *, *, #1200, .T. ) ;
#7080 = VECTOR ( 'NONE', #5063, 1000.000000000000100 ) ;
#7081 = DIRECTION ( 'NONE',  ( -0.9659258262890556600, -0.2345697160098502700, 0.1093816549466278700 ) ) ;
#7082 = EDGE_CURVE ( 'NONE', #10322, #9184, #466, .T. ) ;
#7083 = LINE ( 'NONE', #8093, #274 ) ;
#7084 = CARTESIAN_POINT ( 'NONE',  ( -51.32238325557899800, -4.321185518616925200, 7.985368675092303200 ) ) ;
#7085 = EDGE_CURVE ( 'NONE', #1269, #5313, #9275, .T. ) ;
#7086 = EDGE_LOOP ( 'NONE', ( #6009, #2908, #7562, #8702, #3068, #1276, #9822, #1208, #8293, #5174, #771, #4749, #10913, #9445, #2156, #2900, #9885, #3704, #206, #7178, #8835, #5717, #9628, #4250, #4694, #10057, #6990, #6472, #2144 ) ) ;
#7087 = PRESENTATION_LAYER_ASSIGNMENT (  '', '', ( #5964 ) ) ;
#7088 = DIRECTION ( 'NONE',  ( -0.9659258262890281200, -0.2345697160099286000, 0.1093816549467035300 ) ) ;
#7089 = CARTESIAN_POINT ( 'NONE',  ( -51.32238325557848000, -10.95884666412801800, 11.32058214781301000 ) ) ;
#7090 = EDGE_LOOP ( 'NONE', ( #353, #3092, #8969, #7419, #1231, #6629, #241 ) ) ;
#7091 = PRESENTATION_STYLE_ASSIGNMENT (( #128 ) ) ;
#7092 = CARTESIAN_POINT ( 'NONE',  ( -53.12238325557815000, -10.97569358225190300, 9.044347730077504400 ) ) ;
#7093 = ADVANCED_FACE ( 'F71', ( #187 ), #1674, .T. ) ;
#7094 = LINE ( 'NONE', #773, #288 ) ;
#7095 = VECTOR ( 'NONE', #5712, 1000.000000000000000 ) ;
#7096 = CARTESIAN_POINT ( 'NONE',  ( -51.32238325557871400, -9.336446514473520300, 7.580024512671737800 ) ) ;
#7097 = LINE ( 'NONE', #10838, #290 ) ;
#7098 = CARTESIAN_POINT ( 'NONE',  ( -51.32238325557889900, -11.03090259749866900, 11.18547727274618000 ) ) ;
#7099 = CARTESIAN_POINT ( 'NONE',  ( -32.62238325557905200, -16.02229306550710300, 12.02058214780957500 ) ) ;
#7100 = ORIENTED_EDGE ( 'NONE', *, *, #10256, .T. ) ;
#7101 = LINE ( 'NONE', #8405, #9113 ) ;
#7102 = ORIENTED_EDGE ( 'NONE', *, *, #7360, .F. ) ;
#7103 = ORIENTED_EDGE ( 'NONE', *, *, #1180, .T. ) ;
#7104 = CARTESIAN_POINT ( 'NONE',  ( -34.04738325557900000, -14.79475466895400300, 2.677474452678500100 ) ) ;
#7105 = ORIENTED_EDGE ( 'NONE', *, *, #2458, .T. ) ;
#7106 = EDGE_CURVE ( 'NONE', #7776, #8651, #3986, .T. ) ;
#7107 = MECHANICAL_DESIGN_GEOMETRIC_PRESENTATION_REPRESENTATION (  '', ( #5977 ), #7674 ) ;
#7108 = VECTOR ( 'NONE', #1813, 1000.000000000000100 ) ;
#7109 = CARTESIAN_POINT ( 'NONE',  ( -41.17238325557900000, -10.66390838833397400, 2.130451596067556100 ) ) ;
#7110 = LINE ( 'NONE', #285, #2604 ) ;
#7111 = DIRECTION ( 'NONE',  ( -7.836868409118702800E-013, 0.0000000000000000000, -1.000000000000000000 ) ) ;
#7112 = CARTESIAN_POINT ( 'NONE',  ( -41.52238325557900100, -6.837813502444113600, 11.04539903225996000 ) ) ;
#7113 = CARTESIAN_POINT ( 'NONE',  ( -42.42238325557900700, -3.870385636181797700, 1.555518020450605600 ) ) ;
#7114 = ORIENTED_EDGE ( 'NONE', *, *, #223, .F. ) ;
#7115 = VECTOR ( 'NONE', #7932, 1000.000000000000100 ) ;
#7116 = VECTOR ( 'NONE', #3632, 1000.000000000000100 ) ;
#7117 = VERTEX_POINT ( 'NONE', #2529 ) ;
#7118 = SURFACE_STYLE_FILL_AREA ( #368 ) ;
#7119 = CARTESIAN_POINT ( 'NONE',  ( -51.62238325557900300, -9.298171507415913700, 7.898725688502104900 ) ) ;
#7120 = PRESENTATION_LAYER_ASSIGNMENT (  '', '', ( #6567 ) ) ;
#7121 = CARTESIAN_POINT ( 'NONE',  ( -43.92238325557900000, -12.95104640071999900, 24.43698650652899900 ) ) ;
#7122 = DIRECTION ( 'NONE',  ( 0.0000000000000000000, 0.9063077870367558500, -0.4226182617404725700 ) ) ;
#7123 = VERTEX_POINT ( 'NONE', #9366 ) ;
#7124 = LINE ( 'NONE', #7716, #324 ) ;
#7125 = VECTOR ( 'NONE', #7281, 1000.000000000000000 ) ;
#7126 = ORIENTED_EDGE ( 'NONE', *, *, #480, .F. ) ;
#7127 =( NAMED_UNIT ( * ) SI_UNIT ( $, .STERADIAN. ) SOLID_ANGLE_UNIT ( ) );
#7128 =( GEOMETRIC_REPRESENTATION_CONTEXT ( 3 ) GLOBAL_UNCERTAINTY_ASSIGNED_CONTEXT ( ( #1713 ) ) GLOBAL_UNIT_ASSIGNED_CONTEXT ( ( #3832, #9769, #4680 ) ) REPRESENTATION_CONTEXT ( 'NONE', 'WORKASPACE' ) );
#7129 =( NAMED_UNIT ( * ) PLANE_ANGLE_UNIT ( ) SI_UNIT ( $, .RADIAN. ) );
#7130 = ORIENTED_EDGE ( 'NONE', *, *, #5674, .T. ) ;
#7131 = DIRECTION ( 'NONE',  ( -0.0000000000000000000, -0.4226182617406826800, -0.9063077870366578200 ) ) ;
#7132 = DIRECTION ( 'NONE',  ( -1.000000000000000000, 0.0000000000000000000, 0.0000000000000000000 ) ) ;
#7133 = ADVANCED_FACE ( 'F5', ( #8203 ), #1426, .F. ) ;
#7134 = EDGE_LOOP ( 'NONE', ( #2076, #2109, #2966, #6132 ) ) ;
#7135 = VECTOR ( 'NONE', #4155, 1000.000000000000000 ) ;
#7136 = CARTESIAN_POINT ( 'NONE',  ( -30.12238325557900300, -8.314653991641572300, -0.3442461187675496800 ) ) ;
#7137 = ORIENTED_EDGE ( 'NONE', *, *, #9256, .T. ) ;
#7138 = AXIS2_PLACEMENT_3D ( 'NONE', #10504, #5391, #252 ) ;
#7139 = ORIENTED_EDGE ( 'NONE', *, *, #7803, .T. ) ;
#7140 = DIRECTION ( 'NONE',  ( 3.420548494710057900E-013, 0.4226182617410114100, 0.9063077870365045000 ) ) ;
#7141 = VERTEX_POINT ( 'NONE', #872 ) ;
#7143 = DIRECTION ( 'NONE',  ( -1.000000000000000000, -0.0000000000000000000, -0.0000000000000000000 ) ) ;
#7142 = DIRECTION ( 'NONE',  ( 0.0000000000000000000, 0.7660444431189737900, 0.6427876096865443600 ) ) ;
#7144 = ORIENTED_EDGE ( 'NONE', *, *, #10963, .F. ) ;
#7145 = EDGE_CURVE ( 'NONE', #1694, #1026, #5153, .T. ) ;
#7146 = CARTESIAN_POINT ( 'NONE',  ( -37.52238325557900100, -4.980643189124251100, 7.837845432904499500 ) ) ;
#7147 = EDGE_CURVE ( 'NONE', #933, #4366, #5937, .T. ) ;
#7148 = DIRECTION ( 'NONE',  ( -0.0000000000000000000, 0.7071067811865329200, 0.7071067811865621200 ) ) ;
#7149 = VECTOR ( 'NONE', #7914, 1000.000000000000000 ) ;
#7150 = ORIENTED_EDGE ( 'NONE', *, *, #3406, .F. ) ;
#7151 = CARTESIAN_POINT ( 'NONE',  ( -33.92238325557900000, -9.987963198679295800, 4.408191287200412300 ) ) ;
#7152 = PLANE ( 'NONE',  #11011 ) ;
#7153 = ORIENTED_EDGE ( 'NONE', *, *, #3845, .F. ) ;
#7154 = CARTESIAN_POINT ( 'NONE',  ( -51.32238325557899800, -4.419929865033798100, 8.103047610620601300 ) ) ;
#7155 = EDGE_CURVE ( 'NONE', #8559, #9195, #7387, .T. ) ;
#7156 = ORIENTED_EDGE ( 'NONE', *, *, #3782, .F. ) ;
#7157 = AXIS2_PLACEMENT_3D ( 'NONE', #890, #875, #850 ) ;
#7158 = DIRECTION ( 'NONE',  ( -0.0000000000000000000, -0.4226182617406975000, -0.9063077870366509400 ) ) ;
#7159 = ORIENTED_EDGE ( 'NONE', *, *, #354, .F. ) ;
#7160 = LINE ( 'NONE', #7092, #4938 ) ;
#7161 = ORIENTED_EDGE ( 'NONE', *, *, #2676, .F. ) ;
#7162 = EDGE_CURVE ( 'NONE', #335, #7258, #7124, .T. ) ;
#7163 = DIRECTION ( 'NONE',  ( -1.000000000000000000, -0.0000000000000000000, -0.0000000000000000000 ) ) ;
#7164 = CARTESIAN_POINT ( 'NONE',  ( -51.32238325557880600, -11.14022693413584600, 11.07049216368597800 ) ) ;
#7165 = ORIENTED_EDGE ( 'NONE', *, *, #2754, .F. ) ;
#7166 = CARTESIAN_POINT ( 'NONE',  ( -51.32238325557931800, -12.53962084841872700, 9.530406618924578400 ) ) ;
#7167 = ORIENTED_EDGE ( 'NONE', *, *, #589, .T. ) ;
#7168 = EDGE_CURVE ( 'NONE', #6663, #4226, #2620, .T. ) ;
#7169 = AXIS2_PLACEMENT_3D ( 'NONE', #8535, #3468, #9401 ) ;
#7170 = CARTESIAN_POINT ( 'NONE',  ( -30.82238325557900200, -19.58000647323200000, 4.967475480784002300 ) ) ;
#7171 = LINE ( 'NONE', #6750, #364 ) ;
#7172 = CARTESIAN_POINT ( 'NONE',  ( -39.42238325557900000, -7.778259198206692200, -1.146060078221983600 ) ) ;
#7173 = ORIENTED_EDGE ( 'NONE', *, *, #3846, .T. ) ;
#7174 = CARTESIAN_POINT ( 'NONE',  ( -51.32238325557882100, -11.70884666412818500, 10.87058214781311200 ) ) ;
#7175 = CARTESIAN_POINT ( 'NONE',  ( -54.32238325557869300, -8.277858131759446200, 17.98709218239890000 ) ) ;
#7176 = CARTESIAN_POINT ( 'NONE',  ( -51.32238325557899800, -6.795988248253936900, 9.845717046234623700 ) ) ;
#7177 = DIRECTION ( 'NONE',  ( -0.0000000000000000000, 0.4226182617406590300, 0.9063077870366688100 ) ) ;
#7178 = ORIENTED_EDGE ( 'NONE', *, *, #7435, .F. ) ;
#7179 = ORIENTED_EDGE ( 'NONE', *, *, #2309, .F. ) ;
#7180 = VERTEX_POINT ( 'NONE', #5214 ) ;
#7181 = FACE_OUTER_BOUND ( 'NONE', #4699, .T. ) ;
#7183 = DIRECTION ( 'NONE',  ( 1.000000000000000000, 0.0000000000000000000, 0.0000000000000000000 ) ) ;
#7182 = DIRECTION ( 'NONE',  ( 1.000000000000000000, 0.0000000000000000000, 0.0000000000000000000 ) ) ;
#7184 = ORIENTED_EDGE ( 'NONE', *, *, #6599, .F. ) ;
#7185 = DIRECTION ( 'NONE',  ( 1.000000000000000000, 6.807801527363549800E-014, -6.743438870400674900E-014 ) ) ;
#7186 = DIRECTION ( 'NONE',  ( 0.0000000000000000000, -0.9063077870368148000, 0.4226182617403458900 ) ) ;
#7187 = ORIENTED_EDGE ( 'NONE', *, *, #7168, .F. ) ;
#7188 = DIRECTION ( 'NONE',  ( 0.0000000000000000000, -0.9063077870366007500, 0.4226182617408049100 ) ) ;
#7189 = ADVANCED_FACE ( 'F52', ( #4641 ), #8856, .F. ) ;
#7190 = ORIENTED_EDGE ( 'NONE', *, *, #3953, .T. ) ;
#7191 = COLOUR_RGB ( '',1.000000000000000000, 0.3294117647058823500, 0.0000000000000000000 ) ;
#7192 = CARTESIAN_POINT ( 'NONE',  ( -53.12238325557907400, -4.967040512966566000, 14.93897457573901700 ) ) ;
#7193 = FACE_OUTER_BOUND ( 'NONE', #617, .T. ) ;
#7194 = FILL_AREA_STYLE ('',( #6356 ) ) ;
#7195 = DIRECTION ( 'NONE',  ( 0.0000000000000000000, 0.9063077870365755500, -0.4226182617408593700 ) ) ;
#7196 = LINE ( 'NONE', #8766, #9765 ) ;
#7197 = ORIENTED_EDGE ( 'NONE', *, *, #6823, .F. ) ;
#7198 = FACE_OUTER_BOUND ( 'NONE', #7951, .T. ) ;
#7199 = ORIENTED_EDGE ( 'NONE', *, *, #2264, .T. ) ;
#7200 = CARTESIAN_POINT ( 'NONE',  ( -40.40687423694200200, -9.958846664129000100, 11.32058214780999900 ) ) ;
#7201 = SURFACE_STYLE_FILL_AREA ( #7351 ) ;
#7202 = CARTESIAN_POINT ( 'NONE',  ( -37.32238325557794700, -21.03942434577557600, 1.175900069779927100 ) ) ;
#7203 = DIRECTION ( 'NONE',  ( -0.0000000000000000000, -0.6427876096865410300, 0.7660444431189765700 ) ) ;
#7204 = CARTESIAN_POINT ( 'NONE',  ( -43.02238325557900100, -1.768532463560014400, 3.223514795250087300 ) ) ;
#7205 = DIRECTION ( 'NONE',  ( 0.8829475928589505300, 0.1984072558012798500, 0.4254857331450616100 ) ) ;
#7206 = B_SPLINE_CURVE_WITH_KNOTS ( 'NONE', 3,
 ( #10380, #10400, #10132, #10125 ),
 .UNSPECIFIED., .F., .F.,
 ( 4, 4 ),
 ( 0.0000000000000000000, 1.000000000000000000 ),
 .UNSPECIFIED. ) ;
#7207 = VECTOR ( 'NONE', #3844, 999.9999999999998900 ) ;
#7208 = ORIENTED_EDGE ( 'NONE', *, *, #10150, .F. ) ;
#7209 = CARTESIAN_POINT ( 'NONE',  ( -51.32238325557862900, -11.55572780571832500, 10.87058214781336000 ) ) ;
#7210 = CYLINDRICAL_SURFACE ( 'NONE', #2414, 0.8500000000000053100 ) ;
#7211 = DIRECTION ( 'NONE',  ( 0.0000000000000000000, -0.4226182617407772100, -0.9063077870366137400 ) ) ;
#7212 = EDGE_CURVE ( 'NONE', #4409, #8798, #2353, .T. ) ;
#7213 = EDGE_CURVE ( 'NONE', #7984, #6642, #43, .T. ) ;
#7214 = LINE ( 'NONE', #3363, #4992 ) ;
#7215 = CARTESIAN_POINT ( 'NONE',  ( -51.62238325557900300, -10.23217921076300000, 5.895739704865899700 ) ) ;
#7216 =( LENGTH_UNIT ( ) NAMED_UNIT ( * ) SI_UNIT ( .MILLI., .METRE. ) );
#7218 = CARTESIAN_POINT ( 'NONE',  ( -51.32238325557882800, -4.615131473227127600, 9.191327933236845400 ) ) ;
#7217 = CARTESIAN_POINT ( 'NONE',  ( -43.02238325557900100, -6.846296362538233800, 13.86664937986541100 ) ) ;
#7219 = ORIENTED_EDGE ( 'NONE', *, *, #1675, .F. ) ;
#7220 = VECTOR ( 'NONE', #5765, 999.9999999999998900 ) ;
#7221 = EDGE_LOOP ( 'NONE', ( #4146, #10965, #9837, #1479 ) ) ;
#7222 = PRESENTATION_STYLE_ASSIGNMENT (( #9748 ) ) ;
#7223 = DIRECTION ( 'NONE',  ( -6.839766848137309200E-014, 1.000000000000000000, 0.0000000000000000000 ) ) ;
#7224 = CARTESIAN_POINT ( 'NONE',  ( -51.32238325557913300, -10.90382141096313800, 11.42058214876516200 ) ) ;
#7225 = VECTOR ( 'NONE', #2084, 1000.000000000000000 ) ;
#7226 = DIRECTION ( 'NONE',  ( -0.0000000000000000000, 0.4226182617406888900, 0.9063077870366549300 ) ) ;
#7227 = CARTESIAN_POINT ( 'NONE',  ( -54.32238325557899800, -3.973743268943700000, -2.097125433865800300 ) ) ;
#7228 = CARTESIAN_POINT ( 'NONE',  ( -44.82238325557901200, -11.56972811702900300, 0.8977753940222251700 ) ) ;
#7229 = EDGE_CURVE ( 'NONE', #10932, #5514, #591, .T. ) ;
#7230 = EDGE_CURVE ( 'NONE', #2619, #36, #6609, .T. ) ;
#7231 = ORIENTED_EDGE ( 'NONE', *, *, #8083, .F. ) ;
#7232 = EDGE_LOOP ( 'NONE', ( #2611, #8353, #4029, #3291 ) ) ;
#7233 = VECTOR ( 'NONE', #1000, 1000.000000000000000 ) ;
#7234 = VERTEX_POINT ( 'NONE', #989 ) ;
#7235 = DIRECTION ( 'NONE',  ( 1.000000000000000000, 0.0000000000000000000, 0.0000000000000000000 ) ) ;
#7236 = ORIENTED_EDGE ( 'NONE', *, *, #6757, .T. ) ;
#7237 = FACE_OUTER_BOUND ( 'NONE', #3478, .T. ) ;
#7238 = DIRECTION ( 'NONE',  ( 0.0000000000000000000, 0.4226182617407007200, 0.9063077870366492700 ) ) ;
#7239 = DIRECTION ( 'NONE',  ( 0.0000000000000000000, 0.4226182617408170700, 0.9063077870365950900 ) ) ;
#7240 = VECTOR ( 'NONE', #3056, 1000.000000000000100 ) ;
#7241 = EDGE_CURVE ( 'NONE', #1602, #8236, #4112, .T. ) ;
#7242 = STYLED_ITEM ( 'NONE', ( #9432 ), #4501 ) ;
#7243 = DIRECTION ( 'NONE',  ( -1.000000000000000000, -0.0000000000000000000, -0.0000000000000000000 ) ) ;
#7244 = CARTESIAN_POINT ( 'NONE',  ( -51.32238325557886300, -9.970373907084404400, 6.220562832116839600 ) ) ;
#7245 = VERTEX_POINT ( 'NONE', #3551 ) ;
#7246 = CARTESIAN_POINT ( 'NONE',  ( -39.42238325557900000, -4.957954980625800100, 2.062659934539449800 ) ) ;
#7247 = ORIENTED_EDGE ( 'NONE', *, *, #1530, .T. ) ;
#7248 = VECTOR ( 'NONE', #7333, 1000.000000000000000 ) ;
#7249 = ADVANCED_FACE ( 'F250', ( #6340 ), #2437, .T. ) ;
#7250 = CARTESIAN_POINT ( 'NONE',  ( -47.57238325557923300, -10.69542013671413900, 6.558657441510095300 ) ) ;
#7251 = CARTESIAN_POINT ( 'NONE',  ( -49.62238325557817100, -8.536769409500458000, 10.24141823171831700 ) ) ;
#7252 = ORIENTED_EDGE ( 'NONE', *, *, #2616, .T. ) ;
#7253 = ORIENTED_EDGE ( 'NONE', *, *, #838, .F. ) ;
#7254 = CARTESIAN_POINT ( 'NONE',  ( -51.32238325557899800, -13.02977908417486200, 7.712928149478414300 ) ) ;
#7255 = DIRECTION ( 'NONE',  ( -1.000000000000000000, 2.918290966787332300E-014, -1.088501248464561100E-013 ) ) ;
#7256 = MECHANICAL_DESIGN_GEOMETRIC_PRESENTATION_REPRESENTATION (  '', ( #6120 ), #7825 ) ;
#7257 = CIRCLE ( 'NONE', #3437, 0.9749999999998837400 ) ;
#7258 = VERTEX_POINT ( 'NONE', #10123 ) ;
#7260 = CARTESIAN_POINT ( 'NONE',  ( -37.32238325557858600, -16.94002720689061500, 9.967085604034050300 ) ) ;
#7259 = CARTESIAN_POINT ( 'NONE',  ( -43.92238325557900700, 6.534571020568099800, 15.35069387910400000 ) ) ;
#7261 = VECTOR ( 'NONE', #8397, 999.9999999999998900 ) ;
#7262 = CARTESIAN_POINT ( 'NONE',  ( -51.32238325557899800, -8.913828252732598000, 8.486332299708310600 ) ) ;
#7263 = ORIENTED_EDGE ( 'NONE', *, *, #8439, .F. ) ;
#7264 = UNCERTAINTY_MEASURE_WITH_UNIT (LENGTH_MEASURE( 1.000000000000000100E-005 ), #6116, 'distance_accuracy_value', 'NONE');
#7265 = AXIS2_PLACEMENT_3D ( 'NONE', #3020, #3141, #2712 ) ;
#7266 =( NAMED_UNIT ( * ) SI_UNIT ( $, .STERADIAN. ) SOLID_ANGLE_UNIT ( ) );
#7267 = DIRECTION ( 'NONE',  ( -0.8829475928589053400, -0.1984072558014194400, -0.4254857331450901400 ) ) ;
#7268 = B_SPLINE_CURVE_WITH_KNOTS ( 'NONE', 3,
 ( #2543, #2015, #1844, #1803 ),
 .UNSPECIFIED., .F., .F.,
 ( 4, 4 ),
 ( 0.9440678306874912300, 1.000000000000000000 ),
 .UNSPECIFIED. ) ;
#7269 = ORIENTED_EDGE ( 'NONE', *, *, #10780, .T. ) ;
#7270 = CARTESIAN_POINT ( 'NONE',  ( -32.62238325557900300, -10.77346742025899900, 15.14623035948399900 ) ) ;
#7271 = ORIENTED_EDGE ( 'NONE', *, *, #3046, .T. ) ;
#7272 = EDGE_CURVE ( 'NONE', #7582, #1166, #8597, .T. ) ;
#7273 = VERTEX_POINT ( 'NONE', #4185 ) ;
#7274 = DIRECTION ( 'NONE',  ( -0.0000000000000000000, -0.4226182617407127100, -0.9063077870366437200 ) ) ;
#7275 = SURFACE_STYLE_FILL_AREA ( #6473 ) ;
#7276 = DIRECTION ( 'NONE',  ( -0.0000000000000000000, 0.9063077870366470500, -0.4226182617407057700 ) ) ;
#7277 =( LENGTH_UNIT ( ) NAMED_UNIT ( * ) SI_UNIT ( .MILLI., .METRE. ) );
#7278 = ORIENTED_EDGE ( 'NONE', *, *, #9466, .F. ) ;
#7279 = PRESENTATION_LAYER_ASSIGNMENT (  '', '', ( #6147 ) ) ;
#7280 =( NAMED_UNIT ( * ) PLANE_ANGLE_UNIT ( ) SI_UNIT ( $, .RADIAN. ) );
#7281 = DIRECTION ( 'NONE',  ( 1.000000000000000000, 0.0000000000000000000, 0.0000000000000000000 ) ) ;
#7282 = DIRECTION ( 'NONE',  ( -1.000000000000000000, -1.124744024573817900E-013, -9.840235151880140300E-015 ) ) ;
#7283 = VERTEX_POINT ( 'NONE', #10969 ) ;
#7284 = CARTESIAN_POINT ( 'NONE',  ( -51.32238325557867900, -11.40282360989489200, 10.91293415823004100 ) ) ;
#7285 = VERTEX_POINT ( 'NONE', #6712 ) ;
#7286 = DIRECTION ( 'NONE',  ( 0.0000000000000000000, -2.859815558967970100E-013, -1.000000000000000000 ) ) ;
#7287 = STYLED_ITEM ( 'NONE', ( #1805 ), #10792 ) ;
#7288 = DIRECTION ( 'NONE',  ( -1.000000000000000000, 0.0000000000000000000, 0.0000000000000000000 ) ) ;
#7289 = LINE ( 'NONE', #6298, #11039 ) ;
#7290 = ORIENTED_EDGE ( 'NONE', *, *, #5887, .F. ) ;
#7291 = ADVANCED_FACE ( 'F53', ( #6064 ), #9248, .T. ) ;
#7292 = B_SPLINE_CURVE_WITH_KNOTS ( 'NONE', 3,
 ( #1162, #7099, #3772, #9707, #4619, #10558 ),
 .UNSPECIFIED., .F., .F.,
 ( 4, 2, 4 ),
 ( 0.0000000000000000000, 0.5000000000000000000, 1.000000000000000000 ),
 .UNSPECIFIED. ) ;
#7293 = DIRECTION ( 'NONE',  ( 0.0000000000000000000, 0.5735764363503419400, -0.8191520442894848500 ) ) ;
#7294 = EDGE_CURVE ( 'NONE', #1175, #3150, #1549, .T. ) ;
#7295 = EDGE_CURVE ( 'NONE', #2215, #8653, #3849, .T. ) ;
#7296 = CARTESIAN_POINT ( 'NONE',  ( -32.62238325557900300, -6.457431091337500800, 10.06452986892505100 ) ) ;
#7297 = VERTEX_POINT ( 'NONE', #9283 ) ;
#7298 = ORIENTED_EDGE ( 'NONE', *, *, #9164, .T. ) ;
#7299 = LINE ( 'NONE', #5296, #503 ) ;
#7300 = ADVANCED_FACE ( 'F260', ( #8331 ), #1657, .T. ) ;
#7301 = EDGE_LOOP ( 'NONE', ( #1583, #6150, #7269, #7710 ) ) ;
#7302 = DIRECTION ( 'NONE',  ( 0.0000000000000000000, -0.9063077870366533800, 0.4226182617406920000 ) ) ;
#7303 = EDGE_CURVE ( 'NONE', #5957, #8899, #1280, .T. ) ;
#7304 = CARTESIAN_POINT ( 'NONE',  ( -36.32238325557900500, -5.009469806945031000, 0.05922476646706919400 ) ) ;
#7305 =( LENGTH_UNIT ( ) NAMED_UNIT ( * ) SI_UNIT ( .MILLI., .METRE. ) );
#7306 = CARTESIAN_POINT ( 'NONE',  ( -51.32238325557899800, -10.62160808032813900, 10.37576731067828500 ) ) ;
#7307 = ORIENTED_EDGE ( 'NONE', *, *, #8932, .F. ) ;
#7308 = SURFACE_STYLE_USAGE ( .BOTH. , #1374 ) ;
#7309 = VERTEX_POINT ( 'NONE', #9321 ) ;
#7310 = VERTEX_POINT ( 'NONE', #5093 ) ;
#7311 = VERTEX_POINT ( 'NONE', #11043 ) ;
#7312 = CARTESIAN_POINT ( 'NONE',  ( -32.62238325557900300, -2.818420326596617500, 3.988930025728445500 ) ) ;
#7313 = FILL_AREA_STYLE ('',( #10513 ) ) ;
#7314 = CARTESIAN_POINT ( 'NONE',  ( -49.62238325557873300, -7.936021882540750000, 18.72016238453062400 ) ) ;
#7315 = EDGE_CURVE ( 'NONE', #1639, #4792, #5550, .T. ) ;
#7316 = STYLED_ITEM ( 'NONE', ( #2701 ), #6534 ) ;
#7317 = SURFACE_STYLE_USAGE ( .BOTH. , #7339 ) ;
#7318 = EDGE_LOOP ( 'NONE', ( #10172, #7011, #4966 ) ) ;
#7319 = ORIENTED_EDGE ( 'NONE', *, *, #3163, .T. ) ;
#7320 = FACE_OUTER_BOUND ( 'NONE', #8970, .T. ) ;
#7321 = FACE_OUTER_BOUND ( 'NONE', #584, .T. ) ;
#7322 = VERTEX_POINT ( 'NONE', #813 ) ;
#7323 = DIRECTION ( 'NONE',  ( 1.000000000000000000, 0.0000000000000000000, 0.0000000000000000000 ) ) ;
#7324 = CARTESIAN_POINT ( 'NONE',  ( -51.32238325557910500, -8.036873578239919900, 7.462290943796772600 ) ) ;
#7325 = DIRECTION ( 'NONE',  ( -1.000000000000000000, -0.0000000000000000000, -0.0000000000000000000 ) ) ;
#7326 = ORIENTED_EDGE ( 'NONE', *, *, #4362, .F. ) ;
#7327 = FACE_OUTER_BOUND ( 'NONE', #6403, .T. ) ;
#7328 = ORIENTED_EDGE ( 'NONE', *, *, #1974, .T. ) ;
#7329 = EDGE_CURVE ( 'NONE', #4649, #6982, #10347, .T. ) ;
#7330 = FACE_OUTER_BOUND ( 'NONE', #2503, .T. ) ;
#7331 = DIRECTION ( 'NONE',  ( 0.0000000000000000000, 0.9063077870363318600, -0.4226182617413817300 ) ) ;
#7332 = DIRECTION ( 'NONE',  ( -1.000000000000000000, -0.0000000000000000000, 0.0000000000000000000 ) ) ;
#7333 = DIRECTION ( 'NONE',  ( -0.7071067811866461600, -0.2988362387300836900, -0.6408563820556967300 ) ) ;
#7334 = VECTOR ( 'NONE', #9341, 1000.000000000000000 ) ;
#7335 = ORIENTED_EDGE ( 'NONE', *, *, #3340, .T. ) ;
#7336 = CIRCLE ( 'NONE', #6958, 0.3499999999996048500 ) ;
#7337 = CARTESIAN_POINT ( 'NONE',  ( -51.62238325557900300, -4.654395613744799900, 7.915755860929050600 ) ) ;
#7338 = ORIENTED_EDGE ( 'NONE', *, *, #1907, .T. ) ;
#7339 = SURFACE_SIDE_STYLE ('',( #7201 ) ) ;
#7340 = LINE ( 'NONE', #9326, #9350 ) ;
#7341 = DIRECTION ( 'NONE',  ( -1.000000000000000000, -0.0000000000000000000, -0.0000000000000000000 ) ) ;
#7342 = CARTESIAN_POINT ( 'NONE',  ( -30.12238325557900300, -16.47166810412900200, 4.286965468785500600 ) ) ;
#7343 = CARTESIAN_POINT ( 'NONE',  ( -32.62238325557896700, -3.258464111713007300, 5.474287564937022800 ) ) ;
#7344 = ADVANCED_FACE ( 'F87', ( #10079 ), #4771, .T. ) ;
#7345 = VECTOR ( 'NONE', #10386, 1000.000000000000000 ) ;
#7346 = ORIENTED_EDGE ( 'NONE', *, *, #11042, .T. ) ;
#7347 = FACE_OUTER_BOUND ( 'NONE', #7358, .T. ) ;
#7348 = SURFACE_STYLE_FILL_AREA ( #7507 ) ;
#7349 = CARTESIAN_POINT ( 'NONE',  ( -32.02238325557899400, -12.52922923051899900, 2.448576030213450000 ) ) ;
#7350 = AXIS2_PLACEMENT_3D ( 'NONE', #10310, #5213, #63 ) ;
#7351 = FILL_AREA_STYLE ('',( #7376 ) ) ;
#7352 = CARTESIAN_POINT ( 'NONE',  ( -35.97238325557899700, -12.68169827884099700, 15.31317892699903800 ) ) ;
#7353 = ADVANCED_FACE ( 'F124', ( #2478 ), #8727, .F. ) ;
#7354 = CARTESIAN_POINT ( 'NONE',  ( -37.32238325557853600, -19.80259325064453800, 6.667734812569014100 ) ) ;
#7355 = CARTESIAN_POINT ( 'NONE',  ( -43.02238325557900100, -4.515551164874719500, -2.667485820488484400 ) ) ;
#7356 = ORIENTED_EDGE ( 'NONE', *, *, #4212, .T. ) ;
#7357 = EDGE_CURVE ( 'NONE', #9021, #3453, #11001, .T. ) ;
#7358 = EDGE_LOOP ( 'NONE', ( #3817, #2928, #4556, #7380, #9595, #2451 ) ) ;
#7359 = LINE ( 'NONE', #7745, #2863 ) ;
#7360 = EDGE_CURVE ( 'NONE', #7043, #3667, #8998, .T. ) ;
#7361 = CIRCLE ( 'NONE', #1215, 1.099999999999667000 ) ;
#7362 = VECTOR ( 'NONE', #3120, 1000.000000000000000 ) ;
#7363 = DIRECTION ( 'NONE',  ( 0.0000000000000000000, -0.4226182617406827900, -0.9063077870366577100 ) ) ;
#7364 = PLANE ( 'NONE',  #3954 ) ;
#7365 = EDGE_CURVE ( 'NONE', #10878, #2960, #6726, .T. ) ;
#7366 = ORIENTED_EDGE ( 'NONE', *, *, #84, .T. ) ;
#7367 = LINE ( 'NONE', #5048, #2597 ) ;
#7368 = VECTOR ( 'NONE', #4892, 1000.000000000000100 ) ;
#7369 = ORIENTED_EDGE ( 'NONE', *, *, #1180, .F. ) ;
#7370 = ORIENTED_EDGE ( 'NONE', *, *, #4789, .F. ) ;
#7371 = VECTOR ( 'NONE', #4325, 1000.000000000000200 ) ;
#7372 = LINE ( 'NONE', #19, #577 ) ;
#7373 = DIRECTION ( 'NONE',  ( 0.0000000000000000000, 0.5735764363503419400, -0.8191520442894848500 ) ) ;
#7374 = EDGE_CURVE ( 'NONE', #10199, #6975, #2531, .T. ) ;
#7375 = EDGE_CURVE ( 'NONE', #10086, #3500, #2218, .T. ) ;
#7376 = FILL_AREA_STYLE_COLOUR ( '', #4979 ) ;
#7377 = CARTESIAN_POINT ( 'NONE',  ( -44.82238325557901200, -6.592725405493867500, 14.41043405208686500 ) ) ;
#7378 = DIRECTION ( 'NONE',  ( -0.0000000000000000000, 0.9063077870366502700, -0.4226182617406986600 ) ) ;
#7379 = FACE_OUTER_BOUND ( 'NONE', #4194, .T. ) ;
#7380 = ORIENTED_EDGE ( 'NONE', *, *, #8950, .F. ) ;
#7381 = DIRECTION ( 'NONE',  ( 1.000000000000000000, 0.0000000000000000000, 0.0000000000000000000 ) ) ;
#7382 = EDGE_CURVE ( 'NONE', #6419, #9871, #10753, .T. ) ;
#7383 = LINE ( 'NONE', #2083, #587 ) ;
#7384 = AXIS2_PLACEMENT_3D ( 'NONE', #4202, #10168, #5075 ) ;
#7385 = DIRECTION ( 'NONE',  ( 0.0000000000000000000, 0.9063077870365772200, -0.4226182617408554300 ) ) ;
#7386 = ORIENTED_EDGE ( 'NONE', *, *, #3190, .T. ) ;
#7387 = LINE ( 'NONE', #11093, #4902 ) ;
#7388 = CARTESIAN_POINT ( 'NONE',  ( -41.92238325557900000, -9.440392875807564400, 1.559916942705016100 ) ) ;
#7389 = VECTOR ( 'NONE', #426, 1000.000000000000000 ) ;
#7390 = VERTEX_POINT ( 'NONE', #2671 ) ;
#7391 = DIRECTION ( 'NONE',  ( 1.129040364025541300E-013, -1.000000000000000000, 0.0000000000000000000 ) ) ;
#7392 = CARTESIAN_POINT ( 'NONE',  ( -37.73309583395302300, -20.74127233793094800, 1.036869505228027000 ) ) ;
#7393 = EDGE_LOOP ( 'NONE', ( #7100, #2382, #9217, #3587 ) ) ;
#7394 = CARTESIAN_POINT ( 'NONE',  ( -42.42238325557900700, -13.25604627089507800, 3.670198717388171600 ) ) ;
#7395 = CARTESIAN_POINT ( 'NONE',  ( -41.22238325557900400, -10.30896003131179300, 7.150803653727202800 ) ) ;
#7396 = PRESENTATION_LAYER_ASSIGNMENT (  '', '', ( #6268 ) ) ;
#7397 = CARTESIAN_POINT ( 'NONE',  ( -53.12238325557899500, -10.37845644040845100, 7.238388281786599900 ) ) ;
#7398 = SURFACE_STYLE_FILL_AREA ( #464 ) ;
#7399 = ADVANCED_FACE ( 'F269', ( #8455 ), #7739, .T. ) ;
#7400 = CARTESIAN_POINT ( 'NONE',  ( -51.32238325557897000, -10.95884666412898900, 12.12058214781000300 ) ) ;
#7401 = VERTEX_POINT ( 'NONE', #1815 ) ;
#7402 = LINE ( 'NONE', #1559, #2912 ) ;
#7403 = ORIENTED_EDGE ( 'NONE', *, *, #10829, .T. ) ;
#7404 = ADVANCED_FACE ( 'F266', ( #1948 ), #90, .T. ) ;
#7405 = B_SPLINE_CURVE_WITH_KNOTS ( 'NONE', 3,
 ( #2748, #7822, #336, #6312 ),
 .UNSPECIFIED., .F., .F.,
 ( 4, 4 ),
 ( 0.0000000000000000000, 1.000000000000000000 ),
 .UNSPECIFIED. ) ;
#7406 = ORIENTED_EDGE ( 'NONE', *, *, #11042, .F. ) ;
#7407 = AXIS2_PLACEMENT_3D ( 'NONE', #9097, #9951, #10315 ) ;
#7408 = VERTEX_POINT ( 'NONE', #10340 ) ;
#7409 = DIRECTION ( 'NONE',  ( -1.000000000000000000, 0.0000000000000000000, 0.0000000000000000000 ) ) ;
#7410 =( LENGTH_UNIT ( ) NAMED_UNIT ( * ) SI_UNIT ( .MILLI., .METRE. ) );
#7411 = LINE ( 'NONE', #1248, #3194 ) ;
#7412 = DIRECTION ( 'NONE',  ( 0.0000000000000000000, 0.9063077870366472700, -0.4226182617407052100 ) ) ;
#7413 = PRESENTATION_LAYER_ASSIGNMENT (  '', '', ( #6858 ) ) ;
#7414 = ORIENTED_EDGE ( 'NONE', *, *, #6916, .T. ) ;
#7415 = ORIENTED_EDGE ( 'NONE', *, *, #3867, .F. ) ;
#7416 = EDGE_CURVE ( 'NONE', #149, #8079, #1677, .T. ) ;
#7417 = DIRECTION ( 'NONE',  ( -1.000000000000000000, 0.0000000000000000000, 0.0000000000000000000 ) ) ;
#7418 = DIRECTION ( 'NONE',  ( -1.000000000000000000, -0.0000000000000000000, -0.0000000000000000000 ) ) ;
#7419 = ORIENTED_EDGE ( 'NONE', *, *, #10320, .F. ) ;
#7420 = VECTOR ( 'NONE', #3230, 1000.000000000000100 ) ;
#7421 = CARTESIAN_POINT ( 'NONE',  ( -40.40687423694200200, -13.48864023429700000, 8.368249784179601700 ) ) ;
#7422 = EDGE_LOOP ( 'NONE', ( #2337, #2129, #5247, #4402 ) ) ;
#7423 = AXIS2_PLACEMENT_3D ( 'NONE', #5458, #5445, #5433 ) ;
#7424 = CARTESIAN_POINT ( 'NONE',  ( -37.73321025958583200, -21.33737430374156600, 1.314836416926848100 ) ) ;
#7425 = CARTESIAN_POINT ( 'NONE',  ( -33.32238325557899800, -4.515551164874722200, -2.667485820488482600 ) ) ;
#7426 = EDGE_LOOP ( 'NONE', ( #8909, #1767, #4652, #646 ) ) ;
#7427 = CARTESIAN_POINT ( 'NONE',  ( -37.32238325557846500, -19.56026042968252200, 4.347977324406856200 ) ) ;
#7428 = ORIENTED_EDGE ( 'NONE', *, *, #1484, .F. ) ;
#7429 = LINE ( 'NONE', #6890, #3214 ) ;
#7430 = EDGE_LOOP ( 'NONE', ( #8606, #11059, #7897, #2257 ) ) ;
#7431 = EDGE_CURVE ( 'NONE', #5313, #8067, #8195, .T. ) ;
#7432 = EDGE_CURVE ( 'NONE', #6051, #10275, #5924, .T. ) ;
#7433 = ORIENTED_EDGE ( 'NONE', *, *, #4644, .F. ) ;
#7434 = ORIENTED_EDGE ( 'NONE', *, *, #3493, .F. ) ;
#7435 = EDGE_CURVE ( 'NONE', #851, #4242, #10475, .T. ) ;
#7436 = ORIENTED_EDGE ( 'NONE', *, *, #10321, .F. ) ;
#7437 = VECTOR ( 'NONE', #6959, 1000.000000000000000 ) ;
#7438 =( GEOMETRIC_REPRESENTATION_CONTEXT ( 3 ) GLOBAL_UNCERTAINTY_ASSIGNED_CONTEXT ( ( #9923 ) ) GLOBAL_UNIT_ASSIGNED_CONTEXT ( ( #1191, #7129, #2056 ) ) REPRESENTATION_CONTEXT ( 'NONE', 'WORKASPACE' ) );
#7439 = ORIENTED_EDGE ( 'NONE', *, *, #10406, .T. ) ;
#7440 = DIRECTION ( 'NONE',  ( 0.0000000000000000000, 0.6427876096865410300, -0.7660444431189765700 ) ) ;
#7441 = DIRECTION ( 'NONE',  ( -4.211398694102966700E-014, 0.4521864367714026900, 0.8919234420060850900 ) ) ;
#7442 = CARTESIAN_POINT ( 'NONE',  ( -51.62238325557900300, -12.76384686860154900, 12.02058214781100000 ) ) ;
#7443 = ORIENTED_EDGE ( 'NONE', *, *, #451, .F. ) ;
#7444 = ADVANCED_FACE ( 'F77', ( #7918 ), #7815, .T. ) ;
#7445 = B_SPLINE_CURVE_WITH_KNOTS ( 'NONE', 3,
 ( #10261, #854, #1769, #7696 ),
 .UNSPECIFIED., .F., .F.,
 ( 4, 4 ),
 ( 0.0000000000000000000, 1.000000000000000000 ),
 .UNSPECIFIED. ) ;
#7446 = VERTEX_POINT ( 'NONE', #4437 ) ;
#7447 = DIRECTION ( 'NONE',  ( 0.0000000000000000000, -0.4226182617407113800, -0.9063077870366442700 ) ) ;
#7448 = VECTOR ( 'NONE', #3518, 1000.000000000000200 ) ;
#7449 = FACE_OUTER_BOUND ( 'NONE', #10259, .T. ) ;
#7450 = CARTESIAN_POINT ( 'NONE',  ( -29.82238325557900200, -17.37773186200781300, 3.881936498639411100 ) ) ;
#7451 = DIRECTION ( 'NONE',  ( 0.0000000000000000000, 0.9063077870366479400, -0.4226182617407038300 ) ) ;
#7452 = AXIS2_PLACEMENT_3D ( 'NONE', #8329, #3254, #9182 ) ;
#7453 = CARTESIAN_POINT ( 'NONE',  ( -37.32238325557903400, -17.78752259943334100, 10.69329257151690400 ) ) ;
#7454 = DIRECTION ( 'NONE',  ( 0.0000000000000000000, 0.9063077870366583700, -0.4226182617406812300 ) ) ;
#7455 = ADVANCED_FACE ( 'F153', ( #2612 ), #9582, .T. ) ;
#7456 = VECTOR ( 'NONE', #2795, 1000.000000000000000 ) ;
#7457 = ORIENTED_EDGE ( 'NONE', *, *, #1337, .T. ) ;
#7458 = VECTOR ( 'NONE', #4877, 1000.000000000000000 ) ;
#7459 = CARTESIAN_POINT ( 'NONE',  ( -52.82238325557876400, -12.00118871790785700, 18.00336379037385400 ) ) ;
#7460 = VECTOR ( 'NONE', #9791, 1000.000000000000000 ) ;
#7461 = CARTESIAN_POINT ( 'NONE',  ( -51.32238325557899800, -13.45884666412900000, 11.32058214908321900 ) ) ;
#7462 = CARTESIAN_POINT ( 'NONE',  ( -51.32238325557892000, -10.64917840446229600, 6.421202998021549900 ) ) ;
#7463 = CARTESIAN_POINT ( 'NONE',  ( -43.02238325557900100, -9.096798014241089800, 14.36438657526377200 ) ) ;
#7464 = AXIS2_PLACEMENT_3D ( 'NONE', #8214, #8085, #8391 ) ;
#7465 = FACE_OUTER_BOUND ( 'NONE', #788, .T. ) ;
#7466 = ORIENTED_EDGE ( 'NONE', *, *, #3151, .F. ) ;
#7467 = FACE_OUTER_BOUND ( 'NONE', #10313, .T. ) ;
#7468 = PRESENTATION_STYLE_ASSIGNMENT (( #10874 ) ) ;
#7469 = FACE_OUTER_BOUND ( 'NONE', #5329, .T. ) ;
#7470 = AXIS2_PLACEMENT_3D ( 'NONE', #8328, #677, #6656 ) ;
#7471 = ORIENTED_EDGE ( 'NONE', *, *, #9909, .F. ) ;
#7472 = FACE_OUTER_BOUND ( 'NONE', #8756, .T. ) ;
#7473 = CARTESIAN_POINT ( 'NONE',  ( -37.18166608463690900, -17.78752259943334800, 10.69329257151707300 ) ) ;
#7474 = ORIENTED_EDGE ( 'NONE', *, *, #1732, .T. ) ;
#7475 = CARTESIAN_POINT ( 'NONE',  ( -30.47238325557900000, -5.580056881995600000, 0.5873461449610000200 ) ) ;
#7476 = CIRCLE ( 'NONE', #6824, 8.500000000000085300 ) ;
#7477 = FILL_AREA_STYLE_COLOUR ( '', #7903 ) ;
#7478 = CARTESIAN_POINT ( 'NONE',  ( -40.42238325557900000, -12.43526095197400000, 5.785308751534599600 ) ) ;
#7479 = LINE ( 'NONE', #1596, #5253 ) ;
#7480 = PLANE ( 'NONE',  #1454 ) ;
#7481 = AXIS2_PLACEMENT_3D ( 'NONE', #2657, #2166, #2158 ) ;
#7482 = CARTESIAN_POINT ( 'NONE',  ( -51.32238325557899800, -12.66749085433600000, 12.02058214781100200 ) ) ;
#7483 = ORIENTED_EDGE ( 'NONE', *, *, #132, .T. ) ;
#7484 = LINE ( 'NONE', #77, #7233 ) ;
#7485 = VERTEX_POINT ( 'NONE', #6191 ) ;
#7486 = CARTESIAN_POINT ( 'NONE',  ( -31.42238325557900000, -11.26614967799099900, 3.238814760713600200 ) ) ;
#7487 =( LENGTH_UNIT ( ) NAMED_UNIT ( * ) SI_UNIT ( .MILLI., .METRE. ) );
#7488 = AXIS2_PLACEMENT_3D ( 'NONE', #5721, #6572, #1480 ) ;
#7489 = EDGE_LOOP ( 'NONE', ( #61, #936, #7236, #7298 ) ) ;
#7490 = CARTESIAN_POINT ( 'NONE',  ( -37.04100427989264700, -17.76216467618631600, 10.68146797771212100 ) ) ;
#7491 = CIRCLE ( 'NONE', #790, 0.8500000000000053100 ) ;
#7492 = DIRECTION ( 'NONE',  ( 1.000000000000000000, 0.0000000000000000000, 0.0000000000000000000 ) ) ;
#7493 = LINE ( 'NONE', #2488, #3016 ) ;
#7494 = CARTESIAN_POINT ( 'NONE',  ( -53.12238325557899500, -6.796357142760499800, 5.331554563858500000 ) ) ;
#7495 = EDGE_CURVE ( 'NONE', #9520, #233, #9393, .T. ) ;
#7496 = EDGE_CURVE ( 'NONE', #6678, #2376, #581, .T. ) ;
#7497 = ORIENTED_EDGE ( 'NONE', *, *, #461, .T. ) ;
#7498 = CARTESIAN_POINT ( 'NONE',  ( -37.32238325557896300, -16.89776538071631900, 10.05771638273809800 ) ) ;
#7499 = CARTESIAN_POINT ( 'NONE',  ( -41.62238325557900300, -7.449200067275399700, 9.734276312872699700 ) ) ;
#7500 = LINE ( 'NONE', #2916, #5270 ) ;
#7501 = ORIENTED_EDGE ( 'NONE', *, *, #8440, .T. ) ;
#7502 = DIRECTION ( 'NONE',  ( 0.7071067811865097100, -0.2988362387301761200, -0.6408563820558040900 ) ) ;
#7503 = ADVANCED_FACE ( 'F258', ( #4895 ), #4539, .T. ) ;
#7504 = VECTOR ( 'NONE', #1413, 1000.000000000000100 ) ;
#7505 = PLANE ( 'NONE',  #7891 ) ;
#7506 = EDGE_CURVE ( 'NONE', #6125, #6184, #4632, .T. ) ;
#7507 = FILL_AREA_STYLE ('',( #7848 ) ) ;
#7508 = PRESENTATION_LAYER_ASSIGNMENT (  '', '', ( #6396 ) ) ;
#7509 = ORIENTED_EDGE ( 'NONE', *, *, #10758, .T. ) ;
#7510 = VERTEX_POINT ( 'NONE', #2857 ) ;
#7511 = VECTOR ( 'NONE', #4168, 999.9999999999998900 ) ;
#7512 = ADVANCED_FACE ( 'F173', ( #2345, #9124, #33, #8849, #6602, #6854 ), #7890, .T. ) ;
#7513 = ORIENTED_EDGE ( 'NONE', *, *, #7572, .F. ) ;
#7514 = DIRECTION ( 'NONE',  ( 1.000000000000000000, -6.830280870090087800E-014, 7.807046758812214700E-013 ) ) ;
#7515 = EDGE_CURVE ( 'NONE', #4215, #3165, #10876, .T. ) ;
#7516 = CARTESIAN_POINT ( 'NONE',  ( -36.78099285167996200, -17.66455509193902500, 10.63595188106837800 ) ) ;
#7517 = DIRECTION ( 'NONE',  ( 0.0000000000000000000, 0.9063077870366523800, -0.4226182617406944500 ) ) ;
#7518 = EDGE_CURVE ( 'NONE', #8457, #979, #2078, .T. ) ;
#7520 = AXIS2_PLACEMENT_3D ( 'NONE', #2859, #4588, #10528 ) ;
#7519 = VECTOR ( 'NONE', #2379, 1000.000000000000000 ) ;
#7521 = ORIENTED_EDGE ( 'NONE', *, *, #7782, .T. ) ;
#7522 = MECHANICAL_DESIGN_GEOMETRIC_PRESENTATION_REPRESENTATION (  '', ( #4726 ), #8109 ) ;
#7523 = CARTESIAN_POINT ( 'NONE',  ( -51.32238325557899800, -12.97472872745576900, 12.02058214781100200 ) ) ;
#7524 = DIRECTION ( 'NONE',  ( 0.0000000000000000000, 0.6427876096865984300, -0.7660444431189283900 ) ) ;
#7525 = ORIENTED_EDGE ( 'NONE', *, *, #10257, .T. ) ;
#7526 = CARTESIAN_POINT ( 'NONE',  ( -36.66174553160554700, -17.59234183614204400, 10.60227828686998400 ) ) ;
#7527 = CARTESIAN_POINT ( 'NONE',  ( -37.32238325557875700, -18.50371477533049000, 6.613746791998519100 ) ) ;
#7528 = ORIENTED_EDGE ( 'NONE', *, *, #4846, .T. ) ;
#7529 = ORIENTED_EDGE ( 'NONE', *, *, #2822, .F. ) ;
#7530 = DIRECTION ( 'NONE',  ( -0.0000000000000000000, -0.4226182617406352100, -0.9063077870366800200 ) ) ;
#7531 = EDGE_CURVE ( 'NONE', #8422, #1214, #9638, .T. ) ;
#7532 = LINE ( 'NONE', #10693, #10105 ) ;
#7533 = DIRECTION ( 'NONE',  ( 1.000000000000000000, 0.0000000000000000000, 0.0000000000000000000 ) ) ;
#7534 = DIRECTION ( 'NONE',  ( 0.0000000000000000000, 0.9961946980917220100, 0.08715574274792735300 ) ) ;
#7535 = CARTESIAN_POINT ( 'NONE',  ( -40.42238325557900000, -10.46062760120515200, 3.394559204904950400 ) ) ;
#7536 = VERTEX_POINT ( 'NONE', #7065 ) ;
#7537 = VERTEX_POINT ( 'NONE', #6258 ) ;
#7538 = ORIENTED_EDGE ( 'NONE', *, *, #3618, .F. ) ;
#7539 = LINE ( 'NONE', #5586, #1044 ) ;
#7540 = ORIENTED_EDGE ( 'NONE', *, *, #3712, .T. ) ;
#7541 = DIRECTION ( 'NONE',  ( 0.0000000000000000000, 0.9063077870362917800, -0.4226182617414675500 ) ) ;
#7542 = AXIS2_PLACEMENT_3D ( 'NONE', #8283, #134, #3943 ) ;
#7543 = CARTESIAN_POINT ( 'NONE',  ( -44.62238325557899500, -4.620648734187900800, 8.342255044036399200 ) ) ;
#7544 = DIRECTION ( 'NONE',  ( 1.000000000000000000, 0.0000000000000000000, 0.0000000000000000000 ) ) ;
#7545 =( NAMED_UNIT ( * ) SI_UNIT ( $, .STERADIAN. ) SOLID_ANGLE_UNIT ( ) );
#7546 = VERTEX_POINT ( 'NONE', #10561 ) ;
#7547 = CARTESIAN_POINT ( 'NONE',  ( -31.42238325557900000, -12.14666306712100100, 3.649404897173000000 ) ) ;
#7548 = DIRECTION ( 'NONE',  ( 1.000000000000000000, 0.0000000000000000000, 0.0000000000000000000 ) ) ;
#7549 = MECHANICAL_DESIGN_GEOMETRIC_PRESENTATION_REPRESENTATION (  '', ( #6443 ), #8140 ) ;
#7550 = ORIENTED_EDGE ( 'NONE', *, *, #443, .T. ) ;
#7551 = ORIENTED_EDGE ( 'NONE', *, *, #8950, .T. ) ;
#7552 = DIRECTION ( 'NONE',  ( 1.000000000000000000, -7.807046758806955900E-013, -6.830280870083328900E-014 ) ) ;
#7553 = EDGE_CURVE ( 'NONE', #8104, #2596, #8585, .T. ) ;
#7554 = CARTESIAN_POINT ( 'NONE',  ( -51.32238325557904800, -5.364691164197469500, 7.912008850020281900 ) ) ;
#7555 = DIRECTION ( 'NONE',  ( -0.0000000000000000000, 0.4226182617407004400, 0.9063077870366493800 ) ) ;
#7556 = EDGE_CURVE ( 'NONE', #9420, #7683, #4102, .T. ) ;
#7557 = UNCERTAINTY_MEASURE_WITH_UNIT (LENGTH_MEASURE( 1.000000000000000100E-005 ), #2108, 'distance_accuracy_value', 'NONE');
#7558 = CARTESIAN_POINT ( 'NONE',  ( -36.46274140000032600, -17.41198284201593800, 10.51817550669191400 ) ) ;
#7559 = VERTEX_POINT ( 'NONE', #1201 ) ;
#7560 = CARTESIAN_POINT ( 'NONE',  ( -31.72238325557899700, -11.33900300988050000, 3.272786827295700400 ) ) ;
#7561 = ADVANCED_FACE ( 'F101', ( #1811 ), #8004, .T. ) ;
#7562 = ORIENTED_EDGE ( 'NONE', *, *, #3788, .T. ) ;
#7563 = ORIENTED_EDGE ( 'NONE', *, *, #10673, .T. ) ;
#7564 = CARTESIAN_POINT ( 'NONE',  ( -51.32238325557899800, -4.321185518616925200, 7.985368675092303200 ) ) ;
#7565 = ORIENTED_EDGE ( 'NONE', *, *, #1953, .T. ) ;
#7566 = ORIENTED_EDGE ( 'NONE', *, *, #6463, .T. ) ;
#7567 = DIRECTION ( 'NONE',  ( -0.0000000000000000000, 0.4226182617407078800, 0.9063077870366460500 ) ) ;
#7568 = DIRECTION ( 'NONE',  ( 0.0000000000000000000, 0.08715574274792735300, -0.9961946980917220100 ) ) ;
#7569 = ORIENTED_EDGE ( 'NONE', *, *, #6935, .F. ) ;
#7570 = DIRECTION ( 'NONE',  ( 1.000000000000000000, 0.0000000000000000000, 0.0000000000000000000 ) ) ;
#7571 = ORIENTED_EDGE ( 'NONE', *, *, #9082, .T. ) ;
#7572 = EDGE_CURVE ( 'NONE', #3283, #4186, #3836, .T. ) ;
#7573 = LINE ( 'NONE', #2211, #9883 ) ;
#7574 = EDGE_CURVE ( 'NONE', #6105, #8659, #1538, .T. ) ;
#7575 = DIRECTION ( 'NONE',  ( -0.0000000000000000000, 0.9063077870366494900, -0.4226182617407003800 ) ) ;
#7576 = VECTOR ( 'NONE', #7057, 1000.000000000000000 ) ;
#7577 = ORIENTED_EDGE ( 'NONE', *, *, #6537, .T. ) ;
#7578 = CARTESIAN_POINT ( 'NONE',  ( -43.02238325557900100, -12.68169827884100800, 15.31317892699900400 ) ) ;
#7579 = EDGE_CURVE ( 'NONE', #8688, #2689, #10613, .T. ) ;
#7580 = DIRECTION ( 'NONE',  ( 0.0000000000000000000, 0.9063077870366608200, -0.4226182617406761300 ) ) ;
#7581 =( GEOMETRIC_REPRESENTATION_CONTEXT ( 3 ) GLOBAL_UNCERTAINTY_ASSIGNED_CONTEXT ( ( #9262 ) ) GLOBAL_UNIT_ASSIGNED_CONTEXT ( ( #4295, #10229, #5132 ) ) REPRESENTATION_CONTEXT ( 'NONE', 'WORKASPACE' ) );
#7582 = VERTEX_POINT ( 'NONE', #8042 ) ;
#7583 = CYLINDRICAL_SURFACE ( 'NONE', #1427, 7.749999999999968900 ) ;
#7584 = CARTESIAN_POINT ( 'NONE',  ( -41.22238325557900400, -5.134878821936537100, 8.955090598530871300 ) ) ;
#7585 = ORIENTED_EDGE ( 'NONE', *, *, #7718, .T. ) ;
#7587 = DIRECTION ( 'NONE',  ( 0.9962405881956830600, 0.05568444403121927000, -0.06636213622581460500 ) ) ;
#7586 = DIRECTION ( 'NONE',  ( -1.000000000000000000, -6.807801527363549800E-014, 6.743438870400674900E-014 ) ) ;
#7588 = PRESENTATION_STYLE_ASSIGNMENT (( #483 ) ) ;
#7589 = CARTESIAN_POINT ( 'NONE',  ( -32.34717865322776500, -20.84932944359007200, 1.476872202372456800 ) ) ;
#7590 = CARTESIAN_POINT ( 'NONE',  ( -54.32238325557899100, -5.782672284976328600, 8.957161651249462500 ) ) ;
#7591 = LINE ( 'NONE', #10955, #3113 ) ;
#7592 = VERTEX_POINT ( 'NONE', #3848 ) ;
#7593 = CONICAL_SURFACE ( 'NONE', #5274, 0.9749999999997610600, 0.03288287980555698600 ) ;
#7594 = CARTESIAN_POINT ( 'NONE',  ( -53.12238325557899500, -7.593312901233400000, 5.261829969660099400 ) ) ;
#7595 = VECTOR ( 'NONE', #9761, 1000.000000000000100 ) ;
#7596 = FILL_AREA_STYLE_COLOUR ( '', #2491 ) ;
#7597 = B_SPLINE_CURVE_WITH_KNOTS ( 'NONE', 3,
 ( #3997, #2453, #2672, #1932, #1771, #1857, #1672, #1745, #4040, #2555 ),
 .UNSPECIFIED., .F., .F.,
 ( 4, 2, 2, 2, 4 ),
 ( 0.0000000000000000000, 0.2360169576718728100, 0.4720339153437456100, 0.7080508730156184200, 0.9440678306874912300 ),
 .UNSPECIFIED. ) ;
#7598 = COLOUR_RGB ( '',1.000000000000000000, 0.6588235294117647000, 0.0000000000000000000 ) ;
#7599 = AXIS2_PLACEMENT_3D ( 'NONE', #4404, #6075, #975 ) ;
#7600 = CARTESIAN_POINT ( 'NONE',  ( -36.38306288809744200, -17.30390806724929900, 10.46777941156488500 ) ) ;
#7601 = CARTESIAN_POINT ( 'NONE',  ( -31.42238325557900000, -9.832719534927814900, 0.3636394696480982300 ) ) ;
#7602 = CIRCLE ( 'NONE', #1008, 8.500000000000085300 ) ;
#7603 = ORIENTED_EDGE ( 'NONE', *, *, #4616, .T. ) ;
#7604 = VECTOR ( 'NONE', #4952, 1000.000000000000000 ) ;
#7605 = DIRECTION ( 'NONE',  ( 1.000000000000000000, -5.037441912124048900E-013, -6.003389496261228900E-013 ) ) ;
#7606 = PLANE ( 'NONE',  #8851 ) ;
#7607 = CYLINDRICAL_SURFACE ( 'NONE', #8640, 0.3499999999996048500 ) ;
#7608 =( LENGTH_UNIT ( ) NAMED_UNIT ( * ) SI_UNIT ( .MILLI., .METRE. ) );
#7609 = CARTESIAN_POINT ( 'NONE',  ( -53.12238325557866100, -11.70884666412944200, 11.72058214781121400 ) ) ;
#7610 = DIRECTION ( 'NONE',  ( 0.0000000000000000000, 0.0000000000000000000, 1.000000000000000000 ) ) ;
#7611 = AXIS2_PLACEMENT_3D ( 'NONE', #1496, #8289, #7451 ) ;
#7612 = ORIENTED_EDGE ( 'NONE', *, *, #2104, .T. ) ;
#7613 = VECTOR ( 'NONE', #4647, 1000.000000000000100 ) ;
#7614 = EDGE_LOOP ( 'NONE', ( #2586, #1453, #5435, #10210, #8121, #10182, #3589, #3210, #8596 ) ) ;
#7615 = FACE_OUTER_BOUND ( 'NONE', #3776, .T. ) ;
#7616 = LINE ( 'NONE', #2788, #5389 ) ;
#7617 = UNCERTAINTY_MEASURE_WITH_UNIT (LENGTH_MEASURE( 1.000000000000000100E-005 ), #7216, 'distance_accuracy_value', 'NONE');
#7618 = LINE ( 'NONE', #10784, #1115 ) ;
#7619 = ADVANCED_FACE ( 'F298', ( #1266 ), #5529, .T. ) ;
#7620 = AXIS2_PLACEMENT_3D ( 'NONE', #1573, #7530, #2466 ) ;
#7621 = CARTESIAN_POINT ( 'NONE',  ( -37.52238325557900100, -4.271958475651199900, 7.459985027664650700 ) ) ;
#7622 = CARTESIAN_POINT ( 'NONE',  ( -39.42238325557900000, -6.911891761638250900, 0.7118708852031500100 ) ) ;
#7623 = EDGE_CURVE ( 'NONE', #7979, #6369, #446, .T. ) ;
#7624 = CARTESIAN_POINT ( 'NONE',  ( -32.62238325557900300, -12.55164289603795100, 1.631494254870207600 ) ) ;
#7625 = CARTESIAN_POINT ( 'NONE',  ( -36.27536262815962700, -17.06825768514171700, 10.35789383374100600 ) ) ;
#7627 = DIRECTION ( 'NONE',  ( 1.320382972902144600E-013, 0.4226182617408431000, 0.9063077870365831000 ) ) ;
#7626 = DIRECTION ( 'NONE',  ( 0.0000000000000000000, 0.9063077870366472700, -0.4226182617407052100 ) ) ;
#7628 = ORIENTED_EDGE ( 'NONE', *, *, #507, .F. ) ;
#7629 = VECTOR ( 'NONE', #10960, 1000.000000000000000 ) ;
#7630 = EDGE_CURVE ( 'NONE', #6222, #9891, #5017, .T. ) ;
#7631 = PLANE ( 'NONE',  #3674 ) ;
#7632 = VECTOR ( 'NONE', #9064, 1000.000000000000000 ) ;
#7633 = VERTEX_POINT ( 'NONE', #437 ) ;
#7634 = VERTEX_POINT ( 'NONE', #8113 ) ;
#7635 = VECTOR ( 'NONE', #9396, 1000.000000000000000 ) ;
#7636 = VECTOR ( 'NONE', #482, 1000.000000000000100 ) ;
#7637 =( GEOMETRIC_REPRESENTATION_CONTEXT ( 3 ) GLOBAL_UNCERTAINTY_ASSIGNED_CONTEXT ( ( #2114 ) ) GLOBAL_UNIT_ASSIGNED_CONTEXT ( ( #8187, #8166, #8141 ) ) REPRESENTATION_CONTEXT ( 'NONE', 'WORKASPACE' ) );
#7638 = EDGE_CURVE ( 'NONE', #1853, #5313, #9252, .T. ) ;
#7639 = DIRECTION ( 'NONE',  ( -1.000000000000000000, -0.0000000000000000000, -0.0000000000000000000 ) ) ;
#7640 = CARTESIAN_POINT ( 'NONE',  ( -40.42238325557913500, -13.06586805311111900, 4.078037221554401600 ) ) ;
#7642 = CONICAL_SURFACE ( 'NONE', #10124, 0.9750000000004122000, 0.7853981633985509500 ) ;
#7641 = AXIS2_PLACEMENT_3D ( 'NONE', #10675, #5568, #435 ) ;
#7643 = CARTESIAN_POINT ( 'NONE',  ( -36.24738325557797900, -16.94077479616337500, 10.29844758632669500 ) ) ;
#7644 = CARTESIAN_POINT ( 'NONE',  ( -51.62238325557900300, -12.76384686860154900, 11.42058214781099900 ) ) ;
#7645 = VECTOR ( 'NONE', #6903, 1000.000000000000000 ) ;
#7646 = VERTEX_POINT ( 'NONE', #3049 ) ;
#7647 = LINE ( 'NONE', #1179, #858 ) ;
#7648 = DIRECTION ( 'NONE',  ( -0.0000000000000000000, 0.9063077870366799100, -0.4226182617406351600 ) ) ;
#7649 = EDGE_CURVE ( 'NONE', #3169, #3084, #165, .T. ) ;
#7650 = B_SPLINE_CURVE_WITH_KNOTS ( 'NONE', 3,
 ( #5216, #5073, #4937, #4924, #4903, #4891, #4815, #4798, #4790, #4711 ),
 .UNSPECIFIED., .F., .F.,
 ( 4, 2, 2, 2, 4 ),
 ( 0.7500000000000000000, 0.8750000000000000000, 1.000000000000000000, 1.125000000000000000, 1.250000000000000000 ),
 .UNSPECIFIED. ) ;
#7651 = EDGE_CURVE ( 'NONE', #1580, #5381, #2469, .T. ) ;
#7652 = DIRECTION ( 'NONE',  ( 1.000000000000000000, -0.0000000000000000000, 0.0000000000000000000 ) ) ;
#7653 = CARTESIAN_POINT ( 'NONE',  ( -44.82238325557850800, -9.940139156514645100, 4.510750438767490600 ) ) ;
#7654 = CARTESIAN_POINT ( 'NONE',  ( -51.32238325557899100, -9.276351367547251300, 8.655379604404601000 ) ) ;
#7655 = ORIENTED_EDGE ( 'NONE', *, *, #8022, .T. ) ;
#7656 = CARTESIAN_POINT ( 'NONE',  ( -53.12238325557920900, -7.006587835685086100, 7.734502379634748500 ) ) ;
#7657 = FACE_OUTER_BOUND ( 'NONE', #5847, .T. ) ;
#7658 = VERTEX_POINT ( 'NONE', #3961 ) ;
#7659 = APPLICATION_PROTOCOL_DEFINITION ( 'draft international standard', 'automotive_design', 1998, #8520 ) ;
#7660 = EDGE_CURVE ( 'NONE', #9260, #1557, #4760, .T. ) ;
#7661 = CARTESIAN_POINT ( 'NONE',  ( -36.24738325557782300, -16.68570866057416400, 10.17950829396544600 ) ) ;
#7662 = FACE_OUTER_BOUND ( 'NONE', #5558, .T. ) ;
#7663 = MECHANICAL_DESIGN_GEOMETRIC_PRESENTATION_REPRESENTATION (  '', ( #5964 ), #8244 ) ;
#7664 = VERTEX_POINT ( 'NONE', #4802 ) ;
#7665 = CARTESIAN_POINT ( 'NONE',  ( -37.52238325557900100, -4.042145142715510200, 7.652821310570592700 ) ) ;
#7666 = DIRECTION ( 'NONE',  ( 2.267628511755847600E-028, -0.9063077870366553800, 0.4226182617406878900 ) ) ;
#7667 = VECTOR ( 'NONE', #2161, 1000.000000000000100 ) ;
#7668 = VERTEX_POINT ( 'NONE', #5639 ) ;
#7669 = VECTOR ( 'NONE', #10879, 1000.000000000000000 ) ;
#7670 = CARTESIAN_POINT ( 'NONE',  ( -54.32238325557900500, -10.50542654018050100, 2.470317016206000200 ) ) ;
#7671 = CARTESIAN_POINT ( 'NONE',  ( -37.32238325557843000, -17.82978442560737500, 10.60266179281353900 ) ) ;
#7672 = ORIENTED_EDGE ( 'NONE', *, *, #7870, .T. ) ;
#7673 = EDGE_CURVE ( 'NONE', #9451, #7311, #5678, .T. ) ;
#7674 =( GEOMETRIC_REPRESENTATION_CONTEXT ( 3 ) GLOBAL_UNCERTAINTY_ASSIGNED_CONTEXT ( ( #525 ) ) GLOBAL_UNIT_ASSIGNED_CONTEXT ( ( #5364, #229, #6216 ) ) REPRESENTATION_CONTEXT ( 'NONE', 'WORKASPACE' ) );
#7675 = VERTEX_POINT ( 'NONE', #1394 ) ;
#7676 = ORIENTED_EDGE ( 'NONE', *, *, #3368, .F. ) ;
#7677 = ORIENTED_EDGE ( 'NONE', *, *, #10765, .F. ) ;
#7678 = CARTESIAN_POINT ( 'NONE',  ( -51.32238325557899800, -3.123064441796700000, 9.313183097155999200 ) ) ;
#7679 = SURFACE_SIDE_STYLE ('',( #10490 ) ) ;
#7680 = LINE ( 'NONE', #10107, #5442 ) ;
#7681 = DIRECTION ( 'NONE',  ( -1.000000000000000000, -0.0000000000000000000, -0.0000000000000000000 ) ) ;
#7682 = ADVANCED_FACE ( 'F146', ( #4485 ), #4227, .T. ) ;
#7683 = VERTEX_POINT ( 'NONE', #1435 ) ;
#7684 = ORIENTED_EDGE ( 'NONE', *, *, #1032, .T. ) ;
#7685 = MECHANICAL_DESIGN_GEOMETRIC_PRESENTATION_REPRESENTATION (  '', ( #6567 ), #8270 ) ;
#7686 = DIRECTION ( 'NONE',  ( 0.0000000000000000000, -0.4226182617406955600, -0.9063077870366517100 ) ) ;
#7687 = CARTESIAN_POINT ( 'NONE',  ( -44.82238325557901200, -12.55164289603808200, 1.631494254870278900 ) ) ;
#7688 = ORIENTED_EDGE ( 'NONE', *, *, #2184, .T. ) ;
#7689 = LINE ( 'NONE', #5262, #3203 ) ;
#7690 = APPLICATION_CONTEXT ( 'automotive_design' ) ;
#7691 = ORIENTED_EDGE ( 'NONE', *, *, #9269, .T. ) ;
#7692 = CARTESIAN_POINT ( 'NONE',  ( -36.27536262815932100, -16.55822577159580100, 10.12006204655110700 ) ) ;
#7693 = CARTESIAN_POINT ( 'NONE',  ( -37.52238325557900100, -4.373214286649651500, 7.113939856134857500 ) ) ;
#7694 = ORIENTED_EDGE ( 'NONE', *, *, #5268, .T. ) ;
#7695 = ORIENTED_EDGE ( 'NONE', *, *, #7014, .T. ) ;
#7696 = CARTESIAN_POINT ( 'NONE',  ( -51.32238325557899100, -12.45884666412917400, 12.12058214781109600 ) ) ;
#7697 = AXIS2_PLACEMENT_3D ( 'NONE', #8960, #8111, #8074 ) ;
#7698 = DIRECTION ( 'NONE',  ( -1.000000000000000000, 0.0000000000000000000, 0.0000000000000000000 ) ) ;
#7699 = ORIENTED_EDGE ( 'NONE', *, *, #10789, .F. ) ;
#7700 = LINE ( 'NONE', #3763, #5463 ) ;
#7701 = DIRECTION ( 'NONE',  ( 0.0000000000000000000, -0.8191520442890231100, -0.5735764363510013100 ) ) ;
#7702 = ORIENTED_EDGE ( 'NONE', *, *, #4972, .T. ) ;
#7704 = DIRECTION ( 'NONE',  ( -1.000000000000000000, 6.782848364076685300E-015, -7.752831156315364500E-014 ) ) ;
#7703 =( LENGTH_UNIT ( ) NAMED_UNIT ( * ) SI_UNIT ( .MILLI., .METRE. ) );
#7705 = CARTESIAN_POINT ( 'NONE',  ( -43.12238325557900300, -4.042145142715500400, 7.652821310570601600 ) ) ;
#7706 = CARTESIAN_POINT ( 'NONE',  ( -54.32238325557900500, -13.19265353163359000, 3.806144885443408600 ) ) ;
#7707 = CARTESIAN_POINT ( 'NONE',  ( -51.32238325557899800, -10.59657404653500000, 11.42058214781100200 ) ) ;
#7708 = AXIS2_PLACEMENT_3D ( 'NONE', #3752, #9682, #4597 ) ;
#7709 = ORIENTED_EDGE ( 'NONE', *, *, #5185, .T. ) ;
#7710 = ORIENTED_EDGE ( 'NONE', *, *, #6622, .T. ) ;
#7711 = LINE ( 'NONE', #11008, #3495 ) ;
#7712 = ORIENTED_EDGE ( 'NONE', *, *, #1466, .F. ) ;
#7713 = CARTESIAN_POINT ( 'NONE',  ( -41.52238325557900100, -9.012952191332180600, 12.05968286043783700 ) ) ;
#7714 = ADVANCED_FACE ( 'F6', ( #8711 ), #2290, .T. ) ;
#7715 = EDGE_CURVE ( 'NONE', #1194, #6905, #1936, .T. ) ;
#7716 = CARTESIAN_POINT ( 'NONE',  ( -54.32238325557899800, -12.00118871894399700, 18.00336378991100300 ) ) ;
#7717 = CARTESIAN_POINT ( 'NONE',  ( -32.02238325557899400, -12.25709286525088400, 1.494143319804444900 ) ) ;
#7718 = EDGE_CURVE ( 'NONE', #8492, #3570, #6718, .T. ) ;
#7719 = CARTESIAN_POINT ( 'NONE',  ( -36.38306288809685200, -16.32257538948814400, 10.01017646872712200 ) ) ;
#7720 = DIRECTION ( 'NONE',  ( -1.483828250715999000E-013, -0.7660444431187658500, -0.6427876096867922700 ) ) ;
#7721 = EDGE_LOOP ( 'NONE', ( #2696, #4397, #5112, #8490 ) ) ;
#7722 = DIRECTION ( 'NONE',  ( -9.246967768031133200E-014, 0.4226182617409443600, 0.9063077870365358100 ) ) ;
#7723 = VERTEX_POINT ( 'NONE', #9961 ) ;
#7724 = EDGE_CURVE ( 'NONE', #2066, #10060, #10738, .T. ) ;
#7725 = CIRCLE ( 'NONE', #1682, 1.174999999999922300 ) ;
#7726 = VECTOR ( 'NONE', #6829, 1000.000000000000200 ) ;
#7727 = DIRECTION ( 'NONE',  ( 0.0000000000000000000, 0.4226182617409959800, 0.9063077870365116000 ) ) ;
#7728 = DIRECTION ( 'NONE',  ( 0.0000000000000000000, -1.000000000000000000, 0.0000000000000000000 ) ) ;
#7729 = CARTESIAN_POINT ( 'NONE',  ( -32.62238325557900300, -12.82353523214801200, 1.758279733392061000 ) ) ;
#7730 = VECTOR ( 'NONE', #6131, 1000.000000000000100 ) ;
#7731 = CARTESIAN_POINT ( 'NONE',  ( -36.46274139999961500, -16.21450061472145900, 9.959780373600009900 ) ) ;
#7732 = ORIENTED_EDGE ( 'NONE', *, *, #8784, .T. ) ;
#7733 = LINE ( 'NONE', #3122, #5495 ) ;
#7734 = EDGE_CURVE ( 'NONE', #10060, #8480, #10992, .T. ) ;
#7735 = VECTOR ( 'NONE', #8357, 1000.000000000000000 ) ;
#7736 = ADVANCED_FACE ( 'F139', ( #5915 ), #4064, .T. ) ;
#7737 = CARTESIAN_POINT ( 'NONE',  ( -32.62238325557900300, -2.479570376838000600, 5.251669303196498700 ) ) ;
#7738 = EDGE_CURVE ( 'NONE', #4036, #7040, #10461, .T. ) ;
#7739 = PLANE ( 'NONE',  #6494 ) ;
#7740 = AXIS2_PLACEMENT_3D ( 'NONE', #10191, #1706, #7626 ) ;
#7741 = AXIS2_PLACEMENT_3D ( 'NONE', #7909, #8764, #3715 ) ;
#7742 = FACE_OUTER_BOUND ( 'NONE', #4682, .T. ) ;
#7743 = ORIENTED_EDGE ( 'NONE', *, *, #9673, .T. ) ;
#7745 = CARTESIAN_POINT ( 'NONE',  ( -28.92238325557900700, -4.938483130409613500, 4.977531546916029700 ) ) ;
#7744 = DIRECTION ( 'NONE',  ( 1.000000000000000000, 6.830280870130652900E-014, -7.807046758802474700E-013 ) ) ;
#7746 = LINE ( 'NONE', #939, #9778 ) ;
#7747 = ORIENTED_EDGE ( 'NONE', *, *, #4826, .T. ) ;
#7748 = SURFACE_STYLE_FILL_AREA ( #10909 ) ;
#7749 = VECTOR ( 'NONE', #4099, 1000.000000000000000 ) ;
#7750 = CARTESIAN_POINT ( 'NONE',  ( -32.32238325557899800, -7.297418560681900400, -5.080239469021300600 ) ) ;
#7751 = ORIENTED_EDGE ( 'NONE', *, *, #6407, .T. ) ;
#7752 = LINE ( 'NONE', #2310, #1517 ) ;
#7753 = EDGE_LOOP ( 'NONE', ( #18, #3205, #4978, #9955, #7981, #5676 ) ) ;
#7754 = CARTESIAN_POINT ( 'NONE',  ( -43.02238325557900100, -3.341743566558500700, 11.68076061320999800 ) ) ;
#7755 = CARTESIAN_POINT ( 'NONE',  ( -39.92238325557900000, -12.28378023973399800, 4.927059395685630800 ) ) ;
#7756 = CIRCLE ( 'NONE', #7464, 6.999999999999811700 ) ;
#7757 = AXIS2_PLACEMENT_3D ( 'NONE', #10106, #9270, #4207 ) ;
#7758 = CARTESIAN_POINT ( 'NONE',  ( -36.66174553160462300, -16.03414162059520400, 9.875677593421743300 ) ) ;
#7759 = PRESENTATION_STYLE_ASSIGNMENT (( #4318 ) ) ;
#7760 = CARTESIAN_POINT ( 'NONE',  ( -37.32238325557835200, -7.444807540225499000, -5.163373856330403900 ) ) ;
#7761 = FACE_OUTER_BOUND ( 'NONE', #9153, .T. ) ;
#7762 = DIRECTION ( 'NONE',  ( 0.0000000000000000000, -0.4226182617405991300, -0.9063077870366967900 ) ) ;
#7763 = ORIENTED_EDGE ( 'NONE', *, *, #3965, .T. ) ;
#7764 = DIRECTION ( 'NONE',  ( -1.000000000000000000, 0.0000000000000000000, 0.0000000000000000000 ) ) ;
#7765 = CYLINDRICAL_SURFACE ( 'NONE', #108, 0.8500000000000053100 ) ;
#7766 = ORIENTED_EDGE ( 'NONE', *, *, #4829, .F. ) ;
#7767 = CARTESIAN_POINT ( 'NONE',  ( -49.62238325557837700, -8.536769409482920100, 10.24141823170077200 ) ) ;
#7768 = ORIENTED_EDGE ( 'NONE', *, *, #4343, .F. ) ;
#7769 = LINE ( 'NONE', #3693, #5265 ) ;
#7770 = VECTOR ( 'NONE', #4154, 1000.000000000000200 ) ;
#7771 = AXIS2_PLACEMENT_3D ( 'NONE', #9775, #9988, #10021 ) ;
#7772 = DIRECTION ( 'NONE',  ( 0.9659258262891014000, -0.2345697160096910400, 0.1093816549465660300 ) ) ;
#7773 = ADVANCED_FACE ( 'F39', ( #6185 ), #6601, .T. ) ;
#7774 = ORIENTED_EDGE ( 'NONE', *, *, #718, .F. ) ;
#7775 = VECTOR ( 'NONE', #9685, 1000.000000000000200 ) ;
#7776 = VERTEX_POINT ( 'NONE', #7425 ) ;
#7777 = AXIS2_PLACEMENT_3D ( 'NONE', #566, #1452, #7381 ) ;
#7778 = CARTESIAN_POINT ( 'NONE',  ( -32.32238325557899800, -7.297418560681899500, -5.080239469021299700 ) ) ;
#7779 = CARTESIAN_POINT ( 'NONE',  ( -47.37238325557901000, -13.06586805311106200, 4.078037221554629000 ) ) ;
#7780 = LINE ( 'NONE', #9898, #3285 ) ;
#7781 = CARTESIAN_POINT ( 'NONE',  ( -28.92238325557900300, -6.484738590598549700, -0.3700162448278000400 ) ) ;
#7782 = EDGE_CURVE ( 'NONE', #4912, #4341, #8182, .T. ) ;
#7783 = DIRECTION ( 'NONE',  ( 0.0000000000000000000, 0.6427876096865071700, -0.7660444431190051000 ) ) ;
#7784 = EDGE_CURVE ( 'NONE', #9875, #9568, #10194, .T. ) ;
#7785 = ORIENTED_EDGE ( 'NONE', *, *, #4273, .T. ) ;
#7786 = SURFACE_STYLE_USAGE ( .BOTH. , #1862 ) ;
#7787 = CARTESIAN_POINT ( 'NONE',  ( -30.82238325557900200, -2.479570376838000600, 5.251669303196499600 ) ) ;
#7788 = VERTEX_POINT ( 'NONE', #7461 ) ;
#7789 = ORIENTED_EDGE ( 'NONE', *, *, #236, .T. ) ;
#7790 = VECTOR ( 'NONE', #8498, 1000.000000000000100 ) ;
#7791 = VECTOR ( 'NONE', #685, 1000.000000000000000 ) ;
#7792 = EDGE_LOOP ( 'NONE', ( #9099, #4914, #3224, #688 ) ) ;
#7793 = LINE ( 'NONE', #5244, #8063 ) ;
#7794 = FILL_AREA_STYLE ('',( #4418 ) ) ;
#7795 = DIRECTION ( 'NONE',  ( 1.000000000000000000, -6.782848364076685300E-015, 7.752831156315364500E-014 ) ) ;
#7796 = VERTEX_POINT ( 'NONE', #8340 ) ;
#7797 = ORIENTED_EDGE ( 'NONE', *, *, #1158, .F. ) ;
#7798 = CARTESIAN_POINT ( 'NONE',  ( -36.92238325557900000, -15.48187538801802500, 2.446195146573946700 ) ) ;
#7799 = ADVANCED_FACE ( 'F161', ( #5663 ), #5777, .T. ) ;
#7800 = LINE ( 'NONE', #4090, #1014 ) ;
#7801 = ORIENTED_EDGE ( 'NONE', *, *, #7382, .F. ) ;
#7802 = CARTESIAN_POINT ( 'NONE',  ( -30.82238325557900500, -16.27826268893811300, 11.89435404479294300 ) ) ;
#7803 = EDGE_CURVE ( 'NONE', #4264, #7546, #1123, .T. ) ;
#7804 = LINE ( 'NONE', #3545, #3307 ) ;
#7805 = EDGE_CURVE ( 'NONE', #2336, #4167, #9930, .T. ) ;
#7806 = CARTESIAN_POINT ( 'NONE',  ( -53.12238325557893100, -10.95884666412934100, 12.12058214781009400 ) ) ;
#7807 = ORIENTED_EDGE ( 'NONE', *, *, #6315, .T. ) ;
#7808 = DIRECTION ( 'NONE',  ( 1.320382972902144400E-013, 0.4226182617408429900, 0.9063077870365828800 ) ) ;
#7809 = ORIENTED_EDGE ( 'NONE', *, *, #5613, .F. ) ;
#7810 = EDGE_CURVE ( 'NONE', #2769, #4204, #3414, .T. ) ;
#7811 = EDGE_LOOP ( 'NONE', ( #7032, #3522, #7263, #7563 ) ) ;
#7812 = AXIS2_PLACEMENT_3D ( 'NONE', #4065, #4316, #8787 ) ;
#7813 = CIRCLE ( 'NONE', #10881, 0.5249999999999497300 ) ;
#7814 = ORIENTED_EDGE ( 'NONE', *, *, #607, .F. ) ;
#7815 = PLANE ( 'NONE',  #1138 ) ;
#7816 = DIRECTION ( 'NONE',  ( 1.110322045395690000E-014, 0.4226182617406863400, 0.9063077870366560400 ) ) ;
#7817 = ORIENTED_EDGE ( 'NONE', *, *, #5689, .T. ) ;
#7819 = CARTESIAN_POINT ( 'NONE',  ( -52.76238325557899600, -16.00884666412899900, 12.02058214781100000 ) ) ;
#7818 = CARTESIAN_POINT ( 'NONE',  ( -50.62238325557901000, -9.942034537722548700, 12.55177100119002300 ) ) ;
#7820 = ORIENTED_EDGE ( 'NONE', *, *, #1105, .T. ) ;
#7821 = DIRECTION ( 'NONE',  ( 1.000000000000000000, 0.0000000000000000000, 0.0000000000000000000 ) ) ;
#7822 = CARTESIAN_POINT ( 'NONE',  ( -51.32238325557899800, -12.79217999746233400, 11.32058214781100200 ) ) ;
#7823 = CARTESIAN_POINT ( 'NONE',  ( -29.52238325557900100, -7.408590233762200100, 0.06078285137849992500 ) ) ;
#7824 = ORIENTED_EDGE ( 'NONE', *, *, #6190, .F. ) ;
#7825 =( GEOMETRIC_REPRESENTATION_CONTEXT ( 3 ) GLOBAL_UNCERTAINTY_ASSIGNED_CONTEXT ( ( #6493 ) ) GLOBAL_UNIT_ASSIGNED_CONTEXT ( ( #8544, #3475, #9415 ) ) REPRESENTATION_CONTEXT ( 'NONE', 'WORKASPACE' ) );
#7826 = VECTOR ( 'NONE', #1993, 1000.000000000000000 ) ;
#7827 = ORIENTED_EDGE ( 'NONE', *, *, #10403, .F. ) ;
#7828 = CARTESIAN_POINT ( 'NONE',  ( -39.92238325557900000, -10.09361776411460100, 4.181614340441199400 ) ) ;
#7829 = CARTESIAN_POINT ( 'NONE',  ( -51.52238325557900100, -9.340433333590072000, 7.808094909798352700 ) ) ;
#7830 = ADVANCED_FACE ( 'F244', ( #9661 ), #9380, .F. ) ;
#7831 = DIRECTION ( 'NONE',  ( -7.755234363190354400E-014, 0.0000000000000000000, 1.000000000000000000 ) ) ;
#7832 = ORIENTED_EDGE ( 'NONE', *, *, #8720, .F. ) ;
#7833 = DIRECTION ( 'NONE',  ( -1.000000000000000000, 6.782848364076685300E-015, -7.752831156315364500E-014 ) ) ;
#7834 = ORIENTED_EDGE ( 'NONE', *, *, #7553, .F. ) ;
#7835 = CARTESIAN_POINT ( 'NONE',  ( -51.32238325557899800, -9.029211997070303800, 8.238891061461806900 ) ) ;
#7836 = VERTEX_POINT ( 'NONE', #725 ) ;
#7837 = AXIS2_PLACEMENT_3D ( 'NONE', #3392, #3701, #3585 ) ;
#7838 = CARTESIAN_POINT ( 'NONE',  ( -51.32238325557872800, -7.006587835685220300, 7.734502379634682800 ) ) ;
#7839 = DIRECTION ( 'NONE',  ( -1.483828250715999000E-013, -0.7660444431187658500, -0.6427876096867922700 ) ) ;
#7840 = PLANE ( 'NONE',  #5196 ) ;
#7841 = VERTEX_POINT ( 'NONE', #6700 ) ;
#7842 = CARTESIAN_POINT ( 'NONE',  ( -51.32238325557892000, -11.44076012357505200, 9.802190875056897600 ) ) ;
#7843 = ORIENTED_EDGE ( 'NONE', *, *, #67, .F. ) ;
#7844 = CARTESIAN_POINT ( 'NONE',  ( -36.78099285167895300, -15.96192836479813300, 9.842003999223223300 ) ) ;
#7845 = ORIENTED_EDGE ( 'NONE', *, *, #2253, .F. ) ;
#7846 = FACE_OUTER_BOUND ( 'NONE', #1063, .T. ) ;
#7847 = EDGE_CURVE ( 'NONE', #5787, #9999, #2871, .T. ) ;
#7848 = FILL_AREA_STYLE_COLOUR ( '', #2854 ) ;
#7849 = ORIENTED_EDGE ( 'NONE', *, *, #5544, .T. ) ;
#7850 = DIRECTION ( 'NONE',  ( -0.0000000000000000000, 0.9063077870366472700, -0.4226182617407051600 ) ) ;
#7851 = PLANE ( 'NONE',  #208 ) ;
#7852 = MECHANICAL_DESIGN_GEOMETRIC_PRESENTATION_REPRESENTATION (  '', ( #6147 ), #8429 ) ;
#7853 = DIRECTION ( 'NONE',  ( -0.7071067811864476500, -0.2988362387301399800, -0.6408563820558893500 ) ) ;
#7854 = ORIENTED_EDGE ( 'NONE', *, *, #3334, .T. ) ;
#7855 = DIRECTION ( 'NONE',  ( 7.836868409121039300E-013, 1.000000000000000000, 0.0000000000000000000 ) ) ;
#7856 = ORIENTED_EDGE ( 'NONE', *, *, #1477, .F. ) ;
#7858 = CARTESIAN_POINT ( 'NONE',  ( -52.66238325557900200, -8.710742796047201300, 9.158470625338399200 ) ) ;
#7857 = DIRECTION ( 'NONE',  ( 0.0000000000000000000, 0.0000000000000000000, 1.000000000000000000 ) ) ;
#7859 = LINE ( 'NONE', #9271, #3638 ) ;
#7860 = CARTESIAN_POINT ( 'NONE',  ( -51.32238325557899800, -10.75019772874900400, 11.42058214781100000 ) ) ;
#7861 = AXIS2_PLACEMENT_3D ( 'NONE', #8674, #10405, #5308 ) ;
#7862 = CARTESIAN_POINT ( 'NONE',  ( -51.32238325557899100, -12.97472872840986500, 11.42058214876516200 ) ) ;
#7863 = VERTEX_POINT ( 'NONE', #2468 ) ;
#7864 = FACE_OUTER_BOUND ( 'NONE', #6058, .T. ) ;
#7865 = ADVANCED_FACE ( 'F160', ( #571 ), #5016, .T. ) ;
#7866 = ORIENTED_EDGE ( 'NONE', *, *, #4737, .F. ) ;
#7867 =( NAMED_UNIT ( * ) PLANE_ANGLE_UNIT ( ) SI_UNIT ( $, .RADIAN. ) );
#7868 = EDGE_CURVE ( 'NONE', #9383, #2029, #3146, .T. ) ;
#7869 = DIRECTION ( 'NONE',  ( 0.0000000000000000000, 0.4226182617405612200, 0.9063077870367144400 ) ) ;
#7870 = EDGE_CURVE ( 'NONE', #8866, #10511, #7367, .T. ) ;
#7871 = LINE ( 'NONE', #11051, #1083 ) ;
#7872 =( NAMED_UNIT ( * ) PLANE_ANGLE_UNIT ( ) SI_UNIT ( $, .RADIAN. ) );
#7873 = CARTESIAN_POINT ( 'NONE',  ( -37.04100427989153100, -15.86431878055066800, 9.796487902579219300 ) ) ;
#7874 = DIRECTION ( 'NONE',  ( 0.8829475928589505300, 0.1984072558012798500, 0.4254857331450616100 ) ) ;
#7875 = EDGE_CURVE ( 'NONE', #1192, #2631, #7101, .T. ) ;
#7876 = VECTOR ( 'NONE', #1432, 1000.000000000000000 ) ;
#7877 = ORIENTED_EDGE ( 'NONE', *, *, #2606, .F. ) ;
#7878 = LINE ( 'NONE', #8755, #1091 ) ;
#7879 = LINE ( 'NONE', #10009, #9633 ) ;
#7880 = LINE ( 'NONE', #7654, #3380 ) ;
#7881 = FILL_AREA_STYLE_COLOUR ( '', #10822 ) ;
#7882 = ADVANCED_FACE ( 'F55', ( #4881 ), #9305, .T. ) ;
#7883 = VERTEX_POINT ( 'NONE', #1641 ) ;
#7884 = FACE_OUTER_BOUND ( 'NONE', #10885, .T. ) ;
#7885 = DIRECTION ( 'NONE',  ( 0.0000000000000000000, 0.9063077870366667000, -0.4226182617406634700 ) ) ;
#7886 = LINE ( 'NONE', #11074, #5646 ) ;
#7887 = PRESENTATION_STYLE_ASSIGNMENT (( #11019 ) ) ;
#7888 = DIRECTION ( 'NONE',  ( 0.0000000000000000000, -0.6427876096865341400, 0.7660444431189823400 ) ) ;
#7889 = EDGE_CURVE ( 'NONE', #102, #559, #4621, .T. ) ;
#7890 = PLANE ( 'NONE',  #5143 ) ;
#7891 = AXIS2_PLACEMENT_3D ( 'NONE', #698, #2430, #8377 ) ;
#7892 = DIRECTION ( 'NONE',  ( -1.000000000000000000, 0.0000000000000000000, -0.0000000000000000000 ) ) ;
#7893 = DIRECTION ( 'NONE',  ( -6.040919398697628100E-013, 0.0000000000000000000, -1.000000000000000000 ) ) ;
#7894 = ORIENTED_EDGE ( 'NONE', *, *, #595, .F. ) ;
#7895 = VERTEX_POINT ( 'NONE', #799 ) ;
#7896 = VECTOR ( 'NONE', #2053, 1000.000000000000100 ) ;
#7897 = ORIENTED_EDGE ( 'NONE', *, *, #9947, .T. ) ;
#7898 = LINE ( 'NONE', #9402, #1112 ) ;
#7899 = DIRECTION ( 'NONE',  ( 1.000000000000000000, 0.0000000000000000000, 0.0000000000000000000 ) ) ;
#7900 = CARTESIAN_POINT ( 'NONE',  ( -30.82238325557899800, -4.521016523252851200, 8.223517998716451100 ) ) ;
#7901 = VECTOR ( 'NONE', #976, 1000.000000000000100 ) ;
#7902 = VECTOR ( 'NONE', #10709, 1000.000000000000100 ) ;
#7903 = COLOUR_RGB ( '',1.000000000000000000, 0.3294117647058823500, 0.0000000000000000000 ) ;
#7904 = CARTESIAN_POINT ( 'NONE',  ( -32.02238325557899400, -7.170633082159729300, -4.808347132910387100 ) ) ;
#7905 = EDGE_CURVE ( 'NONE', #7634, #749, #6843, .T. ) ;
#7906 = DIRECTION ( 'NONE',  ( -0.0000000000000000000, -0.0000000000000000000, -1.000000000000000000 ) ) ;
#7907 = ORIENTED_EDGE ( 'NONE', *, *, #6512, .T. ) ;
#7908 = VECTOR ( 'NONE', #2362, 1000.000000000000000 ) ;
#7909 = CARTESIAN_POINT ( 'NONE',  ( -32.62238325557900300, -5.134878821937101100, 8.955090598531599600 ) ) ;
#7910 = VECTOR ( 'NONE', #7341, 1000.000000000000000 ) ;
#7911 = EDGE_LOOP ( 'NONE', ( #8817, #5434, #10146, #9932, #7551, #3367, #3305, #3624, #4780, #75 ) ) ;
#7912 = ORIENTED_EDGE ( 'NONE', *, *, #9055, .T. ) ;
#7913 = LINE ( 'NONE', #8528, #7635 ) ;
#7914 = DIRECTION ( 'NONE',  ( -1.000000000000000000, 0.0000000000000000000, 0.0000000000000000000 ) ) ;
#7915 = LINE ( 'NONE', #741, #5407 ) ;
#7916 = DIRECTION ( 'NONE',  ( 0.0000000000000000000, 0.0000000000000000000, 1.000000000000000000 ) ) ;
#7917 = VERTEX_POINT ( 'NONE', #9343 ) ;
#7918 = FACE_OUTER_BOUND ( 'NONE', #5966, .T. ) ;
#7919 = DIRECTION ( 'NONE',  ( 1.000000000000000000, 0.0000000000000000000, 0.0000000000000000000 ) ) ;
#7920 = LINE ( 'NONE', #952, #3428 ) ;
#7921 = ORIENTED_EDGE ( 'NONE', *, *, #6973, .T. ) ;
#7922 = AXIS2_PLACEMENT_3D ( 'NONE', #9840, #9943, #9482 ) ;
#7923 = CARTESIAN_POINT ( 'NONE',  ( -37.32238325557787600, -15.83896085730351200, 9.784663308773991400 ) ) ;
#7924 = CIRCLE ( 'NONE', #7138, 0.09999999999996643500 ) ;
#7925 = ADVANCED_FACE ( 'F205', ( #4353 ), #10867, .F. ) ;
#7926 = PLANE ( 'NONE',  #1591 ) ;
#7927 = CARTESIAN_POINT ( 'NONE',  ( -53.12238325557899500, -7.898358000850000100, 8.748511412981699200 ) ) ;
#7928 = CARTESIAN_POINT ( 'NONE',  ( -47.57238325557924700, -10.06149274410298500, 7.918119122063869100 ) ) ;
#7929 = AXIS2_PLACEMENT_3D ( 'NONE', #7594, #2528, #8472 ) ;
#7930 = ORIENTED_EDGE ( 'NONE', *, *, #9683, .F. ) ;
#7931 = PLANE ( 'NONE',  #2530 ) ;
#7932 = DIRECTION ( 'NONE',  ( 0.0000000000000000000, -0.4226182617407700500, -0.9063077870366170700 ) ) ;
#7933 = CARTESIAN_POINT ( 'NONE',  ( -37.98302097955228600, -17.59234183614157800, 10.60227828686931600 ) ) ;
#7934 = VECTOR ( 'NONE', #350, 1000.000000000000100 ) ;
#7935 = ORIENTED_EDGE ( 'NONE', *, *, #4970, .F. ) ;
#7936 = VECTOR ( 'NONE', #8126, 1000.000000000000000 ) ;
#7937 = DIRECTION ( 'NONE',  ( -0.0000000000000000000, 0.9063077870366476100, -0.4226182617407044900 ) ) ;
#7938 = ORIENTED_EDGE ( 'NONE', *, *, #7001, .T. ) ;
#7939 = EDGE_CURVE ( 'NONE', #7234, #4425, #296, .T. ) ;
#7940 = EDGE_CURVE ( 'NONE', #8082, #6373, #2065, .T. ) ;
#7941 = ADVANCED_FACE ( 'F50', ( #1797 ), #8307, .T. ) ;
#7942 = ORIENTED_EDGE ( 'NONE', *, *, #10406, .F. ) ;
#7943 = DIRECTION ( 'NONE',  ( 0.0000000000000000000, 0.9063077870369216100, -0.4226182617401169100 ) ) ;
#7944 = CYLINDRICAL_SURFACE ( 'NONE', #608, 1.199999999999910700 ) ;
#7945 = ORIENTED_EDGE ( 'NONE', *, *, #10789, .T. ) ;
#7946 = EDGE_CURVE ( 'NONE', #6373, #2148, #8836, .T. ) ;
#7947 = LINE ( 'NONE', #8282, #7669 ) ;
#7948 = CARTESIAN_POINT ( 'NONE',  ( -51.32238325557899800, -10.70884829306466600, 9.338061385076400700 ) ) ;
#7949 = AXIS2_PLACEMENT_3D ( 'NONE', #2665, #2649, #2625 ) ;
#7950 = DIRECTION ( 'NONE',  ( 0.2588190451030250600, -0.8754260980654612300, 0.4082178936766978100 ) ) ;
#7951 = EDGE_LOOP ( 'NONE', ( #9847, #3233, #7501, #9737 ) ) ;
#7952 = VERTEX_POINT ( 'NONE', #10246 ) ;
#7953 = VERTEX_POINT ( 'NONE', #5150 ) ;
#7954 = EDGE_CURVE ( 'NONE', #7592, #2777, #1529, .T. ) ;
#7955 = EDGE_CURVE ( 'NONE', #937, #637, #6045, .T. ) ;
#7956 = ORIENTED_EDGE ( 'NONE', *, *, #147, .T. ) ;
#7957 = CARTESIAN_POINT ( 'NONE',  ( -31.42238325557900000, -5.314077798697528700, -1.743437776414947300 ) ) ;
#7958 = FACE_OUTER_BOUND ( 'NONE', #1197, .T. ) ;
#7959 = CARTESIAN_POINT ( 'NONE',  ( -32.62238325557900300, -19.05866746453965300, 4.665769642965313000 ) ) ;
#7960 = ORIENTED_EDGE ( 'NONE', *, *, #1612, .T. ) ;
#7961 = EDGE_CURVE ( 'NONE', #5199, #5261, #10597, .T. ) ;
#7962 = CARTESIAN_POINT ( 'NONE',  ( -51.32238325557899800, -4.780812184017897000, 7.599696114657427300 ) ) ;
#7963 = UNCERTAINTY_MEASURE_WITH_UNIT (LENGTH_MEASURE( 1.000000000000000100E-005 ), #6152, 'distance_accuracy_value', 'NONE');
#7964 = ORIENTED_EDGE ( 'NONE', *, *, #5754, .T. ) ;
#7965 = DIRECTION ( 'NONE',  ( 0.9659258262891066100, -0.2345697160096739400, 0.1093816549465563600 ) ) ;
#7966 = DIRECTION ( 'NONE',  ( 1.000000000000000000, 6.807801527363549800E-014, -6.743438870400674900E-014 ) ) ;
#7967 = ORIENTED_EDGE ( 'NONE', *, *, #7295, .T. ) ;
#7968 = DIRECTION ( 'NONE',  ( 0.0000000000000000000, -0.4226182617406604700, -0.9063077870366681400 ) ) ;
#7969 = CARTESIAN_POINT ( 'NONE',  ( -53.12238325557955700, -10.01593332559327400, 7.069340977090808700 ) ) ;
#7970 = FACE_OUTER_BOUND ( 'NONE', #5359, .T. ) ;
#7971 = DIRECTION ( 'NONE',  ( 1.000000000000000000, -6.782848364076685300E-015, 7.752831156315364500E-014 ) ) ;
#7972 = VERTEX_POINT ( 'NONE', #5187 ) ;
#7974 = CARTESIAN_POINT ( 'NONE',  ( -51.32238325557915500, -10.36480585860235200, 7.859425365313347500 ) ) ;
#7973 = DIRECTION ( 'NONE',  ( -1.483828250715999000E-013, -0.7660444431187658500, -0.6427876096867922700 ) ) ;
#7975 = DIRECTION ( 'NONE',  ( 0.0000000000000000000, -0.4226182617406968300, -0.9063077870366512700 ) ) ;
#7976 = CARTESIAN_POINT ( 'NONE',  ( -42.42238325557900700, -9.900588106886150500, 2.602042942425200100 ) ) ;
#7977 = PLANE ( 'NONE',  #1167 ) ;
#7978 = MECHANICAL_DESIGN_GEOMETRIC_PRESENTATION_REPRESENTATION (  '', ( #6268 ), #8546 ) ;
#7979 = VERTEX_POINT ( 'NONE', #10286 ) ;
#7980 = ORIENTED_EDGE ( 'NONE', *, *, #10970, .T. ) ;
#7981 = ORIENTED_EDGE ( 'NONE', *, *, #9314, .F. ) ;
#7982 = LINE ( 'NONE', #6027, #1196 ) ;
#7983 = ADVANCED_FACE ( 'F213', ( #3824 ), #7765, .F. ) ;
#7984 = VERTEX_POINT ( 'NONE', #6878 ) ;
#7985 = CARTESIAN_POINT ( 'NONE',  ( -51.32238325557906900, -12.51387191825309700, 11.42058214781100000 ) ) ;
#7986 = UNCERTAINTY_MEASURE_WITH_UNIT (LENGTH_MEASURE( 1.000000000000000100E-005 ), #3266, 'distance_accuracy_value', 'NONE');
#7987 = ORIENTED_EDGE ( 'NONE', *, *, #10122, .T. ) ;
#7988 = CARTESIAN_POINT ( 'NONE',  ( -51.62238325557900300, -10.29344818626600000, 5.764347962886200000 ) ) ;
#7989 = ORIENTED_EDGE ( 'NONE', *, *, #8363, .F. ) ;
#7990 = LINE ( 'NONE', #8753, #5472 ) ;
#7991 = ORIENTED_EDGE ( 'NONE', *, *, #2768, .F. ) ;
#7992 = CARTESIAN_POINT ( 'NONE',  ( -37.32238325557903400, -17.78752259943334100, 10.69329257151690400 ) ) ;
#7993 = DIRECTION ( 'NONE',  ( 0.0000000000000000000, 0.9063077870366472700, -0.4226182617407052100 ) ) ;
#7994 = CARTESIAN_POINT ( 'NONE',  ( -28.92238325557900700, -18.30158350517102800, 4.312735594845239700 ) ) ;
#7995 = MECHANICAL_DESIGN_GEOMETRIC_PRESENTATION_REPRESENTATION (  '', ( #6858 ), #8562 ) ;
#7996 = CARTESIAN_POINT ( 'NONE',  ( -51.32238325557899800, -5.077045227133004000, 7.952732908034976200 ) ) ;
#7997 = ORIENTED_EDGE ( 'NONE', *, *, #8670, .T. ) ;
#7998 = CARTESIAN_POINT ( 'NONE',  ( -51.06987062899399600, -5.239357217244539700, 8.146168805371365500 ) ) ;
#7999 = VECTOR ( 'NONE', #4201, 1000.000000000000000 ) ;
#8000 = CARTESIAN_POINT ( 'NONE',  ( -40.42238325557900000, -12.07247110884306600, 5.380213289248541000 ) ) ;
#8001 = LINE ( 'NONE', #2782, #10017 ) ;
#8002 = CARTESIAN_POINT ( 'NONE',  ( -53.12238325557899500, -6.795988249071701400, 9.845717047209200600 ) ) ;
#8003 = EDGE_CURVE ( 'NONE', #9807, #149, #10056, .T. ) ;
#8004 = PLANE ( 'NONE',  #6838 ) ;
#8005 = CARTESIAN_POINT ( 'NONE',  ( -50.62238325557900300, -8.779102231573014900, 12.56117571750225700 ) ) ;
#8006 = LINE ( 'NONE', #6874, #5755 ) ;
#8007 = ORIENTED_EDGE ( 'NONE', *, *, #7574, .F. ) ;
#8009 = PLANE ( 'NONE',  #2634 ) ;
#8008 = CARTESIAN_POINT ( 'NONE',  ( -51.32238325557899800, -12.97472872841000300, 11.62058214781100000 ) ) ;
#8010 = VECTOR ( 'NONE', #3964, 1000.000000000000000 ) ;
#8011 = CARTESIAN_POINT ( 'NONE',  ( -37.46310042652115200, -17.78752259943324900, 10.69329257151693500 ) ) ;
#8012 = ORIENTED_EDGE ( 'NONE', *, *, #3864, .F. ) ;
#8013 = SURFACE_STYLE_FILL_AREA ( #8602 ) ;
#8014 = CARTESIAN_POINT ( 'NONE',  ( -32.62238325557901000, -5.863649496057550300, 10.64998882335697600 ) ) ;
#8015 = VECTOR ( 'NONE', #1820, 1000.000000000000200 ) ;
#8016 = CARTESIAN_POINT ( 'NONE',  ( -37.52238325557900100, -6.227617758401801300, 10.25736615183100000 ) ) ;
#8017 = DIRECTION ( 'NONE',  ( 1.000000000000000000, 0.0000000000000000000, 0.0000000000000000000 ) ) ;
#8018 = LINE ( 'NONE', #10486, #5766 ) ;
#8019 = EDGE_CURVE ( 'NONE', #99, #2631, #8038, .T. ) ;
#8020 = ORIENTED_EDGE ( 'NONE', *, *, #4254, .T. ) ;
#8021 = CARTESIAN_POINT ( 'NONE',  ( -53.12238325557947900, -4.576183670360327600, 8.444836027161423800 ) ) ;
#8022 = EDGE_CURVE ( 'NONE', #166, #8393, #3727, .T. ) ;
#8023 = LINE ( 'NONE', #893, #1777 ) ;
#8024 = CARTESIAN_POINT ( 'NONE',  ( -37.32238325557850100, -16.81324172836843200, 10.23897794014543000 ) ) ;
#8025 = LINE ( 'NONE', #8949, #10040 ) ;
#8026 = EDGE_CURVE ( 'NONE', #430, #792, #980, .T. ) ;
#8027 = ORIENTED_EDGE ( 'NONE', *, *, #10321, .T. ) ;
#8028 = PLANE ( 'NONE',  #8846 ) ;
#8029 = CIRCLE ( 'NONE', #2956, 6.999999999999811700 ) ;
#8030 = ORIENTED_EDGE ( 'NONE', *, *, #6935, .T. ) ;
#8031 = LINE ( 'NONE', #8982, #3531 ) ;
#8032 = CARTESIAN_POINT ( 'NONE',  ( -51.32238325557911900, -12.68795639766260300, 9.093827240617514500 ) ) ;
#8033 = CIRCLE ( 'NONE', #556, 5.900000000000218000 ) ;
#8034 = CARTESIAN_POINT ( 'NONE',  ( -35.97238325557899700, -19.95380723459015800, 7.289936010783972800 ) ) ;
#8035 = ADVANCED_FACE ( 'F147', ( #5523 ), #701, .T. ) ;
#8036 = CARTESIAN_POINT ( 'NONE',  ( -53.12238325557899500, -5.671109932120301300, 8.505139271751250600 ) ) ;
#8037 = ORIENTED_EDGE ( 'NONE', *, *, #4410, .F. ) ;
#8038 = LINE ( 'NONE', #920, #3271 ) ;
#8039 = ORIENTED_EDGE ( 'NONE', *, *, #717, .F. ) ;
#8040 = VECTOR ( 'NONE', #709, 1000.000000000000000 ) ;
#8041 = ORIENTED_EDGE ( 'NONE', *, *, #11020, .F. ) ;
#8042 = CARTESIAN_POINT ( 'NONE',  ( -40.42238325557900000, -12.74866032764867200, 3.930120829945441800 ) ) ;
#8043 =( NAMED_UNIT ( * ) PLANE_ANGLE_UNIT ( ) SI_UNIT ( $, .RADIAN. ) );
#8044 = VECTOR ( 'NONE', #1258, 999.9999999999998900 ) ;
#8046 = CARTESIAN_POINT ( 'NONE',  ( -43.02238325557900100, -3.887968530353450400, 20.21080388912199800 ) ) ;
#8045 = PLANE ( 'NONE',  #10980 ) ;
#8047 = DIRECTION ( 'NONE',  ( 0.0000000000000000000, -0.4226182617407200900, -0.9063077870366402800 ) ) ;
#8048 = ORIENTED_EDGE ( 'NONE', *, *, #4717, .T. ) ;
#8049 = VECTOR ( 'NONE', #7177, 1000.000000000000000 ) ;
#8050 = VECTOR ( 'NONE', #9724, 1000.000000000000100 ) ;
#8051 = ORIENTED_EDGE ( 'NONE', *, *, #6031, .F. ) ;
#8052 = DIRECTION ( 'NONE',  ( 1.000000000000000000, -6.003389496264595400E-013, 5.037441912129634800E-013 ) ) ;
#8053 = FACE_OUTER_BOUND ( 'NONE', #1834, .T. ) ;
#8054 = SURFACE_STYLE_USAGE ( .BOTH. , #2115 ) ;
#8055 = AXIS2_PLACEMENT_3D ( 'NONE', #8954, #9176, #9253 ) ;
#8056 = CARTESIAN_POINT ( 'NONE',  ( -51.32238325557899800, -4.978300880245734000, 7.835053977883700500 ) ) ;
#8057 = SURFACE_STYLE_USAGE ( .BOTH. , #2119 ) ;
#8058 = EDGE_LOOP ( 'NONE', ( #3835, #1170, #5600, #7366 ) ) ;
#8059 = ORIENTED_EDGE ( 'NONE', *, *, #3737, .F. ) ;
#8060 = VECTOR ( 'NONE', #5888, 1000.000000000000000 ) ;
#8061 = VECTOR ( 'NONE', #4939, 1000.000000000000000 ) ;
#8062 = ORIENTED_EDGE ( 'NONE', *, *, #7651, .F. ) ;
#8063 = VECTOR ( 'NONE', #103, 1000.000000000000000 ) ;
#8064 =( NAMED_UNIT ( * ) PLANE_ANGLE_UNIT ( ) SI_UNIT ( $, .RADIAN. ) );
#8065 = CARTESIAN_POINT ( 'NONE',  ( -50.82238325557802500, -5.424133246293489900, 9.299810597932085100 ) ) ;
#8066 = DIRECTION ( 'NONE',  ( 1.000000000000000000, -0.0000000000000000000, -0.0000000000000000000 ) ) ;
#8067 = VERTEX_POINT ( 'NONE', #10359 ) ;
#8068 = DIRECTION ( 'NONE',  ( 0.0000000000000000000, -0.9063077870366346200, 0.4226182617407321900 ) ) ;
#8069 = VECTOR ( 'NONE', #3218, 1000.000000000000100 ) ;
#8070 = CARTESIAN_POINT ( 'NONE',  ( -51.32238325557899800, -4.879556530905166900, 7.717375044808701300 ) ) ;
#8071 = DIRECTION ( 'NONE',  ( 0.0000000000000000000, 0.4226182617407007200, 0.9063077870366492700 ) ) ;
#8072 = VERTEX_POINT ( 'NONE', #5258 ) ;
#8073 = VECTOR ( 'NONE', #6895, 1000.000000000000000 ) ;
#8074 = DIRECTION ( 'NONE',  ( 0.0000000000000000000, -0.9063077870366010900, 0.4226182617408042500 ) ) ;
#8075 = ORIENTED_EDGE ( 'NONE', *, *, #11017, .F. ) ;
#8076 = DIRECTION ( 'NONE',  ( 0.0000000000000000000, -0.4226182617380915800, -0.9063077870378660700 ) ) ;
#8077 =( NAMED_UNIT ( * ) SI_UNIT ( $, .STERADIAN. ) SOLID_ANGLE_UNIT ( ) );
#8078 = CARTESIAN_POINT ( 'NONE',  ( -54.32238325557899800, -9.855615436292300300, 4.692011979553000400 ) ) ;
#8079 = VERTEX_POINT ( 'NONE', #3563 ) ;
#8081 = CARTESIAN_POINT ( 'NONE',  ( -51.32238325557878500, -4.942705727996331800, 9.515827696478989800 ) ) ;
#8080 = DIRECTION ( 'NONE',  ( -0.0000000000000000000, 0.9063077870366476100, -0.4226182617407043300 ) ) ;
#8082 = VERTEX_POINT ( 'NONE', #9502 ) ;
#8083 = EDGE_CURVE ( 'NONE', #6265, #10866, #7484, .T. ) ;
#8084 = LINE ( 'NONE', #3792, #1306 ) ;
#8085 = DIRECTION ( 'NONE',  ( 1.000000000000000000, 6.807801527363549800E-014, -6.743438870400674900E-014 ) ) ;
#8086 = EDGE_CURVE ( 'NONE', #9875, #10866, #9514, .T. ) ;
#8087 = ORIENTED_EDGE ( 'NONE', *, *, #3934, .F. ) ;
#8088 = CARTESIAN_POINT ( 'NONE',  ( -51.32238325557874200, -5.540365084889835100, 9.593902691839399900 ) ) ;
#8089 = ADVANCED_FACE ( 'F60', ( #3010 ), #3600, .T. ) ;
#8090 = ORIENTED_EDGE ( 'NONE', *, *, #4766, .F. ) ;
#8091 = PLANE ( 'NONE',  #2381 ) ;
#8092 = EDGE_CURVE ( 'NONE', #4042, #3880, #2729, .T. ) ;
#8093 = CARTESIAN_POINT ( 'NONE',  ( -41.92238325557900000, -9.900588106886150500, 2.602042942425200100 ) ) ;
#8094 = ORIENTED_EDGE ( 'NONE', *, *, #2388, .F. ) ;
#8095 = MECHANICAL_DESIGN_GEOMETRIC_PRESENTATION_REPRESENTATION (  '', ( #6396 ), #8662 ) ;
#8096 = DIRECTION ( 'NONE',  ( 0.0000000000000000000, 0.9063077870365083800, -0.4226182617410030900 ) ) ;
#8097 = UNCERTAINTY_MEASURE_WITH_UNIT (LENGTH_MEASURE( 1.000000000000000100E-005 ), #10414, 'distance_accuracy_value', 'NONE');
#8098 = ORIENTED_EDGE ( 'NONE', *, *, #6106, .F. ) ;
#8099 = CARTESIAN_POINT ( 'NONE',  ( -30.82238325557900200, -15.90884666412775400, 12.02058214781100000 ) ) ;
#8100 = EDGE_LOOP ( 'NONE', ( #6319, #625, #8134, #5156 ) ) ;
#8101 = EDGE_CURVE ( 'NONE', #5459, #1865, #5005, .T. ) ;
#8102 = DIRECTION ( 'NONE',  ( 1.000000000000000000, 1.124744024573817900E-013, 9.840235151880140300E-015 ) ) ;
#8103 = CARTESIAN_POINT ( 'NONE',  ( -44.82238325557944600, -8.536769409501372900, 10.24141823171911100 ) ) ;
#8104 = VERTEX_POINT ( 'NONE', #1909 ) ;
#8105 = DIRECTION ( 'NONE',  ( -0.0000000000000000000, 0.9063077870366494900, -0.4226182617407002700 ) ) ;
#8106 = ORIENTED_EDGE ( 'NONE', *, *, #733, .F. ) ;
#8107 = EDGE_CURVE ( 'NONE', #10775, #8256, #2452, .T. ) ;
#8108 = COLOUR_RGB ( '',1.000000000000000000, 0.3294117647058823500, 0.0000000000000000000 ) ;
#8109 =( GEOMETRIC_REPRESENTATION_CONTEXT ( 3 ) GLOBAL_UNCERTAINTY_ASSIGNED_CONTEXT ( ( #4179 ) ) GLOBAL_UNIT_ASSIGNED_CONTEXT ( ( #7410, #2344, #8279 ) ) REPRESENTATION_CONTEXT ( 'NONE', 'WORKASPACE' ) );
#8110 = ORIENTED_EDGE ( 'NONE', *, *, #4002, .T. ) ;
#8111 = DIRECTION ( 'NONE',  ( 0.7071067811864388800, -0.2988362387302398400, -0.6408563820558524900 ) ) ;
#8112 = DIRECTION ( 'NONE',  ( -1.092316201647335900E-013, 0.0000000000000000000, 1.000000000000000000 ) ) ;
#8113 = CARTESIAN_POINT ( 'NONE',  ( -42.42238325557900700, -10.34694469202616500, 2.810182436343972200 ) ) ;
#8114 = EDGE_LOOP ( 'NONE', ( #6791, #10181, #4677, #411, #5819 ) ) ;
#8115 = FILL_AREA_STYLE ('',( #10396 ) ) ;
#8116 = VERTEX_POINT ( 'NONE', #7838 ) ;
#8117 = ORIENTED_EDGE ( 'NONE', *, *, #5255, .T. ) ;
#8118 = LINE ( 'NONE', #10631, #3625 ) ;
#8120 = DIRECTION ( 'NONE',  ( 0.0000000000000000000, 0.9063077870367006700, -0.4226182617405905800 ) ) ;
#8119 = DIRECTION ( 'NONE',  ( -0.0000000000000000000, -0.4226182617407127100, -0.9063077870366437200 ) ) ;
#8121 = ORIENTED_EDGE ( 'NONE', *, *, #8593, .T. ) ;
#8122 = EDGE_CURVE ( 'NONE', #194, #2357, #4750, .T. ) ;
#8123 = CARTESIAN_POINT ( 'NONE',  ( -32.02238325557899400, -6.048884524049928000, -1.400791773119307100 ) ) ;
#8124 = CARTESIAN_POINT ( 'NONE',  ( -54.32238325557901200, -13.51222463822700000, 4.286176715461900600 ) ) ;
#8125 = VERTEX_POINT ( 'NONE', #9569 ) ;
#8126 = DIRECTION ( 'NONE',  ( 0.0000000000000000000, -0.4226182617406951100, -0.9063077870366520500 ) ) ;
#8127 = ORIENTED_EDGE ( 'NONE', *, *, #10469, .T. ) ;
#8128 = CARTESIAN_POINT ( 'NONE',  ( -51.62238325557900300, -10.45884666413299900, 12.02058214781100000 ) ) ;
#8129 = VECTOR ( 'NONE', #8782, 1000.000000000000000 ) ;
#8130 = DIRECTION ( 'NONE',  ( 1.000000000000000000, 1.124744024573817900E-013, 9.840235151880140300E-015 ) ) ;
#8131 = PRESENTATION_LAYER_ASSIGNMENT (  '', '', ( #5852 ) ) ;
#8132 = EDGE_LOOP ( 'NONE', ( #10365, #6667, #10583, #6516 ) ) ;
#8133 = ADVANCED_FACE ( 'F151', ( #8971 ), #10983, .T. ) ;
#8134 = ORIENTED_EDGE ( 'NONE', *, *, #10027, .T. ) ;
#8135 = DIRECTION ( 'NONE',  ( 0.0000000000000000000, -0.9063077870366519400, 0.4226182617406951100 ) ) ;
#8136 = VECTOR ( 'NONE', #6617, 1000.000000000000200 ) ;
#8137 = CARTESIAN_POINT ( 'NONE',  ( -32.02238325557899400, -12.84619292682475200, 1.768845189935844800 ) ) ;
#8138 = VECTOR ( 'NONE', #6266, 1000.000000000000000 ) ;
#8139 =( NAMED_UNIT ( * ) SI_UNIT ( $, .STERADIAN. ) SOLID_ANGLE_UNIT ( ) );
#8140 =( GEOMETRIC_REPRESENTATION_CONTEXT ( 3 ) GLOBAL_UNCERTAINTY_ASSIGNED_CONTEXT ( ( #9413 ) ) GLOBAL_UNIT_ASSIGNED_CONTEXT ( ( #2713, #8647, #3586 ) ) REPRESENTATION_CONTEXT ( 'NONE', 'WORKASPACE' ) );
#8141 =( NAMED_UNIT ( * ) SI_UNIT ( $, .STERADIAN. ) SOLID_ANGLE_UNIT ( ) );
#8142 = PLANE ( 'NONE',  #10482 ) ;
#8143 = ADVANCED_FACE ( 'F48', ( #4474 ), #2797, .T. ) ;
#8144 = CARTESIAN_POINT ( 'NONE',  ( -37.32238325557889200, -16.81324172836780700, 10.23897794014605900 ) ) ;
#8145 = CYLINDRICAL_SURFACE ( 'NONE', #5365, 1.199999999999809700 ) ;
#8146 = ORIENTED_EDGE ( 'NONE', *, *, #7718, .F. ) ;
#8147 = LINE ( 'NONE', #7033, #5360 ) ;
#8148 = CARTESIAN_POINT ( 'NONE',  ( -53.12238325557899500, -6.948879692568799400, 7.074895285519249700 ) ) ;
#8149 = ORIENTED_EDGE ( 'NONE', *, *, #4995, .F. ) ;
#8150 = EDGE_CURVE ( 'NONE', #2905, #2922, #2194, .T. ) ;
#8151 = LINE ( 'NONE', #10255, #3658 ) ;
#8152 = EDGE_CURVE ( 'NONE', #5914, #6848, #432, .T. ) ;
#8153 = LINE ( 'NONE', #8408, #3660 ) ;
#8154 = CARTESIAN_POINT ( 'NONE',  ( -37.52238325557900100, -6.457431091337500800, 10.06452986892505100 ) ) ;
#8155 = DIRECTION ( 'NONE',  ( 0.0000000000000000000, -0.9063077870366560400, 0.4226182617406864500 ) ) ;
#8156 = VERTEX_POINT ( 'NONE', #10470 ) ;
#8157 = LINE ( 'NONE', #8046, #5894 ) ;
#8158 = LINE ( 'NONE', #2730, #3950 ) ;
#8159 = VECTOR ( 'NONE', #8693, 1000.000000000000000 ) ;
#8160 = CARTESIAN_POINT ( 'NONE',  ( -49.62238325557900300, -13.00672480067800100, 21.34089078448499800 ) ) ;
#8161 = EDGE_CURVE ( 'NONE', #5320, #769, #6447, .T. ) ;
#8162 = DIRECTION ( 'NONE',  ( 1.000000000000000000, -0.0000000000000000000, -0.0000000000000000000 ) ) ;
#8163 = EDGE_CURVE ( 'NONE', #9663, #5914, #1923, .T. ) ;
#8164 = ORIENTED_EDGE ( 'NONE', *, *, #5081, .T. ) ;
#8165 = LINE ( 'NONE', #6281, #7896 ) ;
#8166 =( NAMED_UNIT ( * ) PLANE_ANGLE_UNIT ( ) SI_UNIT ( $, .RADIAN. ) );
#8167 = EDGE_LOOP ( 'NONE', ( #6833, #7960, #341, #7921, #3626, #9650 ) ) ;
#8168 = DIRECTION ( 'NONE',  ( 0.0000000000000000000, 0.4226182617407319700, 0.9063077870366347300 ) ) ;
#8169 = LINE ( 'NONE', #7670, #10450 ) ;
#8170 = VECTOR ( 'NONE', #4383, 1000.000000000000200 ) ;
#8171 = CIRCLE ( 'NONE', #7641, 8.500000000000001800 ) ;
#8172 = CARTESIAN_POINT ( 'NONE',  ( -36.92238325557900000, -4.515551164874690200, -2.667485820488476800 ) ) ;
#8173 =( NAMED_UNIT ( * ) PLANE_ANGLE_UNIT ( ) SI_UNIT ( $, .RADIAN. ) );
#8174 = LINE ( 'NONE', #7342, #10188 ) ;
#8175 = PLANE ( 'NONE',  #5301 ) ;
#8176 = EDGE_CURVE ( 'NONE', #6891, #9090, #8701, .T. ) ;
#8177 = AXIS2_PLACEMENT_3D ( 'NONE', #5629, #504, #6482 ) ;
#8178 = DIRECTION ( 'NONE',  ( -0.0000000000000000000, 0.4226182617407028300, 0.9063077870366483800 ) ) ;
#8179 = SURFACE_STYLE_USAGE ( .BOTH. , #2243 ) ;
#8180 = ORIENTED_EDGE ( 'NONE', *, *, #9229, .T. ) ;
#8181 = ORIENTED_EDGE ( 'NONE', *, *, #4848, .T. ) ;
#8182 = LINE ( 'NONE', #4944, #7908 ) ;
#8183 = CARTESIAN_POINT ( 'NONE',  ( -51.62238325557901000, -10.23217921076286400, 5.895739704865835800 ) ) ;
#8184 = FACE_OUTER_BOUND ( 'NONE', #3196, .T. ) ;
#8185 = ORIENTED_EDGE ( 'NONE', *, *, #371, .F. ) ;
#8186 = EDGE_LOOP ( 'NONE', ( #10226, #3336, #1796, #4919 ) ) ;
#8187 =( LENGTH_UNIT ( ) NAMED_UNIT ( * ) SI_UNIT ( .MILLI., .METRE. ) );
#8188 = VECTOR ( 'NONE', #2436, 1000.000000000000000 ) ;
#8189 = DIRECTION ( 'NONE',  ( -3.420548494710057900E-013, -0.4226182617410114100, -0.9063077870365045000 ) ) ;
#8190 = CARTESIAN_POINT ( 'NONE',  ( -44.82238325557885600, -4.967040512966430100, 14.93897457573930900 ) ) ;
#8191 = ORIENTED_EDGE ( 'NONE', *, *, #8720, .T. ) ;
#8192 = CARTESIAN_POINT ( 'NONE',  ( -37.32238325557835200, -8.328457632586191700, -4.751321051133320600 ) ) ;
#8193 = CARTESIAN_POINT ( 'NONE',  ( -51.32238325557923300, -8.199809589072824400, 7.030947872556939000 ) ) ;
#8195 = LINE ( 'NONE', #6920, #3706 ) ;
#8194 = AXIS2_PLACEMENT_3D ( 'NONE', #8676, #3610, #9547 ) ;
#8196 = CIRCLE ( 'NONE', #10268, 0.3499999999996048500 ) ;
#8197 = EDGE_LOOP ( 'NONE', ( #7569, #8826, #9725, #3521 ) ) ;
#8198 = CARTESIAN_POINT ( 'NONE',  ( -37.32238325557858600, -16.94002720689061500, 9.967085604034050300 ) ) ;
#8199 = ADVANCED_FACE ( 'F280', ( #10446 ), #5406, .T. ) ;
#8200 = CARTESIAN_POINT ( 'NONE',  ( -31.42238325557900000, -10.51245037520499400, 0.6806031659536699900 ) ) ;
#8201 = DIRECTION ( 'NONE',  ( 0.0000000000000000000, 0.9063077870366667000, -0.4226182617406634700 ) ) ;
#8202 = VERTEX_POINT ( 'NONE', #1981 ) ;
#8203 = FACE_OUTER_BOUND ( 'NONE', #4007, .T. ) ;
#8204 = PLANE ( 'NONE',  #7929 ) ;
#8205 = VECTOR ( 'NONE', #4651, 1000.000000000000000 ) ;
#8206 = ADVANCED_FACE ( 'F128', ( #3677 ), #2880, .T. ) ;
#8207 = ORIENTED_EDGE ( 'NONE', *, *, #3109, .F. ) ;
#8208 = CARTESIAN_POINT ( 'NONE',  ( -32.02238325557899400, -13.86457249797505400, -1.893952837573371000 ) ) ;
#8209 = AXIS2_PLACEMENT_3D ( 'NONE', #2314, #2789, #2457 ) ;
#8210 = VECTOR ( 'NONE', #9831, 1000.000000000000000 ) ;
#8211 = EDGE_LOOP ( 'NONE', ( #10801, #10856, #3324, #7987 ) ) ;
#8212 = CARTESIAN_POINT ( 'NONE',  ( -54.32238325557866400, -8.536769409500779600, 10.24141823171816800 ) ) ;
#8213 = ORIENTED_EDGE ( 'NONE', *, *, #6143, .T. ) ;
#8214 = CARTESIAN_POINT ( 'NONE',  ( -54.32238325557887700, -8.536769409500779600, 10.24141823171816800 ) ) ;
#8215 = DIRECTION ( 'NONE',  ( -2.081668171172307600E-013, 1.000000000000000000, 0.0000000000000000000 ) ) ;
#8216 = DIRECTION ( 'NONE',  ( -0.7071067811866292900, -0.2988362387304842000, -0.6408563820555284200 ) ) ;
#8217 = AXIS2_PLACEMENT_3D ( 'NONE', #10242, #5986, #11097 ) ;
#8218 = LINE ( 'NONE', #8964, #878 ) ;
#8219 = EDGE_CURVE ( 'NONE', #4484, #7310, #3958, .T. ) ;
#8220 = VERTEX_POINT ( 'NONE', #5440 ) ;
#8221 = CARTESIAN_POINT ( 'NONE',  ( -51.62238325557900300, -4.884208946680519000, 7.722919578023084600 ) ) ;
#8222 = FACE_OUTER_BOUND ( 'NONE', #9318, .T. ) ;
#8223 = EDGE_CURVE ( 'NONE', #2221, #10537, #8165, .T. ) ;
#8224 = ORIENTED_EDGE ( 'NONE', *, *, #6084, .T. ) ;
#8225 = CARTESIAN_POINT ( 'NONE',  ( -33.92238325557900000, -6.045524325069798100, 2.569801848628305000 ) ) ;
#8226 = ORIENTED_EDGE ( 'NONE', *, *, #5457, .T. ) ;
#8227 = ORIENTED_EDGE ( 'NONE', *, *, #6933, .F. ) ;
#8228 = PRESENTATION_LAYER_ASSIGNMENT (  '', '', ( #8789 ) ) ;
#8229 = ORIENTED_EDGE ( 'NONE', *, *, #3794, .T. ) ;
#8230 = AXIS2_PLACEMENT_3D ( 'NONE', #7215, #2136, #8076 ) ;
#8231 = DIRECTION ( 'NONE',  ( 0.9986016055963543600, 0.03398172737581792900, -0.04049784568268586400 ) ) ;
#8232 = CARTESIAN_POINT ( 'NONE',  ( -28.92238325557900300, -12.55164289603794500, 1.631494254870025500 ) ) ;
#8233 = DIRECTION ( 'NONE',  ( 0.0000000000000000000, -0.9063077870366445000, 0.4226182617407111500 ) ) ;
#8234 = VERTEX_POINT ( 'NONE', #7992 ) ;
#8235 = DIRECTION ( 'NONE',  ( 0.0000000000000000000, 0.9063077870365393600, -0.4226182617409365800 ) ) ;
#8236 = VERTEX_POINT ( 'NONE', #8847 ) ;
#8237 = EDGE_CURVE ( 'NONE', #5737, #6633, #10183, .T. ) ;
#8238 = EDGE_CURVE ( 'NONE', #1324, #5926, #6175, .T. ) ;
#8239 = ORIENTED_EDGE ( 'NONE', *, *, #2475, .F. ) ;
#8240 = LINE ( 'NONE', #8717, #9987 ) ;
#8241 = ORIENTED_EDGE ( 'NONE', *, *, #1698, .T. ) ;
#8242 = EDGE_CURVE ( 'NONE', #6280, #7952, #1389, .T. ) ;
#8243 = CARTESIAN_POINT ( 'NONE',  ( -30.82238325557747100, -3.023355049059754100, 5.505240260241066600 ) ) ;
#8244 =( GEOMETRIC_REPRESENTATION_CONTEXT ( 3 ) GLOBAL_UNCERTAINTY_ASSIGNED_CONTEXT ( ( #7557 ) ) GLOBAL_UNIT_ASSIGNED_CONTEXT ( ( #2108, #8043, #2973 ) ) REPRESENTATION_CONTEXT ( 'NONE', 'WORKASPACE' ) );
#8245 = SURFACE_STYLE_USAGE ( .BOTH. , #8255 ) ;
#8246 = EDGE_LOOP ( 'NONE', ( #6485, #4549, #7114, #5835 ) ) ;
#8247 = ORIENTED_EDGE ( 'NONE', *, *, #873, .F. ) ;
#8248 = VERTEX_POINT ( 'NONE', #1225 ) ;
#8249 = VECTOR ( 'NONE', #4982, 1000.000000000000100 ) ;
#8250 = ADVANCED_FACE ( 'F63', ( #3134 ), #8028, .T. ) ;
#8251 = ORIENTED_EDGE ( 'NONE', *, *, #2396, .F. ) ;
#8252 = CARTESIAN_POINT ( 'NONE',  ( -51.32238325557899800, -12.48367772235766700, 8.095312439649234200 ) ) ;
#8253 = CARTESIAN_POINT ( 'NONE',  ( -39.42238325557900000, -6.045524325069798100, 2.569801848628305000 ) ) ;
#8254 = EDGE_CURVE ( 'NONE', #10990, #9260, #4606, .T. ) ;
#8255 = SURFACE_SIDE_STYLE ('',( #8013 ) ) ;
#8256 = VERTEX_POINT ( 'NONE', #5512 ) ;
#8257 = DIRECTION ( 'NONE',  ( -0.0000000000000000000, -0.4226182617405457900, -0.9063077870367215500 ) ) ;
#8258 = ADVANCED_FACE ( 'F247', ( #9919 ), #2997, .T. ) ;
#8259 = DIRECTION ( 'NONE',  ( 0.0000000000000000000, -0.9063077870365046100, 0.4226182617410111900 ) ) ;
#8260 = ORIENTED_EDGE ( 'NONE', *, *, #1467, .T. ) ;
#8261 = VECTOR ( 'NONE', #349, 1000.000000000000100 ) ;
#8262 = CARTESIAN_POINT ( 'NONE',  ( -37.78875595904757000, -20.82023883000544400, 1.073692185220007200 ) ) ;
#8263 = ORIENTED_EDGE ( 'NONE', *, *, #2332, .T. ) ;
#8264 = UNCERTAINTY_MEASURE_WITH_UNIT (LENGTH_MEASURE( 1.000000000000000100E-005 ), #7703, 'distance_accuracy_value', 'NONE');
#8265 = DIRECTION ( 'NONE',  ( 0.0000000000000000000, 0.4226182617407191500, 0.9063077870366408300 ) ) ;
#8266 = DIRECTION ( 'NONE',  ( 0.0000000000000000000, -0.9063077870365424700, 0.4226182617409299200 ) ) ;
#8267 = DIRECTION ( 'NONE',  ( -0.0000000000000000000, -0.9063077870366502700, 0.4226182617406987200 ) ) ;
#8268 = ORIENTED_EDGE ( 'NONE', *, *, #8092, .T. ) ;
#8269 = ORIENTED_EDGE ( 'NONE', *, *, #9470, .T. ) ;
#8270 =( GEOMETRIC_REPRESENTATION_CONTEXT ( 3 ) GLOBAL_UNCERTAINTY_ASSIGNED_CONTEXT ( ( #9611 ) ) GLOBAL_UNIT_ASSIGNED_CONTEXT ( ( #4164, #1457, #1469 ) ) REPRESENTATION_CONTEXT ( 'NONE', 'WORKASPACE' ) );
#8271 = LINE ( 'NONE', #4386, #7999 ) ;
#8272 = VECTOR ( 'NONE', #9213, 1000.000000000000100 ) ;
#8273 = CARTESIAN_POINT ( 'NONE',  ( -43.12984086573100500, -6.457431091337500800, 10.06452986892505100 ) ) ;
#8274 = CONICAL_SURFACE ( 'NONE', #8217, 0.9749999999996704600, 0.03288287980549771400 ) ;
#8275 = ORIENTED_EDGE ( 'NONE', *, *, #3552, .F. ) ;
#8276 = CIRCLE ( 'NONE', #10408, 1.600000000000457100 ) ;
#8277 = CARTESIAN_POINT ( 'NONE',  ( -35.97238325557899700, -3.341743566558598800, 11.68076061320990200 ) ) ;
#8278 = CARTESIAN_POINT ( 'NONE',  ( -37.18166608463577900, -15.83896085730353300, 9.784663308774124600 ) ) ;
#8279 =( NAMED_UNIT ( * ) SI_UNIT ( $, .STERADIAN. ) SOLID_ANGLE_UNIT ( ) );
#8280 = VECTOR ( 'NONE', #8648, 999.9999999999998900 ) ;
#8281 = DIRECTION ( 'NONE',  ( 1.000000000000000000, -0.0000000000000000000, -0.0000000000000000000 ) ) ;
#8282 = CARTESIAN_POINT ( 'NONE',  ( -51.97238325557893300, -4.437836106308252800, 3.664090067790859900 ) ) ;
#8283 = CARTESIAN_POINT ( 'NONE',  ( -37.32238325557835200, -7.444807540225499000, -5.163373856330403000 ) ) ;
#8284 = CARTESIAN_POINT ( 'NONE',  ( -53.12238325557899500, -3.933396060673399800, 7.678791584042100400 ) ) ;
#8285 = VECTOR ( 'NONE', #6989, 1000.000000000000000 ) ;
#8287 = ORIENTED_EDGE ( 'NONE', *, *, #10634, .T. ) ;
#8286 = CARTESIAN_POINT ( 'NONE',  ( -38.26170362306005800, -17.30390806724863900, 10.46777941156393500 ) ) ;
#8288 = CIRCLE ( 'NONE', #1012, 8.500000000000085300 ) ;
#8289 = DIRECTION ( 'NONE',  ( -1.033258821937390900E-014, -0.4226182617407039900, -0.9063077870366478300 ) ) ;
#8290 = LINE ( 'NONE', #8993, #5769 ) ;
#8291 = DIRECTION ( 'NONE',  ( -1.000000000000000000, -0.0000000000000000000, -0.0000000000000000000 ) ) ;
#8292 = CARTESIAN_POINT ( 'NONE',  ( -37.65707694751404900, -21.40767008082482900, 1.347615876116741600 ) ) ;
#8293 = ORIENTED_EDGE ( 'NONE', *, *, #8887, .F. ) ;
#8294 = VECTOR ( 'NONE', #9876, 1000.000000000000000 ) ;
#8295 = EDGE_CURVE ( 'NONE', #3558, #1476, #8827, .T. ) ;
#8296 = EDGE_LOOP ( 'NONE', ( #4454, #3308, #5993, #9114, #7691, #7199, #5687, #3769 ) ) ;
#8297 = FACE_OUTER_BOUND ( 'NONE', #6922, .T. ) ;
#8298 = EDGE_CURVE ( 'NONE', #4794, #6982, #2322, .T. ) ;
#8299 = VECTOR ( 'NONE', #8684, 1000.000000000000000 ) ;
#8300 = CARTESIAN_POINT ( 'NONE',  ( -37.32238325557896300, -16.89776538071631900, 10.05771638273809800 ) ) ;
#8301 = DIRECTION ( 'NONE',  ( 0.0000000000000000000, -0.9063077870365829900, 0.4226182617408431000 ) ) ;
#8302 = VECTOR ( 'NONE', #216, 999.9999999999998900 ) ;
#8303 = ADVANCED_FACE ( 'F125', ( #6575, #8 ), #3912, .T. ) ;
#8304 = CARTESIAN_POINT ( 'NONE',  ( -32.62238325557900300, -9.624338621216699300, 10.74856043044400000 ) ) ;
#8305 = EDGE_CURVE ( 'NONE', #82, #3543, #6303, .T. ) ;
#8306 = ORIENTED_EDGE ( 'NONE', *, *, #10780, .F. ) ;
#8307 = CYLINDRICAL_SURFACE ( 'NONE', #10653, 0.3499999999996048500 ) ;
#8308 = EDGE_LOOP ( 'NONE', ( #2274, #10445, #1292, #10649, #6246, #1003, #9852, #1897, #1010, #10260 ) ) ;
#8309 = VECTOR ( 'NONE', #2410, 1000.000000000000000 ) ;
#8310 = ORIENTED_EDGE ( 'NONE', *, *, #9108, .T. ) ;
#8311 = ORIENTED_EDGE ( 'NONE', *, *, #4504, .F. ) ;
#8312 = ADVANCED_FACE ( 'F108', ( #4079 ), #462, .T. ) ;
#8313 = CARTESIAN_POINT ( 'NONE',  ( -51.32238325557899800, -6.795988248253936900, 9.845717046234623700 ) ) ;
#8314 = EDGE_CURVE ( 'NONE', #9274, #5475, #1784, .T. ) ;
#8315 = DIRECTION ( 'NONE',  ( 3.936673889768590700E-013, -0.4226182617410039800, -0.9063077870365079400 ) ) ;
#8316 = CARTESIAN_POINT ( 'NONE',  ( -32.62238325557900300, -11.70884666412949900, 11.42058214781100200 ) ) ;
#8317 = ORIENTED_EDGE ( 'NONE', *, *, #3465, .T. ) ;
#8318 = ORIENTED_EDGE ( 'NONE', *, *, #1096, .F. ) ;
#8319 = VECTOR ( 'NONE', #2938, 1000.000000000000000 ) ;
#8320 = CARTESIAN_POINT ( 'NONE',  ( -43.92238325557900000, 0.5113020121547498000, 5.983054181199499100 ) ) ;
#8321 = LINE ( 'NONE', #9647, #5792 ) ;
#8322 = ORIENTED_EDGE ( 'NONE', *, *, #2994, .F. ) ;
#8323 = DIRECTION ( 'NONE',  ( -0.0000000000000000000, -1.000000000000000000, -0.0000000000000000000 ) ) ;
#8324 = CARTESIAN_POINT ( 'NONE',  ( -51.34612694228650300, -4.602156416091100200, 8.320216757509150800 ) ) ;
#8325 = EDGE_CURVE ( 'NONE', #7917, #10682, #8558, .T. ) ;
#8326 = AXIS2_PLACEMENT_3D ( 'NONE', #5166, #14, #6002 ) ;
#8327 = LINE ( 'NONE', #5579, #9398 ) ;
#8328 = CARTESIAN_POINT ( 'NONE',  ( -43.92238325557900000, 5.175109340013101200, 15.98462127171499800 ) ) ;
#8329 = CARTESIAN_POINT ( 'NONE',  ( -50.82238325557851500, -5.080275400059364600, 7.956582478224605700 ) ) ;
#8330 =( NAMED_UNIT ( * ) SI_UNIT ( $, .STERADIAN. ) SOLID_ANGLE_UNIT ( ) );
#8331 = FACE_OUTER_BOUND ( 'NONE', #772, .T. ) ;
#8332 = CARTESIAN_POINT ( 'NONE',  ( -37.32238325557850100, -16.81324172836843200, 10.23897794014543000 ) ) ;
#8333 = FACE_OUTER_BOUND ( 'NONE', #7721, .T. ) ;
#8334 = EDGE_LOOP ( 'NONE', ( #5863, #10196, #1326, #2424 ) ) ;
#8335 = B_SPLINE_CURVE_WITH_KNOTS ( 'NONE', 3,
 ( #7842, #2927, #5477, #346, #6330, #1228, #7166, #2095, #8032, #2963 ),
 .UNSPECIFIED., .F., .F.,
 ( 4, 2, 2, 2, 4 ),
 ( 0.0000000000000000000, 0.2500000000000000000, 0.5000000000000000000, 0.7500000000000000000, 1.000000000000000000 ),
 .UNSPECIFIED. ) ;
#8336 = FACE_OUTER_BOUND ( 'NONE', #3995, .T. ) ;
#8337 = CARTESIAN_POINT ( 'NONE',  ( -50.47238325557899700, -5.649108909683899800, 9.567926153023899300 ) ) ;
#8338 = EDGE_CURVE ( 'NONE', #7917, #5347, #10585, .T. ) ;
#8339 = ORIENTED_EDGE ( 'NONE', *, *, #3189, .F. ) ;
#8340 = CARTESIAN_POINT ( 'NONE',  ( -30.82238325557899800, -12.30088492953419700, 1.459385974462275000 ) ) ;
#8341 = PLANE ( 'NONE',  #7697 ) ;
#8342 = EDGE_CURVE ( 'NONE', #8104, #10369, #2054, .T. ) ;
#8343 = SURFACE_STYLE_USAGE ( .BOTH. , #9592 ) ;
#8344 = VECTOR ( 'NONE', #3147, 1000.000000000000000 ) ;
#8345 = DIRECTION ( 'NONE',  ( -1.000000000000000000, -0.0000000000000000000, -0.0000000000000000000 ) ) ;
#8346 = ORIENTED_EDGE ( 'NONE', *, *, #10114, .T. ) ;
#8347 = VECTOR ( 'NONE', #5897, 1000.000000000000100 ) ;
#8348 = CARTESIAN_POINT ( 'NONE',  ( -39.82238325557899800, -6.227617758401801300, 10.25736615183100000 ) ) ;
#8349 = ORIENTED_EDGE ( 'NONE', *, *, #3637, .F. ) ;
#8350 = VERTEX_POINT ( 'NONE', #4828 ) ;
#8351 = DIRECTION ( 'NONE',  ( 0.0000000000000000000, 0.6427876096866206300, -0.7660444431189099600 ) ) ;
#8352 = PRESENTATION_LAYER_ASSIGNMENT (  '', '', ( #9506 ) ) ;
#8353 = ORIENTED_EDGE ( 'NONE', *, *, #9296, .F. ) ;
#8354 = FILL_AREA_STYLE_COLOUR ( '', #5761 ) ;
#8355 = CARTESIAN_POINT ( 'NONE',  ( -31.42238325557900000, -14.27387172056493700, 3.262116184064431000 ) ) ;
#8356 = DIRECTION ( 'NONE',  ( -1.000000000000000000, -0.0000000000000000000, -0.0000000000000000000 ) ) ;
#8357 = DIRECTION ( 'NONE',  ( -1.000000000000000000, 0.0000000000000000000, 0.0000000000000000000 ) ) ;
#8358 = VERTEX_POINT ( 'NONE', #3945 ) ;
#8359 = ADVANCED_FACE ( 'F226', ( #6034 ), #2241, .T. ) ;
#8360 = ORIENTED_EDGE ( 'NONE', *, *, #6098, .F. ) ;
#8361 = CARTESIAN_POINT ( 'NONE',  ( -38.36940388299759500, -17.06825768514097400, 10.35789383373994700 ) ) ;
#8362 = ORIENTED_EDGE ( 'NONE', *, *, #8385, .T. ) ;
#8363 = EDGE_CURVE ( 'NONE', #4475, #9264, #8029, .T. ) ;
#8364 = CARTESIAN_POINT ( 'NONE',  ( -37.32238325557846500, -19.56026042968252200, 4.347977324406856200 ) ) ;
#8365 = EDGE_CURVE ( 'NONE', #10369, #8947, #5774, .T. ) ;
#8366 = ORIENTED_EDGE ( 'NONE', *, *, #2041, .T. ) ;
#8367 = DIRECTION ( 'NONE',  ( 1.000000000000000000, 0.0000000000000000000, 0.0000000000000000000 ) ) ;
#8368 = CARTESIAN_POINT ( 'NONE',  ( -30.17238325557900000, -8.683927461908300700, 2.034704766296299800 ) ) ;
#8369 = ADVANCED_FACE ( 'F134', ( #3529 ), #5700, .T. ) ;
#8370 = ORIENTED_EDGE ( 'NONE', *, *, #9298, .T. ) ;
#8371 = CARTESIAN_POINT ( 'NONE',  ( -40.40687423694200200, -13.02977908521700100, 7.712928148748701100 ) ) ;
#8372 = CARTESIAN_POINT ( 'NONE',  ( -42.42238325557900700, -9.123429179502039700, 2.239647782982514100 ) ) ;
#8373 = VERTEX_POINT ( 'NONE', #8221 ) ;
#8374 = CARTESIAN_POINT ( 'NONE',  ( -29.52238325557900100, -8.314653991641572300, -0.3442461187675450200 ) ) ;
#8375 = ORIENTED_EDGE ( 'NONE', *, *, #6861, .F. ) ;
#8376 = LINE ( 'NONE', #2505, #8642 ) ;
#8377 = DIRECTION ( 'NONE',  ( 0.0000000000000000000, -0.9063077870366490500, 0.4226182617407014400 ) ) ;
#8378 = ORIENTED_EDGE ( 'NONE', *, *, #3069, .F. ) ;
#8379 = B_SPLINE_CURVE_WITH_KNOTS ( 'NONE', 3,
 ( #1842, #2618, #8671, #8636 ),
 .UNSPECIFIED., .F., .F.,
 ( 4, 4 ),
 ( 0.0000000000000000000, 1.000000000000000000 ),
 .UNSPECIFIED. ) ;
#8380 = EDGE_CURVE ( 'NONE', #8726, #9995, #7752, .T. ) ;
#8381 = EDGE_CURVE ( 'NONE', #7117, #10934, #10795, .T. ) ;
#8382 = CARTESIAN_POINT ( 'NONE',  ( -51.32238325557906900, -10.90382141000890600, 12.02058214781100000 ) ) ;
#8383 = ORIENTED_EDGE ( 'NONE', *, *, #1484, .T. ) ;
#8384 = VERTEX_POINT ( 'NONE', #5732 ) ;
#8385 = EDGE_CURVE ( 'NONE', #3239, #4794, #3262, .T. ) ;
#8386 = DIRECTION ( 'NONE',  ( 0.0000000000000000000, -0.9063077870366094100, 0.4226182617407864800 ) ) ;
#8387 = ORIENTED_EDGE ( 'NONE', *, *, #9082, .F. ) ;
#8388 = PRESENTATION_LAYER_ASSIGNMENT (  '', '', ( #7242 ) ) ;
#8389 = EDGE_LOOP ( 'NONE', ( #4663, #4546, #6983, #5833 ) ) ;
#8390 = DIRECTION ( 'NONE',  ( 0.9659258262891012900, -0.2345697160096958400, 0.1093816549465558700 ) ) ;
#8391 = DIRECTION ( 'NONE',  ( -6.839766848137309200E-014, 1.000000000000000000, 0.0000000000000000000 ) ) ;
#8392 = ORIENTED_EDGE ( 'NONE', *, *, #7303, .T. ) ;
#8393 = VERTEX_POINT ( 'NONE', #2350 ) ;
#8394 = DIRECTION ( 'NONE',  ( 1.000000000000000000, 0.0000000000000000000, 0.0000000000000000000 ) ) ;
#8395 = VECTOR ( 'NONE', #2499, 1000.000000000000000 ) ;
#8396 = LINE ( 'NONE', #8629, #1352 ) ;
#8397 = DIRECTION ( 'NONE',  ( 0.0000000000000000000, -0.4226182617407066600, -0.9063077870366467200 ) ) ;
#8398 = DIRECTION ( 'NONE',  ( -1.000000000000000000, 0.0000000000000000000, 0.0000000000000000000 ) ) ;
#8399 = DIRECTION ( 'NONE',  ( 0.0000000000000000000, -0.9063077870366437200, 0.4226182617407128200 ) ) ;
#8400 = DIRECTION ( 'NONE',  ( -2.187634516465990300E-013, -0.4226182617405905800, -0.9063077870367009000 ) ) ;
#8401 = ORIENTED_EDGE ( 'NONE', *, *, #4071, .F. ) ;
#8402 = CARTESIAN_POINT ( 'NONE',  ( -37.32238325557850100, -16.33743014017434800, 10.01710335273144300 ) ) ;
#8403 = VECTOR ( 'NONE', #6693, 1000.000000000000100 ) ;
#8404 = FACE_OUTER_BOUND ( 'NONE', #8389, .T. ) ;
#8405 = CARTESIAN_POINT ( 'NONE',  ( -43.92238325557900000, -17.61485372857849900, 14.43541941601349900 ) ) ;
#8406 = DIRECTION ( 'NONE',  ( 0.0000000000000000000, 0.9063077870366187400, -0.4226182617407663300 ) ) ;
#8407 = CARTESIAN_POINT ( 'NONE',  ( -37.32238325557828800, -18.71502390620141700, 6.160592898480373100 ) ) ;
#8408 = CARTESIAN_POINT ( 'NONE',  ( -32.62238325557900300, -5.363660565019701600, 0.4864388851585784200 ) ) ;
#8409 = SURFACE_SIDE_STYLE ('',( #4447 ) ) ;
#8410 = AXIS2_PLACEMENT_3D ( 'NONE', #5280, #5348, #5384 ) ;
#8411 = VECTOR ( 'NONE', #9958, 1000.000000000000000 ) ;
#8412 = ORIENTED_EDGE ( 'NONE', *, *, #5193, .T. ) ;
#8413 = LINE ( 'NONE', #9460, #5886 ) ;
#8414 = ADVANCED_FACE ( 'F211', ( #7472 ), #602, .T. ) ;
#8415 = AXIS2_PLACEMENT_3D ( 'NONE', #1084, #1955, #7885 ) ;
#8416 = CARTESIAN_POINT ( 'NONE',  ( -30.82238325557900200, -19.03622180330516000, 4.713904524809551700 ) ) ;
#8417 = DIRECTION ( 'NONE',  ( -1.000000000000000000, 0.0000000000000000000, 0.0000000000000000000 ) ) ;
#8418 = CARTESIAN_POINT ( 'NONE',  ( -53.12238325557876100, -5.189019224855354800, 7.930605939412201300 ) ) ;
#8419 = ORIENTED_EDGE ( 'NONE', *, *, #6515, .F. ) ;
#8420 = SURFACE_STYLE_FILL_AREA ( #3553 ) ;
#8421 = CARTESIAN_POINT ( 'NONE',  ( -52.66238325557900200, -14.78660051445499900, -2.451527349926800000 ) ) ;
#8422 = VERTEX_POINT ( 'NONE', #9111 ) ;
#8423 = CARTESIAN_POINT ( 'NONE',  ( -30.82238325557900200, -13.99135797649700300, -2.165845173684400200 ) ) ;
#8424 = CIRCLE ( 'NONE', #2062, 0.9749999999998837400 ) ;
#8425 = FACE_OUTER_BOUND ( 'NONE', #361, .T. ) ;
#8426 = CARTESIAN_POINT ( 'NONE',  ( -40.32238325557866400, -8.536769409500866600, 10.24141823171915700 ) ) ;
#8427 = VECTOR ( 'NONE', #4342, 1000.000000000000200 ) ;
#8428 = CARTESIAN_POINT ( 'NONE',  ( -43.12238325557900300, -10.67384795045000000, 15.13751478520800300 ) ) ;
#8429 =( GEOMETRIC_REPRESENTATION_CONTEXT ( 3 ) GLOBAL_UNCERTAINTY_ASSIGNED_CONTEXT ( ( #94 ) ) GLOBAL_UNIT_ASSIGNED_CONTEXT ( ( #10481, #10452, #10436 ) ) REPRESENTATION_CONTEXT ( 'NONE', 'WORKASPACE' ) );
#8430 = CARTESIAN_POINT ( 'NONE',  ( -40.42238325557900000, -10.66415241746432200, 2.958098827941728600 ) ) ;
#8431 = ORIENTED_EDGE ( 'NONE', *, *, #5928, .T. ) ;
#8432 = VECTOR ( 'NONE', #2841, 1000.000000000000100 ) ;
#8433 = VERTEX_POINT ( 'NONE', #10883 ) ;
#8434 = DIRECTION ( 'NONE',  ( 0.0000000000000000000, 0.4226182617406916700, 0.9063077870366534900 ) ) ;
#8435 = UNCERTAINTY_MEASURE_WITH_UNIT (LENGTH_MEASURE( 1.000000000000000100E-005 ), #9694, 'distance_accuracy_value', 'NONE');
#8436 = PRESENTATION_LAYER_ASSIGNMENT (  '', '', ( #7287 ) ) ;
#8437 = VECTOR ( 'NONE', #9329, 999.9999999999998900 ) ;
#8438 = CARTESIAN_POINT ( 'NONE',  ( -54.32238325557924000, -5.072350073031191900, 2.479472685587862400 ) ) ;
#8439 = EDGE_CURVE ( 'NONE', #9112, #10516, #10044, .T. ) ;
#8440 = EDGE_CURVE ( 'NONE', #10081, #1026, #971, .T. ) ;
#8441 = ORIENTED_EDGE ( 'NONE', *, *, #7946, .T. ) ;
#8442 = VECTOR ( 'NONE', #6564, 999.9999999999998900 ) ;
#8443 = DIRECTION ( 'NONE',  ( 4.214079423258916900E-014, -0.4226182617407658900, -0.9063077870366189600 ) ) ;
#8444 = FACE_OUTER_BOUND ( 'NONE', #5208, .T. ) ;
#8445 = ORIENTED_EDGE ( 'NONE', *, *, #6234, .T. ) ;
#8446 = CARTESIAN_POINT ( 'NONE',  ( -33.92238325557900000, -13.88398535301749900, 12.73486597598880200 ) ) ;
#8447 = DIRECTION ( 'NONE',  ( 0.0000000000000000000, 0.4226182617407111500, 0.9063077870366443900 ) ) ;
#8448 = ORIENTED_EDGE ( 'NONE', *, *, #1830, .T. ) ;
#8449 = LINE ( 'NONE', #3312, #8188 ) ;
#8450 = DIRECTION ( 'NONE',  ( 0.0000000000000000000, 0.4226182617405457300, 0.9063077870367216600 ) ) ;
#8451 = EDGE_CURVE ( 'NONE', #5737, #228, #5245, .T. ) ;
#8452 = AXIS2_PLACEMENT_3D ( 'NONE', #10073, #7331, #2882 ) ;
#8453 = ORIENTED_EDGE ( 'NONE', *, *, #4878, .F. ) ;
#8454 = ORIENTED_EDGE ( 'NONE', *, *, #7724, .F. ) ;
#8455 = FACE_OUTER_BOUND ( 'NONE', #9467, .T. ) ;
#8456 = VECTOR ( 'NONE', #3445, 1000.000000000000000 ) ;
#8457 = VERTEX_POINT ( 'NONE', #4127 ) ;
#8458 = DIRECTION ( 'NONE',  ( 0.0000000000000000000, -0.9063077870366660300, 0.4226182617406648000 ) ) ;
#8459 = UNCERTAINTY_MEASURE_WITH_UNIT (LENGTH_MEASURE( 1.000000000000000100E-005 ), #6276, 'distance_accuracy_value', 'NONE');
#8460 =( NAMED_UNIT ( * ) SI_UNIT ( $, .STERADIAN. ) SOLID_ANGLE_UNIT ( ) );
#8461 = CARTESIAN_POINT ( 'NONE',  ( -41.62238325557900300, -9.624338621216699300, 10.74856043044400000 ) ) ;
#8462 = ORIENTED_EDGE ( 'NONE', *, *, #7000, .T. ) ;
#8463 = CARTESIAN_POINT ( 'NONE',  ( -37.32238325557911200, -6.968995952032965800, -5.385248443743689600 ) ) ;
#8464 = PLANE ( 'NONE',  #3037 ) ;
#8465 = DIRECTION ( 'NONE',  ( 0.0000000000000000000, -0.4226182617406944500, -0.9063077870366523800 ) ) ;
#8466 = EDGE_CURVE ( 'NONE', #6125, #6830, #2719, .T. ) ;
#8467 = PRESENTATION_LAYER_ASSIGNMENT (  '', '', ( #7316 ) ) ;
#8468 = VECTOR ( 'NONE', #3538, 1000.000000000000200 ) ;
#8469 = ORIENTED_EDGE ( 'NONE', *, *, #10150, .T. ) ;
#8470 = LINE ( 'NONE', #3028, #6212 ) ;
#8471 = ORIENTED_EDGE ( 'NONE', *, *, #1735, .T. ) ;
#8472 = DIRECTION ( 'NONE',  ( 0.0000000000000000000, -0.08715574274758826300, 0.9961946980917516500 ) ) ;
#8473 = FILL_AREA_STYLE ('',( #7596 ) ) ;
#8474 = CARTESIAN_POINT ( 'NONE',  ( -53.12238325557899500, -4.239813837921150100, 7.421676540167699600 ) ) ;
#8475 = ORIENTED_EDGE ( 'NONE', *, *, #287, .T. ) ;
#8476 =( NAMED_UNIT ( * ) PLANE_ANGLE_UNIT ( ) SI_UNIT ( $, .RADIAN. ) );
#8477 = DIRECTION ( 'NONE',  ( -0.9659258262887872000, -0.2345697160108556300, 0.1093816549468428800 ) ) ;
#8478 = ADVANCED_FACE ( 'F127', ( #9228 ), #10054, .T. ) ;
#8479 = DIRECTION ( 'NONE',  ( 0.9659258262893465300, -0.2345697160088983900, 0.1093816549461006000 ) ) ;
#8480 = VERTEX_POINT ( 'NONE', #5798 ) ;
#8481 = VECTOR ( 'NONE', #1193, 1000.000000000000200 ) ;
#8482 = ORIENTED_EDGE ( 'NONE', *, *, #6229, .F. ) ;
#8483 = PLANE ( 'NONE',  #10515 ) ;
#8484 = EDGE_CURVE ( 'NONE', #1476, #600, #4998, .T. ) ;
#8485 = LINE ( 'NONE', #3173, #10777 ) ;
#8486 = UNCERTAINTY_MEASURE_WITH_UNIT (LENGTH_MEASURE( 1.000000000000000100E-005 ), #2373, 'distance_accuracy_value', 'NONE');
#8487 = DIRECTION ( 'NONE',  ( -0.0000000000000000000, -0.4226182617407167600, -0.9063077870366418300 ) ) ;
#8488 = CARTESIAN_POINT ( 'NONE',  ( -37.32238325557875700, -18.50371477533049000, 6.613746791998519100 ) ) ;
#8489 =( NAMED_UNIT ( * ) SI_UNIT ( $, .STERADIAN. ) SOLID_ANGLE_UNIT ( ) );
#8490 = ORIENTED_EDGE ( 'NONE', *, *, #5129, .F. ) ;
#8491 = FILL_AREA_STYLE_COLOUR ( '', #1790 ) ;
#8492 = VERTEX_POINT ( 'NONE', #3287 ) ;
#8493 =( LENGTH_UNIT ( ) NAMED_UNIT ( * ) SI_UNIT ( .MILLI., .METRE. ) );
#8494 = VERTEX_POINT ( 'NONE', #4163 ) ;
#8495 = ORIENTED_EDGE ( 'NONE', *, *, #3714, .F. ) ;
#8496 = DIRECTION ( 'NONE',  ( -8.436923690056522200E-014, 0.7660444431190476200, 0.6427876096864563200 ) ) ;
#8497 = AXIS2_PLACEMENT_3D ( 'NONE', #3245, #1526, #7899 ) ;
#8498 = DIRECTION ( 'NONE',  ( 0.0000000000000000000, 0.4226182617407026100, 0.9063077870366483800 ) ) ;
#8499 = PLANE ( 'NONE',  #3938 ) ;
#8501 = FILL_AREA_STYLE ('',( #2521 ) ) ;
#8500 = DIRECTION ( 'NONE',  ( -0.0000000000000000000, -0.9063077870366572600, 0.4226182617406835100 ) ) ;
#8502 = CARTESIAN_POINT ( 'NONE',  ( -51.62238325557900300, -6.304802028934183500, 9.415916487413326800 ) ) ;
#8503 = ORIENTED_EDGE ( 'NONE', *, *, #8738, .T. ) ;
#8504 = VECTOR ( 'NONE', #5286, 1000.000000000000200 ) ;
#8505 = ORIENTED_EDGE ( 'NONE', *, *, #5606, .T. ) ;
#8506 = DIRECTION ( 'NONE',  ( 1.000000000000000000, 0.0000000000000000000, 0.0000000000000000000 ) ) ;
#8507 = EDGE_CURVE ( 'NONE', #1166, #6678, #2440, .T. ) ;
#8508 = DIRECTION ( 'NONE',  ( 1.000000000000000000, 2.009809788925401600E-013, 2.645964783881782400E-014 ) ) ;
#8509 = EDGE_CURVE ( 'NONE', #8236, #7390, #8796, .T. ) ;
#8510 = ORIENTED_EDGE ( 'NONE', *, *, #8150, .T. ) ;
#8511 = ORIENTED_EDGE ( 'NONE', *, *, #7889, .T. ) ;
#8512 = ORIENTED_EDGE ( 'NONE', *, *, #5626, .F. ) ;
#8513 = VECTOR ( 'NONE', #6736, 1000.000000000000100 ) ;
#8514 = DIRECTION ( 'NONE',  ( 0.0000000000000000000, 0.9063077870366472700, -0.4226182617407052100 ) ) ;
#8515 = EDGE_LOOP ( 'NONE', ( #351, #1765, #9696, #1061, #6706, #9860 ) ) ;
#8516 = EDGE_CURVE ( 'NONE', #4649, #2111, #690, .T. ) ;
#8517 = AXIS2_PLACEMENT_3D ( 'NONE', #2824, #2803, #2767 ) ;
#8518 = ORIENTED_EDGE ( 'NONE', *, *, #10468, .F. ) ;
#8519 = CARTESIAN_POINT ( 'NONE',  ( -51.32238325557864300, -6.153200639385183000, 9.079672604090035300 ) ) ;
#8520 = APPLICATION_CONTEXT ( 'automotive_design' ) ;
#8521 = ORIENTED_EDGE ( 'NONE', *, *, #4878, .T. ) ;
#8522 = SURFACE_STYLE_USAGE ( .BOTH. , #8547 ) ;
#8523 = EDGE_CURVE ( 'NONE', #10656, #4768, #9508, .T. ) ;
#8524 = LINE ( 'NONE', #609, #1742 ) ;
#8525 = EDGE_CURVE ( 'NONE', #4435, #4508, #6698, .T. ) ;
#8526 = ORIENTED_EDGE ( 'NONE', *, *, #7431, .F. ) ;
#8527 = ADVANCED_FACE ( 'F191', ( #2180 ), #1915, .F. ) ;
#8528 = CARTESIAN_POINT ( 'NONE',  ( -29.82238325557899800, -7.725553930067741600, -0.6189479888989815000 ) ) ;
#8529 = EDGE_CURVE ( 'NONE', #9809, #4513, #8691, .T. ) ;
#8530 = AXIS2_PLACEMENT_3D ( 'NONE', #2817, #5379, #243 ) ;
#8531 = EDGE_LOOP ( 'NONE', ( #8051, #10269, #3301, #3731 ) ) ;
#8532 = VECTOR ( 'NONE', #8703, 1000.000000000000000 ) ;
#8533 = AXIS2_PLACEMENT_3D ( 'NONE', #3410, #4270, #10208 ) ;
#8534 = CIRCLE ( 'NONE', #8732, 1.599999999997775000 ) ;
#8536 = DIRECTION ( 'NONE',  ( 0.0000000000000000000, 0.4226182617407007200, 0.9063077870366493800 ) ) ;
#8535 = CARTESIAN_POINT ( 'NONE',  ( -54.32238325557816700, -8.536769409500321300, 10.24141823171780500 ) ) ;
#8537 = LINE ( 'NONE', #9554, #5751 ) ;
#8538 = DIRECTION ( 'NONE',  ( -2.775557561567819400E-013, 0.0000000000000000000, 1.000000000000000000 ) ) ;
#8539 = CARTESIAN_POINT ( 'NONE',  ( -49.52238325557915000, -8.536769409500461600, 17.99141823171829600 ) ) ;
#8540 = FACE_OUTER_BOUND ( 'NONE', #606, .T. ) ;
#8541 = VERTEX_POINT ( 'NONE', #8430 ) ;
#8542 = CYLINDRICAL_SURFACE ( 'NONE', #1053, 0.6999999999997682500 ) ;
#8543 = CARTESIAN_POINT ( 'NONE',  ( -30.82238325557900200, -10.30896003131194900, 7.150803653726600700 ) ) ;
#8544 =( LENGTH_UNIT ( ) NAMED_UNIT ( * ) SI_UNIT ( .MILLI., .METRE. ) );
#8545 = LINE ( 'NONE', #8539, #2036 ) ;
#8546 =( GEOMETRIC_REPRESENTATION_CONTEXT ( 3 ) GLOBAL_UNCERTAINTY_ASSIGNED_CONTEXT ( ( #7617 ) ) GLOBAL_UNIT_ASSIGNED_CONTEXT ( ( #7216, #2137, #8077 ) ) REPRESENTATION_CONTEXT ( 'NONE', 'WORKASPACE' ) );
#8547 = SURFACE_SIDE_STYLE ('',( #2571 ) ) ;
#8548 = VECTOR ( 'NONE', #7850, 1000.000000000000200 ) ;
#8549 = ORIENTED_EDGE ( 'NONE', *, *, #9515, .T. ) ;
#8550 = CIRCLE ( 'NONE', #7169, 7.749999999999967100 ) ;
#8551 = DIRECTION ( 'NONE',  ( -1.000000000000000000, 0.0000000000000000000, 0.0000000000000000000 ) ) ;
#8552 = LINE ( 'NONE', #5195, #2046 ) ;
#8553 =( LENGTH_UNIT ( ) NAMED_UNIT ( * ) SI_UNIT ( .MILLI., .METRE. ) );
#8554 = VECTOR ( 'NONE', #6273, 1000.000000000000100 ) ;
#8555 = FILL_AREA_STYLE ('',( #8686 ) ) ;
#8556 = ORIENTED_EDGE ( 'NONE', *, *, #9536, .T. ) ;
#8557 = ADVANCED_FACE ( 'F120', ( #10716 ), #1628, .T. ) ;
#8558 = LINE ( 'NONE', #4795, #8294 ) ;
#8559 = VERTEX_POINT ( 'NONE', #10161 ) ;
#8560 = VECTOR ( 'NONE', #8356, 1000.000000000000000 ) ;
#8561 = VECTOR ( 'NONE', #7906, 1000.000000000000000 ) ;
#8562 =( GEOMETRIC_REPRESENTATION_CONTEXT ( 3 ) GLOBAL_UNCERTAINTY_ASSIGNED_CONTEXT ( ( #8459 ) ) GLOBAL_UNIT_ASSIGNED_CONTEXT ( ( #6276, #1186, #7127 ) ) REPRESENTATION_CONTEXT ( 'NONE', 'WORKASPACE' ) );
#8563 = CARTESIAN_POINT ( 'NONE',  ( -53.12238325557899500, -11.11803839845500300, 5.652349654472300400 ) ) ;
#8564 = CARTESIAN_POINT ( 'NONE',  ( -51.32238325557899800, -4.617418561261702700, 8.338405473846872700 ) ) ;
#8565 = DIRECTION ( 'NONE',  ( -0.0000000000000000000, 0.4226182617407002700, 0.9063077870366494900 ) ) ;
#8567 = DIRECTION ( 'NONE',  ( 1.000000000000000000, -0.0000000000000000000, -0.0000000000000000000 ) ) ;
#8566 =( NAMED_UNIT ( * ) SI_UNIT ( $, .STERADIAN. ) SOLID_ANGLE_UNIT ( ) );
#8568 = ORIENTED_EDGE ( 'NONE', *, *, #9641, .F. ) ;
#8569 = VECTOR ( 'NONE', #3450, 1000.000000000000100 ) ;
#8570 = EDGE_CURVE ( 'NONE', #8457, #4705, #4205, .T. ) ;
#8571 = ORIENTED_EDGE ( 'NONE', *, *, #2609, .T. ) ;
#8572 = CARTESIAN_POINT ( 'NONE',  ( -40.40687423694200200, -9.958846664129600500, 12.12058214781000000 ) ) ;
#8573 = VECTOR ( 'NONE', #7441, 1000.000000000000000 ) ;
#8574 = ORIENTED_EDGE ( 'NONE', *, *, #6734, .F. ) ;
#8575 = CARTESIAN_POINT ( 'NONE',  ( -51.32238325557899800, -10.44295036527502100, 11.42058214781100000 ) ) ;
#8576 = EDGE_LOOP ( 'NONE', ( #6857, #2538, #1966, #199, #2128, #7655, #3742, #2293, #2070 ) ) ;
#8577 = FACE_OUTER_BOUND ( 'NONE', #1599, .T. ) ;
#8578 = B_SPLINE_CURVE_WITH_KNOTS ( 'NONE', 3,
 ( #7985, #2040, #4636, #10574 ),
 .UNSPECIFIED., .F., .F.,
 ( 4, 4 ),
 ( 0.0000000000000000000, 1.000000000000000000 ),
 .UNSPECIFIED. ) ;
#8579 = CARTESIAN_POINT ( 'NONE',  ( -41.62238325557900300, -6.815272672446000400, 11.09373799818499900 ) ) ;
#8580 = DIRECTION ( 'NONE',  ( -0.0000000000000000000, 0.4226182617404418100, 0.9063077870367700600 ) ) ;
#8581 = DIRECTION ( 'NONE',  ( -1.000000000000000000, -2.997966268482209200E-012, -3.946897469279887500E-013 ) ) ;
#8582 = AXIS2_PLACEMENT_3D ( 'NONE', #4280, #888, #6851 ) ;
#8583 = ORIENTED_EDGE ( 'NONE', *, *, #4254, .F. ) ;
#8584 = ORIENTED_EDGE ( 'NONE', *, *, #10171, .T. ) ;
#8585 = LINE ( 'NONE', #6297, #6329 ) ;
#8586 = PLANE ( 'NONE',  #5940 ) ;
#8587 = CARTESIAN_POINT ( 'NONE',  ( -40.42238325557900000, -12.43526095197400000, 5.785308751534599600 ) ) ;
#8588 = ADVANCED_FACE ( 'F82', ( #1638 ), #6759, .T. ) ;
#8589 = EDGE_LOOP ( 'NONE', ( #60, #4835 ) ) ;
#8590 = VECTOR ( 'NONE', #1297, 999.9999999999998900 ) ;
#8591 = CARTESIAN_POINT ( 'NONE',  ( -37.32238325557846500, -20.64782977412624700, 4.855119238495788600 ) ) ;
#8592 = EDGE_CURVE ( 'NONE', #7883, #4661, #816, .T. ) ;
#8593 = EDGE_CURVE ( 'NONE', #9383, #4987, #3123, .T. ) ;
#8594 = ORIENTED_EDGE ( 'NONE', *, *, #8740, .T. ) ;
#8595 = DIRECTION ( 'NONE',  ( -0.0000000000000000000, 0.4226182617407067700, 0.9063077870366466100 ) ) ;
#8596 = ORIENTED_EDGE ( 'NONE', *, *, #6013, .T. ) ;
#8597 = LINE ( 'NONE', #1586, #10624 ) ;
#8598 = DIRECTION ( 'NONE',  ( 0.9659258262887862000, 0.2345697160108596300, -0.1093816549468435300 ) ) ;
#8599 = VECTOR ( 'NONE', #8257, 1000.000000000000100 ) ;
#8600 = ORIENTED_EDGE ( 'NONE', *, *, #8026, .F. ) ;
#8601 = EDGE_CURVE ( 'NONE', #335, #4987, #7602, .T. ) ;
#8602 = FILL_AREA_STYLE ('',( #8354 ) ) ;
#8603 = VECTOR ( 'NONE', #6796, 1000.000000000000000 ) ;
#8604 = CARTESIAN_POINT ( 'NONE',  ( -53.12238325557896700, -12.45884666412908900, 12.12058214781086800 ) ) ;
#8605 = AXIS2_PLACEMENT_3D ( 'NONE', #8407, #2471, #2785 ) ;
#8606 = ORIENTED_EDGE ( 'NONE', *, *, #7506, .T. ) ;
#8607 = DIRECTION ( 'NONE',  ( 0.0000000000000000000, -0.4226182617406978900, -0.9063077870366507100 ) ) ;
#8608 = VERTEX_POINT ( 'NONE', #2723 ) ;
#8609 = FACE_OUTER_BOUND ( 'NONE', #5553, .T. ) ;
#8610 = ORIENTED_EDGE ( 'NONE', *, *, #5121, .F. ) ;
#8611 = CARTESIAN_POINT ( 'NONE',  ( -51.32238325557899800, -7.101402243644476400, 8.818236007069117500 ) ) ;
#8612 = LINE ( 'NONE', #1667, #8347 ) ;
#8613 = CARTESIAN_POINT ( 'NONE',  ( -42.12238325557900300, -4.271958475651199900, 7.459985027664650700 ) ) ;
#8614 = DIRECTION ( 'NONE',  ( 0.0000000000000000000, -0.9063077870366346200, 0.4226182617407321900 ) ) ;
#8615 =( NAMED_UNIT ( * ) SI_UNIT ( $, .STERADIAN. ) SOLID_ANGLE_UNIT ( ) );
#8616 = ORIENTED_EDGE ( 'NONE', *, *, #10817, .T. ) ;
#8617 = VERTEX_POINT ( 'NONE', #1033 ) ;
#8618 = EDGE_LOOP ( 'NONE', ( #5053, #1617, #10465, #3480 ) ) ;
#8619 = DIRECTION ( 'NONE',  ( 0.0000000000000000000, -0.9063077870366536000, 0.4226182617406917800 ) ) ;
#8620 = ADVANCED_FACE ( 'F224', ( #9642 ), #6128, .T. ) ;
#8621 = CARTESIAN_POINT ( 'NONE',  ( -31.72238325557900400, -6.150730185941092100, -1.201437363830303300 ) ) ;
#8622 = FILL_AREA_STYLE_COLOUR ( '', #6159 ) ;
#8623 = DIRECTION ( 'NONE',  ( 0.0000000000000000000, -0.9063077870366812400, 0.4226182617406326600 ) ) ;
#8624 = ORIENTED_EDGE ( 'NONE', *, *, #2225, .F. ) ;
#8625 = UNCERTAINTY_MEASURE_WITH_UNIT (LENGTH_MEASURE( 1.000000000000000100E-005 ), #5959, 'distance_accuracy_value', 'NONE');
#8626 = CARTESIAN_POINT ( 'NONE',  ( -30.82238325557900200, -15.90884666412775400, 12.02058214781100000 ) ) ;
#8627 = ORIENTED_EDGE ( 'NONE', *, *, #5474, .T. ) ;
#8628 = VERTEX_POINT ( 'NONE', #5321 ) ;
#8629 = CARTESIAN_POINT ( 'NONE',  ( -37.32238325557845800, -4.229060493702453600, 4.039864483121149000 ) ) ;
#8630 = CARTESIAN_POINT ( 'NONE',  ( -44.82238325557923300, -2.636769409501155800, 10.24141823171909100 ) ) ;
#8631 = ORIENTED_EDGE ( 'NONE', *, *, #1316, .F. ) ;
#8632 = FACE_OUTER_BOUND ( 'NONE', #5336, .T. ) ;
#8633 = CARTESIAN_POINT ( 'NONE',  ( -36.92238325557900000, -10.72375950607595600, 0.2274492724354251500 ) ) ;
#8634 = AXIS2_PLACEMENT_3D ( 'NONE', #5864, #750, #10131 ) ;
#8635 = ORIENTED_EDGE ( 'NONE', *, *, #9089, .T. ) ;
#8636 = CARTESIAN_POINT ( 'NONE',  ( -30.82238325557900200, -15.96269416937500000, 11.30510580015900000 ) ) ;
#8637 = ORIENTED_EDGE ( 'NONE', *, *, #2979, .F. ) ;
#8638 = ADVANCED_FACE ( 'F296', ( #9353 ), #141, .T. ) ;
#8639 = EDGE_LOOP ( 'NONE', ( #1092, #1957 ) ) ;
#8640 = AXIS2_PLACEMENT_3D ( 'NONE', #10900, #10333, #10293 ) ;
#8641 = DIRECTION ( 'NONE',  ( 1.000000000000000000, 0.0000000000000000000, 0.0000000000000000000 ) ) ;
#8642 = VECTOR ( 'NONE', #5929, 1000.000000000000000 ) ;
#8643 = DIRECTION ( 'NONE',  ( 0.9659258262889330900, 0.2345697160102474000, -0.1093816549468589300 ) ) ;
#8644 = ORIENTED_EDGE ( 'NONE', *, *, #7078, .T. ) ;
#8645 = PLANE ( 'NONE',  #2846 ) ;
#8646 = DIRECTION ( 'NONE',  ( -7.103455424048832200E-015, 0.4226182617407321900, 0.9063077870366347300 ) ) ;
#8647 =( NAMED_UNIT ( * ) PLANE_ANGLE_UNIT ( ) SI_UNIT ( $, .RADIAN. ) );
#8648 = DIRECTION ( 'NONE',  ( -0.0000000000000000000, 0.4226182617406761300, 0.9063077870366609300 ) ) ;
#8649 = AXIS2_PLACEMENT_3D ( 'NONE', #3206, #10005, #4920 ) ;
#8650 = ORIENTED_EDGE ( 'NONE', *, *, #914, .F. ) ;
#8651 = VERTEX_POINT ( 'NONE', #5305 ) ;
#8652 = ORIENTED_EDGE ( 'NONE', *, *, #1990, .F. ) ;
#8653 = VERTEX_POINT ( 'NONE', #10459 ) ;
#8654 = SURFACE_STYLE_USAGE ( .BOTH. , #2717 ) ;
#8655 = EDGE_CURVE ( 'NONE', #6921, #3150, #2042, .T. ) ;
#8656 = EDGE_CURVE ( 'NONE', #9195, #5199, #4327, .T. ) ;
#8657 = EDGE_LOOP ( 'NONE', ( #1205, #8571, #2942, #9632, #9688 ) ) ;
#8658 = CARTESIAN_POINT ( 'NONE',  ( -30.82238325557900500, -16.34407148220843100, 11.83438835429271500 ) ) ;
#8659 = VERTEX_POINT ( 'NONE', #184 ) ;
#8660 = EDGE_CURVE ( 'NONE', #2278, #1366, #10575, .T. ) ;
#8661 = CIRCLE ( 'NONE', #9092, 0.9585526315786250300 ) ;
#8662 =( GEOMETRIC_REPRESENTATION_CONTEXT ( 3 ) GLOBAL_UNCERTAINTY_ASSIGNED_CONTEXT ( ( #8806 ) ) GLOBAL_UNIT_ASSIGNED_CONTEXT ( ( #7608, #10493, #5377 ) ) REPRESENTATION_CONTEXT ( 'NONE', 'WORKASPACE' ) );
#8663 = DIRECTION ( 'NONE',  ( 0.0000000000000000000, -0.9961946980917446600, 0.08715574274766886600 ) ) ;
#8664 = DIRECTION ( 'NONE',  ( 1.200409397873975000E-014, -0.3420201433255555800, 0.9396926207859495100 ) ) ;
#8665 = CARTESIAN_POINT ( 'NONE',  ( -53.12238325557899500, -10.16274693020600000, 9.720445675976799600 ) ) ;
#8666 = CARTESIAN_POINT ( 'NONE',  ( -51.62238325557900300, -10.45884666413299900, 11.42058214781099900 ) ) ;
#8667 = CARTESIAN_POINT ( 'NONE',  ( -42.42238325557900700, -19.92278354449798900, 4.517024629103434400 ) ) ;
#8668 = DIRECTION ( 'NONE',  ( 0.0000000000000000000, -0.4226182617407066600, -0.9063077870366467200 ) ) ;
#8669 = EDGE_LOOP ( 'NONE', ( #6940, #1301, #4037, #9382, #1464, #6930, #3719, #6252, #1528, #9854, #3489, #8583 ) ) ;
#8670 = EDGE_CURVE ( 'NONE', #7283, #913, #1773, .T. ) ;
#8671 = CARTESIAN_POINT ( 'NONE',  ( -30.82238325557900200, -16.98720337992000000, 9.108038708019099900 ) ) ;
#8672 = ADVANCED_FACE ( 'F135', ( #3807 ), #6183, .T. ) ;
#8673 = LINE ( 'NONE', #6584, #6422 ) ;
#8674 = CARTESIAN_POINT ( 'NONE',  ( -42.52238325557900100, -8.404978134542799900, 3.780371020944799800 ) ) ;
#8675 = EDGE_CURVE ( 'NONE', #6905, #2400, #1510, .T. ) ;
#8676 = CARTESIAN_POINT ( 'NONE',  ( -50.82238325557802500, -5.649108909683638700, 9.567926153023327300 ) ) ;
#8677 = AXIS2_PLACEMENT_3D ( 'NONE', #3855, #9785, #4697 ) ;
#8678 = PLANE ( 'NONE',  #1614 ) ;
#8679 = ORIENTED_EDGE ( 'NONE', *, *, #4135, .T. ) ;
#8680 = LINE ( 'NONE', #4977, #9899 ) ;
#8681 = ORIENTED_EDGE ( 'NONE', *, *, #9699, .T. ) ;
#8682 = DIRECTION ( 'NONE',  ( 1.000000000000000000, 0.0000000000000000000, 0.0000000000000000000 ) ) ;
#8683 = ORIENTED_EDGE ( 'NONE', *, *, #9764, .F. ) ;
#8684 = DIRECTION ( 'NONE',  ( 1.000000000000000000, 0.0000000000000000000, 0.0000000000000000000 ) ) ;
#8685 = LINE ( 'NONE', #10671, #415 ) ;
#8686 = FILL_AREA_STYLE_COLOUR ( '', #8812 ) ;
#8687 = ORIENTED_EDGE ( 'NONE', *, *, #4572, .T. ) ;
#8688 = VERTEX_POINT ( 'NONE', #2807 ) ;
#8689 = DIRECTION ( 'NONE',  ( -1.000000000000000000, -0.0000000000000000000, -0.0000000000000000000 ) ) ;
#8690 = EDGE_CURVE ( 'NONE', #9160, #3283, #8018, .T. ) ;
#8691 = LINE ( 'NONE', #3357, #6436 ) ;
#8692 = ORIENTED_EDGE ( 'NONE', *, *, #8342, .T. ) ;
#8693 = DIRECTION ( 'NONE',  ( 1.000000000000000000, 6.807801527363549800E-014, -6.743438870400674900E-014 ) ) ;
#8694 = FILL_AREA_STYLE_COLOUR ( '', #2849 ) ;
#8695 = LINE ( 'NONE', #3881, #6440 ) ;
#8696 = CARTESIAN_POINT ( 'NONE',  ( -51.06987062899399600, -4.779730551373099900, 8.531841371183299200 ) ) ;
#8697 = FACE_OUTER_BOUND ( 'NONE', #2623, .T. ) ;
#8698 = DIRECTION ( 'NONE',  ( 1.110322045395690000E-014, 0.4226182617406863400, 0.9063077870366560400 ) ) ;
#8699 = ORIENTED_EDGE ( 'NONE', *, *, #1690, .T. ) ;
#8700 = DIRECTION ( 'NONE',  ( -0.0000000000000000000, -0.4226182617406587000, -0.9063077870366689200 ) ) ;
#8701 = LINE ( 'NONE', #8768, #1649 ) ;
#8702 = ORIENTED_EDGE ( 'NONE', *, *, #2845, .T. ) ;
#8703 = DIRECTION ( 'NONE',  ( -0.7071067811865473500, -0.2988362387300971800, -0.6408563820557994200 ) ) ;
#8704 = LINE ( 'NONE', #6545, #3684 ) ;
#8705 = MECHANICAL_DESIGN_GEOMETRIC_PRESENTATION_REPRESENTATION (  '', ( #5852 ), #9282 ) ;
#8706 = CARTESIAN_POINT ( 'NONE',  ( -32.02238325557899400, -11.47677931914010200, 3.226686159183599100 ) ) ;
#8707 = DIRECTION ( 'NONE',  ( 0.0000000000000000000, 0.9063077870366922400, -0.4226182617406087400 ) ) ;
#8708 = CARTESIAN_POINT ( 'NONE',  ( -41.62238325557900300, -8.990411361333999100, 12.10802182636300000 ) ) ;
#8709 = ORIENTED_EDGE ( 'NONE', *, *, #3256, .F. ) ;
#8710 = ORIENTED_EDGE ( 'NONE', *, *, #6249, .T. ) ;
#8711 = FACE_OUTER_BOUND ( 'NONE', #1810, .T. ) ;
#8712 = LINE ( 'NONE', #10692, #10740 ) ;
#8713 = ORIENTED_EDGE ( 'NONE', *, *, #2632, .F. ) ;
#8714 = SURFACE_SIDE_STYLE ('',( #8843 ) ) ;
#8715 = CARTESIAN_POINT ( 'NONE',  ( -29.52238325557900100, -6.880317406586300400, 1.193667585174299900 ) ) ;
#8716 = VECTOR ( 'NONE', #10873, 1000.000000000000000 ) ;
#8717 = CARTESIAN_POINT ( 'NONE',  ( -47.54738325557900000, -5.649108909683899800, 9.567926153023899300 ) ) ;
#8719 = DIRECTION ( 'NONE',  ( 1.000000000000000000, 0.0000000000000000000, 0.0000000000000000000 ) ) ;
#8718 = CARTESIAN_POINT ( 'NONE',  ( -32.02238325557899400, -18.20916474454405800, 6.476395856932977100 ) ) ;
#8720 = EDGE_CURVE ( 'NONE', #6184, #4809, #10845, .T. ) ;
#8721 = CARTESIAN_POINT ( 'NONE',  ( -41.92238325557900000, -10.34694469202680300, 2.810182436344177900 ) ) ;
#8722 = EDGE_CURVE ( 'NONE', #6123, #3588, #6022, .T. ) ;
#8723 = ORIENTED_EDGE ( 'NONE', *, *, #5249, .T. ) ;
#8724 = DIRECTION ( 'NONE',  ( -1.000000000000000000, 2.918290966787332300E-014, -1.088501248464561100E-013 ) ) ;
#8725 = CARTESIAN_POINT ( 'NONE',  ( -40.40687423694200200, -7.101402242377099900, 8.818236007179999400 ) ) ;
#8726 = VERTEX_POINT ( 'NONE', #3734 ) ;
#8727 = CONICAL_SURFACE ( 'NONE', #4237, 1.099999999999775200, 0.7853981633974096400 ) ;
#8728 = VECTOR ( 'NONE', #8477, 1000.000000000000000 ) ;
#8729 = EDGE_LOOP ( 'NONE', ( #2615, #515, #8710, #479 ) ) ;
#8730 = CARTESIAN_POINT ( 'NONE',  ( -44.82238325557901200, -2.340412475986787000, -3.681769648666187100 ) ) ;
#8731 = ADVANCED_FACE ( 'F121', ( #7742 ), #8783, .T. ) ;
#8732 = AXIS2_PLACEMENT_3D ( 'NONE', #5040, #5032, #5011 ) ;
#8733 = DIRECTION ( 'NONE',  ( -1.000000000000000000, -0.0000000000000000000, -0.0000000000000000000 ) ) ;
#8734 = CARTESIAN_POINT ( 'NONE',  ( -54.32238325557899100, -9.900588106886150500, 2.602042942425200100 ) ) ;
#8735 = CYLINDRICAL_SURFACE ( 'NONE', #3648, 0.3499999999999220400 ) ;
#8736 = ORIENTED_EDGE ( 'NONE', *, *, #6616, .T. ) ;
#8737 = CARTESIAN_POINT ( 'NONE',  ( -44.82238325557938200, -12.49715579297711400, 4.469474045087904900 ) ) ;
#8738 = EDGE_CURVE ( 'NONE', #9184, #4475, #5502, .T. ) ;
#8739 = LINE ( 'NONE', #5500, #1960 ) ;
#8740 = EDGE_CURVE ( 'NONE', #1822, #7030, #7292, .T. ) ;
#8741 = ORIENTED_EDGE ( 'NONE', *, *, #3934, .T. ) ;
#8742 = DIRECTION ( 'NONE',  ( -0.0000000000000000000, 0.7660444431189286100, 0.6427876096865984300 ) ) ;
#8743 = ORIENTED_EDGE ( 'NONE', *, *, #7064, .T. ) ;
#8744 = PLANE ( 'NONE',  #9410 ) ;
#8745 = EDGE_CURVE ( 'NONE', #4822, #9378, #1230, .T. ) ;
#8747 = STYLED_ITEM ( 'NONE', ( #7091 ), #5698 ) ;
#8746 = VECTOR ( 'NONE', #4571, 1000.000000000000000 ) ;
#8748 = EDGE_LOOP ( 'NONE', ( #2422, #9293, #3645, #7912 ) ) ;
#8749 = AXIS2_PLACEMENT_3D ( 'NONE', #4764, #5591, #467 ) ;
#8750 = CARTESIAN_POINT ( 'NONE',  ( -43.02238325557900100, -1.710389549891500000, 10.92004774207600100 ) ) ;
#8751 = ORIENTED_EDGE ( 'NONE', *, *, #197, .T. ) ;
#8752 = DIRECTION ( 'NONE',  ( 8.446290927817065700E-014, 0.4226182617408593100, 0.9063077870365754400 ) ) ;
#8753 = CARTESIAN_POINT ( 'NONE',  ( -51.62238325557900300, -12.76384686860154900, 11.42058214781099900 ) ) ;
#8754 = VERTEX_POINT ( 'NONE', #6292 ) ;
#8755 = CARTESIAN_POINT ( 'NONE',  ( -53.12238325557899500, -5.671109932120301300, 8.505139271751250600 ) ) ;
#8756 = EDGE_LOOP ( 'NONE', ( #1774, #7139, #784, #7103 ) ) ;
#8757 = STYLED_ITEM ( 'NONE', ( #5679 ), #7444 ) ;
#8758 = FACE_OUTER_BOUND ( 'NONE', #8211, .T. ) ;
#8759 = VERTEX_POINT ( 'NONE', #7136 ) ;
#8760 = ADVANCED_FACE ( 'F215', ( #3520 ), #1199, .T. ) ;
#8761 = DIRECTION ( 'NONE',  ( -8.436923690056522200E-014, 0.7660444431190476200, 0.6427876096864563200 ) ) ;
#8762 = DIRECTION ( 'NONE',  ( -3.339473067880405900E-014, 0.4226182617408430500, 0.9063077870365831000 ) ) ;
#8763 = DIRECTION ( 'NONE',  ( 1.697635250873307900E-014, 0.4226182617407079900, 0.9063077870366461600 ) ) ;
#8764 = DIRECTION ( 'NONE',  ( 1.000000000000000000, 0.0000000000000000000, 0.0000000000000000000 ) ) ;
#8765 = ORIENTED_EDGE ( 'NONE', *, *, #4219, .F. ) ;
#8766 = CARTESIAN_POINT ( 'NONE',  ( -32.62238325557899500, -4.980643189124251100, 7.837845432904499500 ) ) ;
#8767 = ORIENTED_EDGE ( 'NONE', *, *, #9690, .F. ) ;
#8768 = CARTESIAN_POINT ( 'NONE',  ( -32.37238325557900300, -9.832719534927900200, 0.3636394696481299900 ) ) ;
#8769 = CARTESIAN_POINT ( 'NONE',  ( -43.92238325557900700, -23.18549157783000700, 6.038450371369999700 ) ) ;
#8770 = ADVANCED_FACE ( 'F164', ( #7465 ), #10595, .T. ) ;
#8771 = DIRECTION ( 'NONE',  ( 3.936673889768590200E-013, -0.4226182617410039200, -0.9063077870365079400 ) ) ;
#8772 = VERTEX_POINT ( 'NONE', #5447 ) ;
#8773 = CARTESIAN_POINT ( 'NONE',  ( -32.62238325557900300, -19.57241476617671000, 3.564034999211515200 ) ) ;
#8774 = AXIS2_PLACEMENT_3D ( 'NONE', #10138, #10988, #5873 ) ;
#8775 = ORIENTED_EDGE ( 'NONE', *, *, #5327, .F. ) ;
#8776 = ORIENTED_EDGE ( 'NONE', *, *, #11086, .T. ) ;
#8777 = FACE_OUTER_BOUND ( 'NONE', #1242, .T. ) ;
#8778 = EDGE_CURVE ( 'NONE', #6720, #9875, #9776, .T. ) ;
#8779 = CARTESIAN_POINT ( 'NONE',  ( -32.02238325557899400, -6.048884524049906700, -1.400791773119316900 ) ) ;
#8780 = EDGE_LOOP ( 'NONE', ( #2450, #1448, #10397, #3823 ) ) ;
#8781 = VERTEX_POINT ( 'NONE', #7175 ) ;
#8782 = DIRECTION ( 'NONE',  ( -0.0000000000000000000, 0.9063077870366464900, -0.4226182617407068800 ) ) ;
#8783 = PLANE ( 'NONE',  #9575 ) ;
#8784 = EDGE_CURVE ( 'NONE', #4422, #3723, #5234, .T. ) ;
#8785 = CARTESIAN_POINT ( 'NONE',  ( -53.12238325557834200, -5.364692154873402800, 8.762254315625979100 ) ) ;
#8786 = EDGE_LOOP ( 'NONE', ( #6978, #6907, #2707, #337, #7436 ) ) ;
#8787 = DIRECTION ( 'NONE',  ( 0.0000000000000000000, -1.000000000000000000, 2.859815558967479800E-013 ) ) ;
#8788 = ORIENTED_EDGE ( 'NONE', *, *, #1603, .T. ) ;
#8789 = STYLED_ITEM ( 'NONE', ( #9211 ), #2867 ) ;
#8790 = LINE ( 'NONE', #791, #10812 ) ;
#8791 = CARTESIAN_POINT ( 'NONE',  ( -49.62238325557901700, -4.358649946538720100, 5.262129351445490300 ) ) ;
#8792 = FACE_BOUND ( 'NONE', #9365, .T. ) ;
#8793 = VERTEX_POINT ( 'NONE', #8894 ) ;
#8794 = DIRECTION ( 'NONE',  ( 0.7071067811867372000, 0.4545194776718999900, -0.5416752204195747200 ) ) ;
#8795 = CARTESIAN_POINT ( 'NONE',  ( -32.62238325557900300, -9.942034537722428000, 12.55177100119015600 ) ) ;
#8796 = B_SPLINE_CURVE_WITH_KNOTS ( 'NONE', 3,
 ( #2418, #7482, #1594, #7523 ),
 .UNSPECIFIED., .F., .F.,
 ( 4, 4 ),
 ( 0.0000000000000000000, 1.000000000000000000 ),
 .UNSPECIFIED. ) ;
#8797 = CARTESIAN_POINT ( 'NONE',  ( -51.32238325557867900, -9.251143749712536400, 6.640630161817953500 ) ) ;
#8798 = VERTEX_POINT ( 'NONE', #4689 ) ;
#8799 = LINE ( 'NONE', #3641, #8532 ) ;
#8800 = CARTESIAN_POINT ( 'NONE',  ( -53.12238325557899500, -13.48864023429700000, 8.368249784179601700 ) ) ;
#8801 = EDGE_CURVE ( 'NONE', #4336, #9052, #2708, .T. ) ;
#8802 = FACE_OUTER_BOUND ( 'NONE', #5078, .T. ) ;
#8803 = CARTESIAN_POINT ( 'NONE',  ( -51.42238325557900700, -10.80382141096300200, 11.42058214781100000 ) ) ;
#8804 = EDGE_CURVE ( 'NONE', #8384, #5692, #678, .T. ) ;
#8805 = LINE ( 'NONE', #2037, #4313 ) ;
#8806 = UNCERTAINTY_MEASURE_WITH_UNIT (LENGTH_MEASURE( 1.000000000000000100E-005 ), #7608, 'distance_accuracy_value', 'NONE');
#8807 = EDGE_CURVE ( 'NONE', #2148, #10275, #9216, .T. ) ;
#8808 = LINE ( 'NONE', #1717, #11089 ) ;
#8809 = ORIENTED_EDGE ( 'NONE', *, *, #1106, .F. ) ;
#8810 = LINE ( 'NONE', #7217, #6559 ) ;
#8811 = CARTESIAN_POINT ( 'NONE',  ( -43.02238325557900100, -12.76295202690810400, 1.178340361351895900 ) ) ;
#8812 = COLOUR_RGB ( '',1.000000000000000000, 0.3294117647058823500, 0.0000000000000000000 ) ;
#8813 = LINE ( 'NONE', #2764, #6562 ) ;
#8814 = CARTESIAN_POINT ( 'NONE',  ( -41.22238325557899700, -11.70884666413200200, 12.02058214781100000 ) ) ;
#8815 = CARTESIAN_POINT ( 'NONE',  ( -51.32238325557899800, -5.948581276149002200, 9.924823421641274700 ) ) ;
#8816 = ADVANCED_FACE ( 'F107', ( #4985 ), #3883, .T. ) ;
#8817 = ORIENTED_EDGE ( 'NONE', *, *, #10213, .T. ) ;
#8818 = FACE_OUTER_BOUND ( 'NONE', #5900, .T. ) ;
#8819 = LINE ( 'NONE', #9030, #4601 ) ;
#8820 = PLANE ( 'NONE',  #3703 ) ;
#8821 = EDGE_CURVE ( 'NONE', #9777, #10499, #2431, .T. ) ;
#8822 = DIRECTION ( 'NONE',  ( 7.836868409121039300E-013, 1.000000000000000000, 0.0000000000000000000 ) ) ;
#8823 = DIRECTION ( 'NONE',  ( 0.0000000000000000000, 0.9063077870367009000, -0.4226182617405901400 ) ) ;
#8825 = CARTESIAN_POINT ( 'NONE',  ( -51.32238325557929000, -10.72158411879439700, 7.567339313289689800 ) ) ;
#8824 = DIRECTION ( 'NONE',  ( 0.0000000000000000000, -0.08715574274805217000, 0.9961946980917111300 ) ) ;
#8826 = ORIENTED_EDGE ( 'NONE', *, *, #9375, .T. ) ;
#8827 = CIRCLE ( 'NONE', #9428, 5.900000000000218000 ) ;
#8828 = VERTEX_POINT ( 'NONE', #8930 ) ;
#8829 = VECTOR ( 'NONE', #239, 1000.000000000000000 ) ;
#8830 = FACE_OUTER_BOUND ( 'NONE', #2192, .T. ) ;
#8831 = LINE ( 'NONE', #5905, #4085 ) ;
#8832 = CARTESIAN_POINT ( 'NONE',  ( -51.32238325557878500, -9.546846150878684200, 6.328629642610943400 ) ) ;
#8833 = DIRECTION ( 'NONE',  ( -0.0000000000000000000, 0.4226182617406938300, 0.9063077870366526000 ) ) ;
#8834 = DIRECTION ( 'NONE',  ( 1.320382972902144600E-013, 0.4226182617408431000, 0.9063077870365831000 ) ) ;
#8835 = ORIENTED_EDGE ( 'NONE', *, *, #6204, .F. ) ;
#8836 = LINE ( 'NONE', #9379, #8569 ) ;
#8837 = DIRECTION ( 'NONE',  ( 0.0000000000000000000, -0.9063077870366460500, 0.4226182617407076000 ) ) ;
#8838 = VERTEX_POINT ( 'NONE', #10643 ) ;
#8839 = CARTESIAN_POINT ( 'NONE',  ( -32.62238325557900300, -12.84619292682469700, 1.768845189935860600 ) ) ;
#8840 = LINE ( 'NONE', #1520, #8573 ) ;
#8841 = ORIENTED_EDGE ( 'NONE', *, *, #1163, .F. ) ;
#8842 = EDGE_LOOP ( 'NONE', ( #8311, #8106, #8961, #3596 ) ) ;
#8843 = SURFACE_STYLE_FILL_AREA ( #2773 ) ;
#8844 = DIRECTION ( 'NONE',  ( 0.9986016055963545800, -0.02234221434589853100, -0.04791303328432094200 ) ) ;
#8845 = VECTOR ( 'NONE', #1287, 1000.000000000000100 ) ;
#8846 = AXIS2_PLACEMENT_3D ( 'NONE', #383, #6365, #1263 ) ;
#8847 = CARTESIAN_POINT ( 'NONE',  ( -51.32238325557906900, -12.51387191825309800, 12.02058214781100000 ) ) ;
#8848 = ORIENTED_EDGE ( 'NONE', *, *, #5881, .F. ) ;
#8849 = FACE_BOUND ( 'NONE', #5741, .T. ) ;
#8850 = VERTEX_POINT ( 'NONE', #6415 ) ;
#8851 = AXIS2_PLACEMENT_3D ( 'NONE', #7927, #7568, #7534 ) ;
#8852 = DIRECTION ( 'NONE',  ( 0.0000000000000000000, 0.7660444431194092200, 0.6427876096860255500 ) ) ;
#8853 = STYLED_ITEM ( 'NONE', ( #4898 ), #10281 ) ;
#8854 = CARTESIAN_POINT ( 'NONE',  ( -53.12238325557864000, -11.70884666412944200, 11.72058214781121400 ) ) ;
#8855 = CARTESIAN_POINT ( 'NONE',  ( -31.42238325557900000, -14.80214454774099900, 2.129231450268500100 ) ) ;
#8856 = CYLINDRICAL_SURFACE ( 'NONE', #9557, 0.7999999999981052300 ) ;
#8857 = LINE ( 'NONE', #7352, #10888 ) ;
#8858 = ORIENTED_EDGE ( 'NONE', *, *, #9447, .F. ) ;
#8859 = FILL_AREA_STYLE ('',( #6284 ) ) ;
#8860 = VECTOR ( 'NONE', #7639, 1000.000000000000000 ) ;
#8862 = FILL_AREA_STYLE ('',( #10529 ) ) ;
#8861 = CARTESIAN_POINT ( 'NONE',  ( -43.02238325557900100, -16.57286114066466000, 14.54039830707747600 ) ) ;
#8863 = EDGE_CURVE ( 'NONE', #6655, #490, #8945, .T. ) ;
#8864 = CARTESIAN_POINT ( 'NONE',  ( -37.32238325557815300, -5.965643624132880500, -1.991296601703651700 ) ) ;
#8865 = EDGE_CURVE ( 'NONE', #2111, #710, #2985, .T. ) ;
#8866 = VERTEX_POINT ( 'NONE', #3044 ) ;
#8867 = DIRECTION ( 'NONE',  ( -1.000000000000000000, 0.0000000000000000000, 0.0000000000000000000 ) ) ;
#8868 = CIRCLE ( 'NONE', #2939, 1.174999999999922300 ) ;
#8869 = ADVANCED_FACE ( 'F176', ( #4727 ), #10707, .T. ) ;
#8870 = ORIENTED_EDGE ( 'NONE', *, *, #6325, .F. ) ;
#8871 = CARTESIAN_POINT ( 'NONE',  ( -51.32238325557899800, -4.617418561261702700, 8.338405473846872700 ) ) ;
#8872 = EDGE_CURVE ( 'NONE', #10871, #6618, #4453, .T. ) ;
#8873 = FACE_OUTER_BOUND ( 'NONE', #1070, .T. ) ;
#8874 = PLANE ( 'NONE',  #926 ) ;
#8875 = AXIS2_PLACEMENT_3D ( 'NONE', #297, #218, #209 ) ;
#8876 = CARTESIAN_POINT ( 'NONE',  ( -36.45246202455862800, -21.50067790500323600, 1.390986136799234700 ) ) ;
#8877 = VERTEX_POINT ( 'NONE', #8968 ) ;
#8878 = DIRECTION ( 'NONE',  ( 0.0000000000000000000, 0.9063077870366688100, -0.4226182617406591400 ) ) ;
#8879 = ORIENTED_EDGE ( 'NONE', *, *, #10098, .T. ) ;
#8880 = EDGE_CURVE ( 'NONE', #9395, #6717, #10964, .T. ) ;
#8881 = ORIENTED_EDGE ( 'NONE', *, *, #9163, .F. ) ;
#8882 = SURFACE_STYLE_USAGE ( .BOTH. , #2961 ) ;
#8883 = CARTESIAN_POINT ( 'NONE',  ( -39.42238325557900000, -5.603120509318701500, -2.160343906399603900 ) ) ;
#8884 = DIRECTION ( 'NONE',  ( 0.0000000000000000000, -0.9063077870368332300, 0.4226182617403064800 ) ) ;
#8885 = CARTESIAN_POINT ( 'NONE',  ( -37.32238325557815300, -5.965643624132880500, -1.991296601703651700 ) ) ;
#8886 = ORIENTED_EDGE ( 'NONE', *, *, #775, .T. ) ;
#8887 = EDGE_CURVE ( 'NONE', #894, #6819, #6426, .T. ) ;
#8888 = STYLED_ITEM ( 'NONE', ( #4070 ), #6019 ) ;
#8889 = CARTESIAN_POINT ( 'NONE',  ( -51.32238325557899800, -5.849833879120468300, 9.807140856473235900 ) ) ;
#8890 = CARTESIAN_POINT ( 'NONE',  ( -28.92238325557900000, -18.30158350517084600, 4.312735594845211300 ) ) ;
#8891 = AXIS2_PLACEMENT_3D ( 'NONE', #2008, #7950, #2873 ) ;
#8892 = ORIENTED_EDGE ( 'NONE', *, *, #1477, .T. ) ;
#8893 = ORIENTED_EDGE ( 'NONE', *, *, #1990, .T. ) ;
#8894 = CARTESIAN_POINT ( 'NONE',  ( -51.32238325557899800, -9.773969137541390900, 8.298095327827406100 ) ) ;
#8895 = EDGE_CURVE ( 'NONE', #7917, #10536, #10705, .T. ) ;
#8896 = ORIENTED_EDGE ( 'NONE', *, *, #4211, .F. ) ;
#8897 = CARTESIAN_POINT ( 'NONE',  ( -53.12238325557899500, -7.725610139289661200, 14.93870687926303000 ) ) ;
#8898 = LINE ( 'NONE', #8923, #6643 ) ;
#8899 = VERTEX_POINT ( 'NONE', #8190 ) ;
#8900 = CARTESIAN_POINT ( 'NONE',  ( -42.42238325557900700, -18.19004867136099400, 8.232886555953712100 ) ) ;
#8901 = CARTESIAN_POINT ( 'NONE',  ( -37.60376223126538500, -17.76216467618611000, 10.68146797771184000 ) ) ;
#8902 = EDGE_CURVE ( 'NONE', #4809, #10548, #5335, .T. ) ;
#8903 = FILL_AREA_STYLE_COLOUR ( '', #9895 ) ;
#8904 = AXIS2_PLACEMENT_3D ( 'NONE', #5876, #4240, #10175 ) ;
#8905 = ORIENTED_EDGE ( 'NONE', *, *, #132, .F. ) ;
#8906 = VERTEX_POINT ( 'NONE', #2251 ) ;
#8907 = CONICAL_SURFACE ( 'NONE', #9032, 0.9749999999996704600, 0.03288287980549771400 ) ;
#8908 = CARTESIAN_POINT ( 'NONE',  ( -53.12238325557866100, -10.01593332559327400, 7.069340977090808700 ) ) ;
#8909 = ORIENTED_EDGE ( 'NONE', *, *, #4211, .T. ) ;
#8910 =( NAMED_UNIT ( * ) PLANE_ANGLE_UNIT ( ) SI_UNIT ( $, .RADIAN. ) );
#8911 = CARTESIAN_POINT ( 'NONE',  ( -37.32238325557845800, -3.345410401341229400, 3.627811677923728200 ) ) ;
#8912 =( NAMED_UNIT ( * ) PLANE_ANGLE_UNIT ( ) SI_UNIT ( $, .RADIAN. ) );
#8913 = ORIENTED_EDGE ( 'NONE', *, *, #2518, .T. ) ;
#8914 = PLANE ( 'NONE',  #8055 ) ;
#8915 = DIRECTION ( 'NONE',  ( 1.000000000000000000, -6.817949984283902300E-014, 4.506783954631503800E-014 ) ) ;
#8916 = ORIENTED_EDGE ( 'NONE', *, *, #7784, .F. ) ;
#8917 = ORIENTED_EDGE ( 'NONE', *, *, #2049, .F. ) ;
#8918 = AXIS2_PLACEMENT_3D ( 'NONE', #10249, #10108, #9656 ) ;
#8919 = ORIENTED_EDGE ( 'NONE', *, *, #4071, .T. ) ;
#8920 = PRESENTATION_STYLE_ASSIGNMENT (( #8343 ) ) ;
#8921 = EDGE_LOOP ( 'NONE', ( #5838, #5025, #3852 ) ) ;
#8922 = CARTESIAN_POINT ( 'NONE',  ( -31.42238325557900000, -14.42532973366600000, 4.711964614165600200 ) ) ;
#8923 = CARTESIAN_POINT ( 'NONE',  ( -33.92238325557900000, -12.76295202690819900, 1.178340361351901000 ) ) ;
#8924 = DIRECTION ( 'NONE',  ( 1.000000000000000000, 0.0000000000000000000, 0.0000000000000000000 ) ) ;
#8925 = AXIS2_PLACEMENT_3D ( 'NONE', #5725, #1488, #7412 ) ;
#8926 = CARTESIAN_POINT ( 'NONE',  ( -51.32238325557899800, -5.652339083080526000, 9.571775717836402500 ) ) ;
#8927 = ORIENTED_EDGE ( 'NONE', *, *, #2266, .F. ) ;
#8928 = ADVANCED_FACE ( 'F246', ( #3935 ), #8145, .F. ) ;
#8929 = VERTEX_POINT ( 'NONE', #7355 ) ;
#8930 = CARTESIAN_POINT ( 'NONE',  ( -42.12238325557900300, -6.687244424273286500, 9.871693586019025800 ) ) ;
#8931 = EDGE_CURVE ( 'NONE', #3726, #8793, #10427, .T. ) ;
#8932 = EDGE_CURVE ( 'NONE', #748, #2514, #3365, .T. ) ;
#8933 = CARTESIAN_POINT ( 'NONE',  ( -43.92238325557900000, 5.175109340013104700, 15.98462127171500800 ) ) ;
#8934 = CARTESIAN_POINT ( 'NONE',  ( -30.82238325557900200, -15.90884666412899900, 11.42058214781100000 ) ) ;
#8935 = CARTESIAN_POINT ( 'NONE',  ( -37.32238325557875700, -18.50371477533049000, 6.613746791998519100 ) ) ;
#8936 = ORIENTED_EDGE ( 'NONE', *, *, #6021, .F. ) ;
#8938 = CARTESIAN_POINT ( 'NONE',  ( -51.32238325557890600, -5.390552084931726100, 9.625548384188757500 ) ) ;
#8937 = CARTESIAN_POINT ( 'NONE',  ( -51.32238325557899800, -9.119842775773582500, 8.281152887635697000 ) ) ;
#8939 = FACE_OUTER_BOUND ( 'NONE', #1310, .T. ) ;
#8940 = ORIENTED_EDGE ( 'NONE', *, *, #5866, .F. ) ;
#8941 = CARTESIAN_POINT ( 'NONE',  ( -37.32238325557906900, -17.28905331656254400, 10.46085252755935700 ) ) ;
#8942 = CARTESIAN_POINT ( 'NONE',  ( -37.86377365947695500, -15.96192836479775500, 9.842003999222683300 ) ) ;
#8943 = DIRECTION ( 'NONE',  ( -0.0000000000000000000, 0.4226182617407864300, 0.9063077870366094100 ) ) ;
#8944 = DIRECTION ( 'NONE',  ( 0.0000000000000000000, 0.9063077870367216600, -0.4226182617405459000 ) ) ;
#8945 = LINE ( 'NONE', #1314, #6685 ) ;
#8946 = EDGE_CURVE ( 'NONE', #10627, #5970, #1629, .T. ) ;
#8947 = VERTEX_POINT ( 'NONE', #5772 ) ;
#8948 = FACE_OUTER_BOUND ( 'NONE', #7422, .T. ) ;
#8949 = CARTESIAN_POINT ( 'NONE',  ( -32.62238325557901000, -7.871086239325718400, 6.345026834932810700 ) ) ;
#8950 = EDGE_CURVE ( 'NONE', #3084, #2655, #10162, .T. ) ;
#8951 = LINE ( 'NONE', #11022, #4457 ) ;
#8952 = PLANE ( 'NONE',  #4161 ) ;
#8953 = CIRCLE ( 'NONE', #6068, 0.6999999999997741400 ) ;
#8954 = CARTESIAN_POINT ( 'NONE',  ( -44.82238325557901200, -12.29455564290100100, 20.40257183866999900 ) ) ;
#8955 = DIRECTION ( 'NONE',  ( 0.0000000000000000000, -0.9961946980917514300, -0.08715574274759076100 ) ) ;
#8956 = EDGE_CURVE ( 'NONE', #8651, #6891, #1365, .T. ) ;
#8957 = ORIENTED_EDGE ( 'NONE', *, *, #1781, .T. ) ;
#8958 = MECHANICAL_DESIGN_GEOMETRIC_PRESENTATION_REPRESENTATION (  '', ( #7242 ), #9544 ) ;
#8959 = VECTOR ( 'NONE', #6684, 1000.000000000000200 ) ;
#8960 = CARTESIAN_POINT ( 'NONE',  ( -32.02238325557899400, -7.170633082159700000, -4.808347132910400400 ) ) ;
#8961 = ORIENTED_EDGE ( 'NONE', *, *, #4482, .T. ) ;
#8962 = DIRECTION ( 'NONE',  ( 1.129040364025541300E-013, -1.000000000000000000, -3.528251137579816400E-015 ) ) ;
#8963 = FACE_OUTER_BOUND ( 'NONE', #9118, .T. ) ;
#8964 = CARTESIAN_POINT ( 'NONE',  ( -41.22238325557899700, -11.70884666413000200, 11.42058214781100000 ) ) ;
#8965 = VECTOR ( 'NONE', #3629, 1000.000000000000100 ) ;
#8966 = DIRECTION ( 'NONE',  ( 0.0000000000000000000, 0.9063077870365393600, -0.4226182617409365800 ) ) ;
#8967 = DIRECTION ( 'NONE',  ( -0.0000000000000000000, 0.4226182617407067100, 0.9063077870366466100 ) ) ;
#8968 = CARTESIAN_POINT ( 'NONE',  ( -37.32238325557829500, -4.192905793884048800, 4.354018645406427800 ) ) ;
#8969 = ORIENTED_EDGE ( 'NONE', *, *, #2061, .T. ) ;
#8970 = EDGE_LOOP ( 'NONE', ( #9100, #10241, #3765, #10346 ) ) ;
#8971 = FACE_OUTER_BOUND ( 'NONE', #8167, .T. ) ;
#8972 = ORIENTED_EDGE ( 'NONE', *, *, #11036, .T. ) ;
#8973 = LINE ( 'NONE', #4258, #6707 ) ;
#8974 = DIRECTION ( 'NONE',  ( 0.0000000000000000000, -0.9063077870366390600, 0.4226182617407227600 ) ) ;
#8975 = CARTESIAN_POINT ( 'NONE',  ( -49.57238325557933200, -0.8331532196897591900, 6.649163006922306900 ) ) ;
#8976 = AXIS2_PLACEMENT_3D ( 'NONE', #1867, #7795, #2721 ) ;
#8977 = SURFACE_STYLE_FILL_AREA ( #9783 ) ;
#8978 = SURFACE_STYLE_USAGE ( .BOTH. , #3050 ) ;
#8979 = FACE_OUTER_BOUND ( 'NONE', #9789, .T. ) ;
#8981 = DIRECTION ( 'NONE',  ( 0.0000000000000000000, -0.8191520442894848500, -0.5735764363503419400 ) ) ;
#8980 = CARTESIAN_POINT ( 'NONE',  ( -29.52238325557900100, -6.880317406586296900, 1.193667585174307300 ) ) ;
#8982 = CARTESIAN_POINT ( 'NONE',  ( -43.92238325557900000, -12.76295202690819900, 1.178340361351901000 ) ) ;
#8983 = CARTESIAN_POINT ( 'NONE',  ( -32.62238325557900300, -11.70884666413050100, 12.02058214781099800 ) ) ;
#8984 = ORIENTED_EDGE ( 'NONE', *, *, #5542, .F. ) ;
#8985 = VECTOR ( 'NONE', #7288, 1000.000000000000000 ) ;
#8986 = ORIENTED_EDGE ( 'NONE', *, *, #4793, .T. ) ;
#8987 = CARTESIAN_POINT ( 'NONE',  ( -52.76238325557899600, -9.518847073074098800, 11.42058214781100000 ) ) ;
#8988 = VECTOR ( 'NONE', #9134, 1000.000000000000000 ) ;
#8989 = CARTESIAN_POINT ( 'NONE',  ( -53.12238325557899500, -9.638874482361901000, 8.824426909100900200 ) ) ;
#8990 = ADVANCED_FACE ( 'F51', ( #5631 ), #10921, .T. ) ;
#8991 = CARTESIAN_POINT ( 'NONE',  ( -51.32238325557899800, -5.529456594539099400, 2.395717057588600000 ) ) ;
#8992 = AXIS2_PLACEMENT_3D ( 'NONE', #4819, #6827, #6581 ) ;
#8993 = CARTESIAN_POINT ( 'NONE',  ( -40.97238325557900400, -6.291896519370451000, 10.33397059614300100 ) ) ;
#8994 = CARTESIAN_POINT ( 'NONE',  ( -29.52238325557900100, -15.94339527695296600, 5.419850202581373300 ) ) ;
#8995 = CARTESIAN_POINT ( 'NONE',  ( -33.54238325557899700, -10.10914340997400300, 0.4925380394790399600 ) ) ;
#8996 = VERTEX_POINT ( 'NONE', #7459 ) ;
#8997 = ORIENTED_EDGE ( 'NONE', *, *, #7023, .T. ) ;
#8998 = LINE ( 'NONE', #5998, #178 ) ;
#8999 = FACE_OUTER_BOUND ( 'NONE', #2476, .T. ) ;
#9000 = ORIENTED_EDGE ( 'NONE', *, *, #5585, .F. ) ;
#9001 = CARTESIAN_POINT ( 'NONE',  ( -32.62238325557900300, -18.54223079151950100, 10.31707146177729900 ) ) ;
#9002 = CARTESIAN_POINT ( 'NONE',  ( -51.06987062899399600, -5.009543884308799400, 8.339005088277350100 ) ) ;
#9003 = AXIS2_PLACEMENT_3D ( 'NONE', #2023, #7966, #2893 ) ;
#9004 = VECTOR ( 'NONE', #8689, 1000.000000000000000 ) ;
#9005 = CARTESIAN_POINT ( 'NONE',  ( -53.12238325557899500, -11.70884666412900000, 11.32058214781050000 ) ) ;
#9006 = DIRECTION ( 'NONE',  ( 6.040919398694632200E-013, 1.000000000000000000, 0.0000000000000000000 ) ) ;
#9007 = ORIENTED_EDGE ( 'NONE', *, *, #8902, .T. ) ;
#9008 = CARTESIAN_POINT ( 'NONE',  ( -52.76238325557899600, -6.542583424285800800, 10.63272761569200300 ) ) ;
#9009 = AXIS2_PLACEMENT_3D ( 'NONE', #9869, #9835, #9798 ) ;
#9010 = CARTESIAN_POINT ( 'NONE',  ( -32.62238325557900300, -16.07410869409719800, 15.60997638036205300 ) ) ;
#9011 = LINE ( 'NONE', #6501, #10762 ) ;
#9012 = VERTEX_POINT ( 'NONE', #6664 ) ;
#9013 = PLANE ( 'NONE',  #7771 ) ;
#9014 = FACE_OUTER_BOUND ( 'NONE', #9154, .T. ) ;
#9015 = DIRECTION ( 'NONE',  ( 0.0000000000000000000, -0.9063077870366621500, 0.4226182617406732400 ) ) ;
#9016 = ORIENTED_EDGE ( 'NONE', *, *, #7623, .T. ) ;
#9017 = MECHANICAL_DESIGN_GEOMETRIC_PRESENTATION_REPRESENTATION (  '', ( #7287 ), #9590 ) ;
#9018 = ORIENTED_EDGE ( 'NONE', *, *, #6884, .T. ) ;
#9019 = DIRECTION ( 'NONE',  ( -0.0000000000000000000, 0.7660444431190051000, 0.6427876096865070600 ) ) ;
#9020 = CARTESIAN_POINT ( 'NONE',  ( -44.37238325557900300, -21.82602989727509500, 5.404522978758944200 ) ) ;
#9021 = VERTEX_POINT ( 'NONE', #7494 ) ;
#9022 = EDGE_CURVE ( 'NONE', #4849, #7234, #8680, .T. ) ;
#9023 = EDGE_CURVE ( 'NONE', #9507, #10934, #1088, .T. ) ;
#9024 = EDGE_LOOP ( 'NONE', ( #7832, #7612, #2920 ) ) ;
#9025 = CARTESIAN_POINT ( 'NONE',  ( -32.62238325557900300, -18.79826480611803400, 6.751097727064429700 ) ) ;
#9026 = FILL_AREA_STYLE ('',( #2187 ) ) ;
#9027 = EDGE_LOOP ( 'NONE', ( #10679, #5006, #10382, #7509, #6067, #8526, #1939 ) ) ;
#9028 = CARTESIAN_POINT ( 'NONE',  ( -53.12238325557899500, -5.058274377624799800, 9.019369359500050400 ) ) ;
#9029 = EDGE_CURVE ( 'NONE', #4912, #937, #7591, .T. ) ;
#9030 = CARTESIAN_POINT ( 'NONE',  ( -47.37238325557900300, -13.38283174941690000, 3.398306381277052400 ) ) ;
#9031 = ORIENTED_EDGE ( 'NONE', *, *, #1979, .T. ) ;
#9032 = AXIS2_PLACEMENT_3D ( 'NONE', #6714, #7816, #8155 ) ;
#9033 = PLANE ( 'NONE',  #5277 ) ;
#9034 = SURFACE_STYLE_FILL_AREA ( #7313 ) ;
#9035 = CARTESIAN_POINT ( 'NONE',  ( -37.32238325557876400, -4.300087140906386600, 4.183322544542353900 ) ) ;
#9036 = DIRECTION ( 'NONE',  ( 0.0000000000000000000, -0.9063077870367627400, 0.4226182617404577500 ) ) ;
#9037 = ORIENTED_EDGE ( 'NONE', *, *, #757, .T. ) ;
#9038 = ADVANCED_FACE ( 'F236', ( #5358 ), #6696, .T. ) ;
#9039 = ORIENTED_EDGE ( 'NONE', *, *, #8570, .T. ) ;
#9040 = EDGE_CURVE ( 'NONE', #5913, #748, #9627, .T. ) ;
#9041 = MECHANICAL_DESIGN_GEOMETRIC_PRESENTATION_REPRESENTATION (  '', ( #7316 ), #9625 ) ;
#9042 = DIRECTION ( 'NONE',  ( -1.000000000000000000, 0.0000000000000000000, -0.0000000000000000000 ) ) ;
#9043 = ADVANCED_FACE ( 'F253', ( #2835 ), #4203, .T. ) ;
#9044 = CARTESIAN_POINT ( 'NONE',  ( -32.47238325557899700, -7.777810493642800100, -4.690722343921400700 ) ) ;
#9045 = ORIENTED_EDGE ( 'NONE', *, *, #5976, .T. ) ;
#9046 = CARTESIAN_POINT ( 'NONE',  ( -30.82238325557899800, -19.58000647323202200, 4.967475480784011100 ) ) ;
#9047 = CARTESIAN_POINT ( 'NONE',  ( -51.32238325557899800, -9.958846664129000100, 11.32058214908221700 ) ) ;
#9048 = CARTESIAN_POINT ( 'NONE',  ( -51.32238325557926100, -8.117601886419606700, 6.577244354433890500 ) ) ;
#9049 = ORIENTED_EDGE ( 'NONE', *, *, #10262, .F. ) ;
#9050 = DIRECTION ( 'NONE',  ( 0.0000000000000000000, 0.9063077870366104100, -0.4226182617407843200 ) ) ;
#9051 = EDGE_LOOP ( 'NONE', ( #5325, #2711, #1015, #1338 ) ) ;
#9052 = VERTEX_POINT ( 'NONE', #1636 ) ;
#9053 = VECTOR ( 'NONE', #8565, 1000.000000000000100 ) ;
#9054 = EDGE_LOOP ( 'NONE', ( #6400, #702, #3889, #7785, #1826, #2012 ) ) ;
#9055 = EDGE_CURVE ( 'NONE', #9166, #5493, #5101, .T. ) ;
#9056 = VERTEX_POINT ( 'NONE', #7564 ) ;
#9057 = ORIENTED_EDGE ( 'NONE', *, *, #7357, .F. ) ;
#9058 = ORIENTED_EDGE ( 'NONE', *, *, #3637, .T. ) ;
#9059 = LINE ( 'NONE', #1346, #2548 ) ;
#9060 = DIRECTION ( 'NONE',  ( 0.0000000000000000000, -0.9063077870366644800, 0.4226182617406682400 ) ) ;
#9061 = VECTOR ( 'NONE', #6335, 1000.000000000000100 ) ;
#9062 = ORIENTED_EDGE ( 'NONE', *, *, #6039, .F. ) ;
#9063 = CARTESIAN_POINT ( 'NONE',  ( -51.32238325557899800, -5.751086479638632700, 9.689458288381469900 ) ) ;
#9064 = DIRECTION ( 'NONE',  ( 1.000000000000000000, -0.0000000000000000000, -0.0000000000000000000 ) ) ;
#9065 = CARTESIAN_POINT ( 'NONE',  ( -37.32238325557829500, -3.260886748993136100, 3.809073235331116100 ) ) ;
#9066 = CARTESIAN_POINT ( 'NONE',  ( -51.62238325557900300, -5.845175363062700100, 9.801589053225299600 ) ) ;
#9067 = VERTEX_POINT ( 'NONE', #8438 ) ;
#9068 = FACE_OUTER_BOUND ( 'NONE', #3216, .T. ) ;
#9069 = CARTESIAN_POINT ( 'NONE',  ( -44.82238325557963800, -8.536769409500133000, 10.24141823171752800 ) ) ;
#9070 = LINE ( 'NONE', #5770, #7063 ) ;
#9071 = CARTESIAN_POINT ( 'NONE',  ( -51.62238325557900300, -10.56534052237699900, 5.891133441408400500 ) ) ;
#9072 = AXIS2_PLACEMENT_3D ( 'NONE', #10235, #5980, #869 ) ;
#9073 = DIRECTION ( 'NONE',  ( 0.0000000000000000000, -0.4226182617415875100, -0.9063077870362359300 ) ) ;
#9074 = CARTESIAN_POINT ( 'NONE',  ( -29.22238325557900000, -7.542270800049050400, 1.502341521887649900 ) ) ;
#9075 = FACE_OUTER_BOUND ( 'NONE', #2874, .T. ) ;
#9076 = EDGE_LOOP ( 'NONE', ( #5782, #3751, #1089, #2235, #4954, #10325, #6645 ) ) ;
#9077 = FACE_OUTER_BOUND ( 'NONE', #3167, .T. ) ;
#9078 = DIRECTION ( 'NONE',  ( 0.0000000000000000000, -0.9063077870366453800, 0.4226182617407091000 ) ) ;
#9079 = ORIENTED_EDGE ( 'NONE', *, *, #25, .F. ) ;
#9080 = EDGE_CURVE ( 'NONE', #10878, #7664, #541, .T. ) ;
#9081 = VECTOR ( 'NONE', #8668, 999.9999999999998900 ) ;
#9082 = EDGE_CURVE ( 'NONE', #228, #7972, #3376, .T. ) ;
#9083 = LINE ( 'NONE', #2884, #6821 ) ;
#9084 = DIRECTION ( 'NONE',  ( 1.000000000000000000, 0.0000000000000000000, 0.0000000000000000000 ) ) ;
#9085 = DIRECTION ( 'NONE',  ( -1.000000000000000000, 0.0000000000000000000, 0.0000000000000000000 ) ) ;
#9086 = DIRECTION ( 'NONE',  ( 0.0000000000000000000, -0.9063077870366488300, 0.4226182617407016100 ) ) ;
#9087 = ADVANCED_FACE ( 'F187', ( #9075 ), #4586, .F. ) ;
#9088 = DIRECTION ( 'NONE',  ( 0.0000000000000000000, -0.4226182617406517600, -0.9063077870366722500 ) ) ;
#9089 = EDGE_CURVE ( 'NONE', #4103, #5094, #258, .T. ) ;
#9090 = VERTEX_POINT ( 'NONE', #7601 ) ;
#9091 = LINE ( 'NONE', #5099, #2312 ) ;
#9092 = AXIS2_PLACEMENT_3D ( 'NONE', #2574, #2559, #2532 ) ;
#9093 = FACE_OUTER_BOUND ( 'NONE', #10008, .T. ) ;
#9094 = ADVANCED_FACE ( 'F221', ( #2566 ), #8483, .T. ) ;
#9095 = CARTESIAN_POINT ( 'NONE',  ( -53.12238325557899500, -10.39217750474600200, 10.04810649369240100 ) ) ;
#9096 = EDGE_CURVE ( 'NONE', #792, #4489, #8808, .T. ) ;
#9097 = CARTESIAN_POINT ( 'NONE',  ( -32.02238325557899400, -12.84466960175600300, 1.712956931506600000 ) ) ;
#9098 = EDGE_CURVE ( 'NONE', #3990, #830, #6812, .T. ) ;
#9099 = ORIENTED_EDGE ( 'NONE', *, *, #3268, .T. ) ;
#9100 = ORIENTED_EDGE ( 'NONE', *, *, #4622, .F. ) ;
#9101 = CARTESIAN_POINT ( 'NONE',  ( -37.32238325557794700, -21.03942434577557600, 1.175900069779927100 ) ) ;
#9102 = SURFACE_STYLE_FILL_AREA ( #10374 ) ;
#9103 = FACE_OUTER_BOUND ( 'NONE', #7753, .T. ) ;
#9104 = VECTOR ( 'NONE', #8265, 1000.000000000000100 ) ;
#9105 = DIRECTION ( 'NONE',  ( -2.570992749633232600E-014, -0.4226182617407281400, -0.9063077870366367300 ) ) ;
#9106 = CARTESIAN_POINT ( 'NONE',  ( -28.92238325557900300, -12.55164289603784100, 1.631494254870251300 ) ) ;
#9107 = LINE ( 'NONE', #11049, #4614 ) ;
#9108 = EDGE_CURVE ( 'NONE', #10706, #4607, #2301, .T. ) ;
#9109 = PRESENTATION_LAYER_ASSIGNMENT (  '', '', ( #10264 ) ) ;
#9110 = AXIS2_PLACEMENT_3D ( 'NONE', #5180, #35, #6018 ) ;
#9111 = CARTESIAN_POINT ( 'NONE',  ( -51.32238325557899800, -5.948581276149002200, 9.924823421641274700 ) ) ;
#9112 = VERTEX_POINT ( 'NONE', #9374 ) ;
#9113 = VECTOR ( 'NONE', #7567, 1000.000000000000100 ) ;
#9114 = ORIENTED_EDGE ( 'NONE', *, *, #1692, .T. ) ;
#9115 = DIRECTION ( 'NONE',  ( 1.212404037481728500E-013, 0.4226182617407725500, 0.9063077870366158500 ) ) ;
#9116 = DIRECTION ( 'NONE',  ( 0.0000000000000000000, -0.9063077870365829900, 0.4226182617408431000 ) ) ;
#9117 = VERTEX_POINT ( 'NONE', #4310 ) ;
#9118 = EDGE_LOOP ( 'NONE', ( #321, #10781, #532, #7105 ) ) ;
#9119 = FACE_OUTER_BOUND ( 'NONE', #8842, .T. ) ;
#9120 = PLANE ( 'NONE',  #1703 ) ;
#9121 = LINE ( 'NONE', #1059, #2339 ) ;
#9122 = CARTESIAN_POINT ( 'NONE',  ( -41.42238325557913500, -5.594505487808687500, 8.569418032719836400 ) ) ;
#9123 = CARTESIAN_POINT ( 'NONE',  ( -37.81102063113449000, -20.86490960704514900, 1.094522510649362100 ) ) ;
#9124 = FACE_BOUND ( 'NONE', #1473, .T. ) ;
#9125 = SURFACE_STYLE_FILL_AREA ( #9601 ) ;
#9126 = ORIENTED_EDGE ( 'NONE', *, *, #2116, .T. ) ;
#9127 = DIRECTION ( 'NONE',  ( 0.0000000000000000000, -0.9063077870366533800, 0.4226182617406920000 ) ) ;
#9128 = CARTESIAN_POINT ( 'NONE',  ( -51.32238325557919700, -11.14022693413521900, 12.37067213193879700 ) ) ;
#9129 = ORIENTED_EDGE ( 'NONE', *, *, #871, .F. ) ;
#9130 = VECTOR ( 'NONE', #1831, 1000.000000000000000 ) ;
#9131 = VECTOR ( 'NONE', #10704, 1000.000000000000100 ) ;
#9132 = EDGE_LOOP ( 'NONE', ( #4537, #7346, #10779, #6412 ) ) ;
#9133 = UNCERTAINTY_MEASURE_WITH_UNIT (LENGTH_MEASURE( 1.000000000000000100E-005 ), #10253, 'distance_accuracy_value', 'NONE');
#9134 = DIRECTION ( 'NONE',  ( -0.0000000000000000000, 0.7660444431190051000, 0.6427876096865070600 ) ) ;
#9135 = AXIS2_PLACEMENT_3D ( 'NONE', #5758, #6762, #7081 ) ;
#9136 = DIRECTION ( 'NONE',  ( 0.0000000000000000000, -0.9063077870366431600, 0.4226182617407141000 ) ) ;
#9137 = DIRECTION ( 'NONE',  ( 0.0000000000000000000, 0.9063077870362359300, -0.4226182617415875100 ) ) ;
#9138 = DIRECTION ( 'NONE',  ( 0.0000000000000000000, -0.9063077870365828800, 0.4226182617408434900 ) ) ;
#9139 = EDGE_LOOP ( 'NONE', ( #2599, #2525, #7585, #2759 ) ) ;
#9140 = DIRECTION ( 'NONE',  ( 0.0000000000000000000, 0.9063077870366367300, -0.4226182617407279700 ) ) ;
#9141 = DIRECTION ( 'NONE',  ( 0.0000000000000000000, -0.4226182617400650600, -0.9063077870369458100 ) ) ;
#9142 = ADVANCED_FACE ( 'F305', ( #8540 ), #8274, .F. ) ;
#9143 = ORIENTED_EDGE ( 'NONE', *, *, #10098, .F. ) ;
#9144 = DIRECTION ( 'NONE',  ( 0.0000000000000000000, -0.7660444431194076700, -0.6427876096860273300 ) ) ;
#9145 = LINE ( 'NONE', #5066, #6354 ) ;
#9146 = EDGE_CURVE ( 'NONE', #6156, #653, #10564, .T. ) ;
#9147 = DIRECTION ( 'NONE',  ( -1.000000000000000000, -0.0000000000000000000, -0.0000000000000000000 ) ) ;
#9148 = CARTESIAN_POINT ( 'NONE',  ( -37.32238325557835200, -7.444807540225499000, -5.163373856330403900 ) ) ;
#9149 = ORIENTED_EDGE ( 'NONE', *, *, #8865, .T. ) ;
#9150 = CARTESIAN_POINT ( 'NONE',  ( -32.62238325557900300, -6.339461084251800200, 10.87186341077099900 ) ) ;
#9151 = CARTESIAN_POINT ( 'NONE',  ( -32.32238325557899800, -13.99135797649723200, -2.165845173684290500 ) ) ;
#9152 = ADVANCED_FACE ( 'F57', ( #1763 ), #3483, .T. ) ;
#9153 = EDGE_LOOP ( 'NONE', ( #1035, #5483, #997, #919 ) ) ;
#9154 = EDGE_LOOP ( 'NONE', ( #4012, #8383, #5789, #619 ) ) ;
#9155 = CARTESIAN_POINT ( 'NONE',  ( -37.56556776754722900, -21.46248145500250000, 1.373174839649795800 ) ) ;
#9156 = PRODUCT_DEFINITION ( 'UNKNOWN', '', #9751, #5473 ) ;
#9157 = DIRECTION ( 'NONE',  ( 0.0000000000000000000, 0.9063077870365048300, -0.4226182617410109100 ) ) ;
#9158 = LINE ( 'NONE', #2844, #6888 ) ;
#9159 = CARTESIAN_POINT ( 'NONE',  ( -54.32238325557899800, -10.47373017055000100, 2.538290100233699900 ) ) ;
#9160 = VERTEX_POINT ( 'NONE', #1752 ) ;
#9161 = DIRECTION ( 'NONE',  ( 0.0000000000000000000, 0.4226183823214032000, 0.9063077308089345600 ) ) ;
#9162 = ORIENTED_EDGE ( 'NONE', *, *, #3061, .F. ) ;
#9163 = EDGE_CURVE ( 'NONE', #7510, #2372, #6008, .T. ) ;
#9164 = EDGE_CURVE ( 'NONE', #8947, #2477, #6557, .T. ) ;
#9165 = CARTESIAN_POINT ( 'NONE',  ( -42.42238325557900700, -13.51222463822699800, 4.286176715461899700 ) ) ;
#9166 = VERTEX_POINT ( 'NONE', #918 ) ;
#9167 = CARTESIAN_POINT ( 'NONE',  ( -36.67238325557900700, -16.01490998247300000, 7.218602727776000100 ) ) ;
#9168 = VERTEX_POINT ( 'NONE', #8591 ) ;
#9169 = VECTOR ( 'NONE', #8233, 1000.000000000000100 ) ;
#9170 = EDGE_LOOP ( 'NONE', ( #8936, #3574, #8247, #560 ) ) ;
#9171 = DIRECTION ( 'NONE',  ( 1.000000000000000000, -0.0000000000000000000, 0.0000000000000000000 ) ) ;
#9172 = EDGE_CURVE ( 'NONE', #6156, #2302, #8006, .T. ) ;
#9173 = AXIS2_PLACEMENT_3D ( 'NONE', #3315, #4911, #10863 ) ;
#9174 = CARTESIAN_POINT ( 'NONE',  ( -32.62238325557900300, -13.86457249797505600, -1.893952837573371600 ) ) ;
#9175 = ORIENTED_EDGE ( 'NONE', *, *, #9683, .T. ) ;
#9176 = DIRECTION ( 'NONE',  ( -1.000000000000000000, 0.0000000000000000000, -0.0000000000000000000 ) ) ;
#9177 = PLANE ( 'NONE',  #10090 ) ;
#9178 = ORIENTED_EDGE ( 'NONE', *, *, #197, .F. ) ;
#9179 = FACE_OUTER_BOUND ( 'NONE', #4206, .T. ) ;
#9180 = ORIENTED_EDGE ( 'NONE', *, *, #1626, .T. ) ;
#9181 = DIRECTION ( 'NONE',  ( -1.000000000000000000, -1.124744024573817900E-013, -9.840235151880140300E-015 ) ) ;
#9182 = DIRECTION ( 'NONE',  ( 0.0000000000000000000, 0.6427876096862964500, -0.7660444431191818500 ) ) ;
#9183 = AXIS2_PLACEMENT_3D ( 'NONE', #5799, #6658, #1565 ) ;
#9184 = VERTEX_POINT ( 'NONE', #5218 ) ;
#9185 = CARTESIAN_POINT ( 'NONE',  ( -32.62238325557900300, -11.70640637255661300, 3.444109828943391300 ) ) ;
#9186 = DIRECTION ( 'NONE',  ( 1.109796496365873200E-014, 0.7660444431189468200, 0.6427876096865765600 ) ) ;
#9187 = ORIENTED_EDGE ( 'NONE', *, *, #717, .T. ) ;
#9188 = ORIENTED_EDGE ( 'NONE', *, *, #9108, .F. ) ;
#9189 = CIRCLE ( 'NONE', #2398, 0.8499999999997519500 ) ;
#9190 = DIRECTION ( 'NONE',  ( -1.000000000000000000, 6.782848364076685300E-015, -7.752831156315364500E-014 ) ) ;
#9191 = ORIENTED_EDGE ( 'NONE', *, *, #5288, .T. ) ;
#9192 = CARTESIAN_POINT ( 'NONE',  ( -41.22238325557899700, -6.108735575555376900, 9.182253587211937100 ) ) ;
#9193 = CARTESIAN_POINT ( 'NONE',  ( -30.82238325557900200, -19.03622180330516000, 4.713904524809551700 ) ) ;
#9194 =( NAMED_UNIT ( * ) PLANE_ANGLE_UNIT ( ) SI_UNIT ( $, .RADIAN. ) );
#9195 = VERTEX_POINT ( 'NONE', #6060 ) ;
#9196 = ORIENTED_EDGE ( 'NONE', *, *, #9446, .T. ) ;
#9197 = ADVANCED_FACE ( 'F172', ( #3510 ), #953, .T. ) ;
#9198 = B_SPLINE_CURVE_WITH_KNOTS ( 'NONE', 3,
 ( #8926, #9063, #8889, #8815 ),
 .UNSPECIFIED., .F., .F.,
 ( 4, 4 ),
 ( 0.0000000000000000000, 1.000000000000000000 ),
 .UNSPECIFIED. ) ;
#9199 = ORIENTED_EDGE ( 'NONE', *, *, #10607, .F. ) ;
#9200 = AXIS2_PLACEMENT_3D ( 'NONE', #5316, #5551, #10449 ) ;
#9201 = LINE ( 'NONE', #10594, #6923 ) ;
#9202 = PLANE ( 'NONE',  #6624 ) ;
#9203 = ADVANCED_FACE ( 'F304', ( #2028 ), #10290, .T. ) ;
#9204 = AXIS2_PLACEMENT_3D ( 'NONE', #4232, #5072, #11015 ) ;
#9205 = ORIENTED_EDGE ( 'NONE', *, *, #7518, .F. ) ;
#9206 = CARTESIAN_POINT ( 'NONE',  ( -44.82238325557901200, -21.82602989727497400, 5.404522978759017900 ) ) ;
#9207 = FACE_OUTER_BOUND ( 'NONE', #5708, .T. ) ;
#9208 = ORIENTED_EDGE ( 'NONE', *, *, #7940, .F. ) ;
#9209 = VECTOR ( 'NONE', #6638, 1000.000000000000100 ) ;
#9210 = ORIENTED_EDGE ( 'NONE', *, *, #1698, .F. ) ;
#9211 = PRESENTATION_STYLE_ASSIGNMENT (( #7317 ) ) ;
#9212 = CARTESIAN_POINT ( 'NONE',  ( -30.82238325557900200, -5.134878821934700400, 8.955090598528800100 ) ) ;
#9213 = DIRECTION ( 'NONE',  ( -0.7071067811867376400, 0.4545194776719014300, -0.5416752204195729400 ) ) ;
#9214 = AXIS2_PLACEMENT_3D ( 'NONE', #9390, #9315, #9238 ) ;
#9215 = CARTESIAN_POINT ( 'NONE',  ( -47.37238325557901000, -13.06586805311105700, 4.078037221554476200 ) ) ;
#9216 = LINE ( 'NONE', #2135, #6939 ) ;
#9217 = ORIENTED_EDGE ( 'NONE', *, *, #2836, .T. ) ;
#9218 = VECTOR ( 'NONE', #4441, 999.9999999999998900 ) ;
#9219 = ORIENTED_EDGE ( 'NONE', *, *, #9842, .T. ) ;
#9220 = DIRECTION ( 'NONE',  ( 0.2588190451035697300, -0.8754260980652993600, 0.4082178936766996400 ) ) ;
#9221 = LINE ( 'NONE', #5870, #6946 ) ;
#9222 = AXIS2_PLACEMENT_3D ( 'NONE', #626, #9171, #4116 ) ;
#9223 = CARTESIAN_POINT ( 'NONE',  ( -42.30238325557900200, -13.62864678393800100, 2.161293863635000100 ) ) ;
#9224 = CARTESIAN_POINT ( 'NONE',  ( -42.42238325557900700, -11.46407355159390200, 1.124352340781364300 ) ) ;
#9225 = DIRECTION ( 'NONE',  ( 0.0000000000000000000, -0.6427876096865763300, 0.7660444431189470400 ) ) ;
#9226 = DIRECTION ( 'NONE',  ( 0.0000000000000000000, 0.9063077870366630400, -0.4226182617406711300 ) ) ;
#9227 = EDGE_LOOP ( 'NONE', ( #9867, #8683, #5564, #5853 ) ) ;
#9228 = FACE_OUTER_BOUND ( 'NONE', #8246, .T. ) ;
#9229 = EDGE_CURVE ( 'NONE', #9420, #1785, #1376, .T. ) ;
#9230 = VERTEX_POINT ( 'NONE', #112 ) ;
#9231 = FACE_OUTER_BOUND ( 'NONE', #4111, .T. ) ;
#9232 = EDGE_CURVE ( 'NONE', #10086, #728, #6277, .T. ) ;
#9233 = DIRECTION ( 'NONE',  ( 3.420548494710057900E-013, 0.4226182617410114100, 0.9063077870365045000 ) ) ;
#9234 = DIRECTION ( 'NONE',  ( 0.0000000000000000000, 0.8191520442889826900, 0.5735764363510591500 ) ) ;
#9235 = LINE ( 'NONE', #3713, #4467 ) ;
#9236 = PLANE ( 'NONE',  #238 ) ;
#9237 = EDGE_CURVE ( 'NONE', #298, #6011, #1222, .T. ) ;
#9238 = DIRECTION ( 'NONE',  ( 0.0000000000000000000, -0.6427876096865178200, 0.7660444431189960000 ) ) ;
#9239 = VERTEX_POINT ( 'NONE', #1903 ) ;
#9240 = VERTEX_POINT ( 'NONE', #6980 ) ;
#9241 = VECTOR ( 'NONE', #8700, 1000.000000000000200 ) ;
#9242 = ORIENTED_EDGE ( 'NONE', *, *, #7553, .T. ) ;
#9243 = LINE ( 'NONE', #6752, #2732 ) ;
#9244 = LINE ( 'NONE', #3611, #6969 ) ;
#9245 = CIRCLE ( 'NONE', #3119, 0.8499999999995091500 ) ;
#9246 = CYLINDRICAL_SURFACE ( 'NONE', #7265, 6.999999999999811700 ) ;
#9247 = CARTESIAN_POINT ( 'NONE',  ( -32.62238325557900300, -5.665112416279123800, -1.579747645959106000 ) ) ;
#9248 = PLANE ( 'NONE',  #754 ) ;
#9249 = EDGE_CURVE ( 'NONE', #9964, #2244, #1499, .T. ) ;
#9250 = PLANE ( 'NONE',  #1959 ) ;
#9251 = ORIENTED_EDGE ( 'NONE', *, *, #6407, .F. ) ;
#9252 = CIRCLE ( 'NONE', #10861, 0.5999999999998137900 ) ;
#9253 = DIRECTION ( 'NONE',  ( 0.0000000000000000000, 0.9063077870366644800, -0.4226182617406684100 ) ) ;
#9254 = ORIENTED_EDGE ( 'NONE', *, *, #1402, .T. ) ;
#9255 = DIRECTION ( 'NONE',  ( -1.000000000000000000, -1.333327738341063000E-012, 1.555468716792537800E-012 ) ) ;
#9256 = EDGE_CURVE ( 'NONE', #1566, #1580, #10022, .T. ) ;
#9257 = AXIS2_PLACEMENT_3D ( 'NONE', #6263, #8824, #3779 ) ;
#9258 = ADVANCED_FACE ( 'F162', ( #5226 ), #6170, .T. ) ;
#9259 = VECTOR ( 'NONE', #7373, 1000.000000000000100 ) ;
#9260 = VERTEX_POINT ( 'NONE', #4491 ) ;
#9261 = AXIS2_PLACEMENT_3D ( 'NONE', #670, #6649, #1556 ) ;
#9262 = UNCERTAINTY_MEASURE_WITH_UNIT (LENGTH_MEASURE( 1.000000000000000100E-005 ), #4295, 'distance_accuracy_value', 'NONE');
#9263 = UNCERTAINTY_MEASURE_WITH_UNIT (LENGTH_MEASURE( 1.000000000000000100E-005 ), #5020, 'distance_accuracy_value', 'NONE');
#9264 = VERTEX_POINT ( 'NONE', #8737 ) ;
#9265 = PLANE ( 'NONE',  #6255 ) ;
#9266 = VECTOR ( 'NONE', #1678, 1000.000000000000000 ) ;
#9267 = ADVANCED_FACE ( 'F301', ( #9483, #5492 ), #4522, .T. ) ;
#9268 = ORIENTED_EDGE ( 'NONE', *, *, #649, .T. ) ;
#9269 = EDGE_CURVE ( 'NONE', #10539, #99, #2974, .T. ) ;
#9270 = DIRECTION ( 'NONE',  ( 0.0000000000000000000, -0.9063077870366466100, 0.4226182617407067100 ) ) ;
#9271 = CARTESIAN_POINT ( 'NONE',  ( -30.47238325557899700, -6.367126502917066100, -1.100530104027899000 ) ) ;
#9272 = CARTESIAN_POINT ( 'NONE',  ( -43.02238325557900100, -3.699874156541779400, -3.047842256055091100 ) ) ;
#9273 = CARTESIAN_POINT ( 'NONE',  ( -51.62238325557900300, -10.45884666413299900, 11.72058214781099900 ) ) ;
#9274 = VERTEX_POINT ( 'NONE', #3673 ) ;
#9275 = LINE ( 'NONE', #10985, #4781 ) ;
#9276 =( LENGTH_UNIT ( ) NAMED_UNIT ( * ) SI_UNIT ( .MILLI., .METRE. ) );
#9277 = VECTOR ( 'NONE', #1204, 1000.000000000000000 ) ;
#9278 = ORIENTED_EDGE ( 'NONE', *, *, #6956, .T. ) ;
#9279 = VERTEX_POINT ( 'NONE', #7050 ) ;
#9280 = ORIENTED_EDGE ( 'NONE', *, *, #4150, .F. ) ;
#9281 = DIRECTION ( 'NONE',  ( -0.0000000000000000000, 0.9063077870366338400, -0.4226182617407338600 ) ) ;
#9282 =( GEOMETRIC_REPRESENTATION_CONTEXT ( 3 ) GLOBAL_UNCERTAINTY_ASSIGNED_CONTEXT ( ( #1354 ) ) GLOBAL_UNIT_ASSIGNED_CONTEXT ( ( #1738, #1668, #5974 ) ) REPRESENTATION_CONTEXT ( 'NONE', 'WORKASPACE' ) );
#9283 = CARTESIAN_POINT ( 'NONE',  ( -44.82238325557901200, 6.534571020568135300, 15.35069387910407600 ) ) ;
#9284 = UNCERTAINTY_MEASURE_WITH_UNIT (LENGTH_MEASURE( 1.000000000000000100E-005 ), #1934, 'distance_accuracy_value', 'NONE');
#9285 = ORIENTED_EDGE ( 'NONE', *, *, #10050, .F. ) ;
#9286 = DIRECTION ( 'NONE',  ( -0.0000000000000000000, 0.4226182617407067100, 0.9063077870366466100 ) ) ;
#9287 = CARTESIAN_POINT ( 'NONE',  ( -28.92238325557900300, -15.03244083274198900, 4.995065169015519200 ) ) ;
#9288 = COLOUR_RGB ( '',1.000000000000000000, 0.6588235294117647000, 0.0000000000000000000 ) ;
#9289 = DIRECTION ( 'NONE',  ( 0.0000000000000000000, 0.4226182617406913400, 0.9063077870366537100 ) ) ;
#9290 = DIRECTION ( 'NONE',  ( -0.0000000000000000000, 0.4226182617407130400, 0.9063077870366436100 ) ) ;
#9291 = DIRECTION ( 'NONE',  ( -1.000000000000000000, -1.124744024573817900E-013, -9.840235151880140300E-015 ) ) ;
#9292 = ORIENTED_EDGE ( 'NONE', *, *, #7375, .T. ) ;
#9293 = ORIENTED_EDGE ( 'NONE', *, *, #4265, .F. ) ;
#9294 = DIRECTION ( 'NONE',  ( 0.0000000000000000000, -0.9063077870366655900, 0.4226182617406659700 ) ) ;
#9295 = ORIENTED_EDGE ( 'NONE', *, *, #5405, .T. ) ;
#9296 = EDGE_CURVE ( 'NONE', #6845, #2392, #7196, .T. ) ;
#9297 = CARTESIAN_POINT ( 'NONE',  ( -51.32238325557888500, -5.189019224855156800, 7.930605939411925000 ) ) ;
#9298 = EDGE_CURVE ( 'NONE', #2742, #7485, #4974, .T. ) ;
#9299 = CARTESIAN_POINT ( 'NONE',  ( -50.47238325557874800, -6.108735575555357400, 9.182253587211954800 ) ) ;
#9300 = CONICAL_SURFACE ( 'NONE', #8605, 1.074999999999290300, 0.7853981633980432500 ) ;
#9301 = PLANE ( 'NONE',  #7384 ) ;
#9302 = EDGE_LOOP ( 'NONE', ( #10677, #3528, #2932, #11090 ) ) ;
#9303 = CARTESIAN_POINT ( 'NONE',  ( -38.47238325557900400, -15.36314926911000000, 9.562788721360600900 ) ) ;
#9304 = AXIS2_PLACEMENT_3D ( 'NONE', #5545, #5424, #5398 ) ;
#9305 = PLANE ( 'NONE',  #8904 ) ;
#9306 = CARTESIAN_POINT ( 'NONE',  ( -32.62238325557900300, -14.13646483408582600, -1.767167359051279500 ) ) ;
#9307 = ORIENTED_EDGE ( 'NONE', *, *, #891, .T. ) ;
#9308 = ORIENTED_EDGE ( 'NONE', *, *, #4544, .F. ) ;
#9309 = COLOUR_RGB ( '',1.000000000000000000, 0.6588235294117647000, 0.0000000000000000000 ) ;
#9310 = DIRECTION ( 'NONE',  ( -1.092316201647335900E-013, 0.0000000000000000000, 1.000000000000000000 ) ) ;
#9311 = CARTESIAN_POINT ( 'NONE',  ( -43.02238325557900100, -4.807103841705815000, 12.91575829094896800 ) ) ;
#9312 = ORIENTED_EDGE ( 'NONE', *, *, #1065, .F. ) ;
#9313 = EDGE_CURVE ( 'NONE', #5728, #9056, #10457, .T. ) ;
#9314 = EDGE_CURVE ( 'NONE', #3566, #9383, #2698, .T. ) ;
#9315 = DIRECTION ( 'NONE',  ( -1.000000000000000000, 0.0000000000000000000, 0.0000000000000000000 ) ) ;
#9316 = EDGE_LOOP ( 'NONE', ( #2951, #5549, #879, #9307 ) ) ;
#9317 = ADVANCED_FACE ( 'F67', ( #9207 ), #2877, .T. ) ;
#9318 = EDGE_LOOP ( 'NONE', ( #7187, #8997, #220, #5371 ) ) ;
#9319 = CARTESIAN_POINT ( 'NONE',  ( -44.82238325557933200, -7.232809980558299000, 15.99552023009102300 ) ) ;
#9320 = EDGE_CURVE ( 'NONE', #3726, #10706, #10368, .T. ) ;
#9321 = CARTESIAN_POINT ( 'NONE',  ( -43.12984086573099800, -6.227617758401801300, 10.25736615183100000 ) ) ;
#9322 = AXIS2_PLACEMENT_3D ( 'NONE', #2563, #7627, #5972 ) ;
#9323 = ORIENTED_EDGE ( 'NONE', *, *, #4789, .T. ) ;
#9324 = LINE ( 'NONE', #4429, #4550 ) ;
#9325 = EDGE_LOOP ( 'NONE', ( #10889, #9062, #7483, #1711, #6121, #1537, #9437 ) ) ;
#9326 = CARTESIAN_POINT ( 'NONE',  ( -32.02238325557899400, -5.142820766170600200, -0.9957628029732797900 ) ) ;
#9328 = DIRECTION ( 'NONE',  ( 1.000000000000000000, -0.0000000000000000000, -0.0000000000000000000 ) ) ;
#9327 = CARTESIAN_POINT ( 'NONE',  ( -44.82238325557901200, -5.459840671698000100, 13.88216122491100000 ) ) ;
#9329 = DIRECTION ( 'NONE',  ( 0.0000000000000000000, -0.6427876096865491300, 0.7660444431189698000 ) ) ;
#9330 = ORIENTED_EDGE ( 'NONE', *, *, #4427, .F. ) ;
#9331 = ORIENTED_EDGE ( 'NONE', *, *, #8516, .T. ) ;
#9332 = FACE_OUTER_BOUND ( 'NONE', #9540, .T. ) ;
#9333 = FACE_BOUND ( 'NONE', #8589, .T. ) ;
#9334 = ORIENTED_EDGE ( 'NONE', *, *, #10906, .F. ) ;
#9335 = CARTESIAN_POINT ( 'NONE',  ( -30.82238325557899800, -12.84466960175612400, 1.712956931506656600 ) ) ;
#9336 = SURFACE_STYLE_USAGE ( .BOTH. , #3403 ) ;
#9337 = PRESENTATION_LAYER_ASSIGNMENT (  '', '', ( #8757 ) ) ;
#9338 = PLANE ( 'NONE',  #8533 ) ;
#9339 = EDGE_LOOP ( 'NONE', ( #355, #7208, #10363, #2010, #10600, #1722, #667, #1689 ) ) ;
#9340 = LINE ( 'NONE', #9462, #4576 ) ;
#9341 = DIRECTION ( 'NONE',  ( 1.000000000000000000, 0.0000000000000000000, 0.0000000000000000000 ) ) ;
#9342 = LINE ( 'NONE', #6182, #4847 ) ;
#9343 = CARTESIAN_POINT ( 'NONE',  ( -32.62238325557900300, -5.459784462476113400, -1.675493643250771400 ) ) ;
#9344 = CARTESIAN_POINT ( 'NONE',  ( -31.62316779341767200, -19.03356819065260600, 4.712667124908166200 ) ) ;
#9345 = CARTESIAN_POINT ( 'NONE',  ( -51.32238325557899100, -7.499880121613549600, 8.783373710080848400 ) ) ;
#9346 = AXIS2_PLACEMENT_3D ( 'NONE', #183, #489, #31 ) ;
#9347 = VECTOR ( 'NONE', #2504, 1000.000000000000000 ) ;
#9348 = ORIENTED_EDGE ( 'NONE', *, *, #1530, .F. ) ;
#9349 = VECTOR ( 'NONE', #6300, 1000.000000000000200 ) ;
#9350 = VECTOR ( 'NONE', #9369, 1000.000000000000000 ) ;
#9351 = EDGE_CURVE ( 'NONE', #2006, #6717, #6091, .T. ) ;
#9352 = DIRECTION ( 'NONE',  ( -1.000000000000000000, -0.0000000000000000000, -0.0000000000000000000 ) ) ;
#9353 = FACE_OUTER_BOUND ( 'NONE', #5949, .T. ) ;
#9354 = DIRECTION ( 'NONE',  ( 0.0000000000000000000, -0.6427876096865049500, 0.7660444431190068800 ) ) ;
#9355 = ORIENTED_EDGE ( 'NONE', *, *, #3190, .F. ) ;
#9356 = SURFACE_STYLE_USAGE ( .BOTH. , #3438 ) ;
#9357 = VECTOR ( 'NONE', #4224, 1000.000000000000000 ) ;
#9358 = EDGE_CURVE ( 'NONE', #8384, #6265, #8084, .T. ) ;
#9359 = FACE_OUTER_BOUND ( 'NONE', #9719, .T. ) ;
#9360 = CARTESIAN_POINT ( 'NONE',  ( -31.36347352433402200, -5.891933392195584300, -0.6464458486371932300 ) ) ;
#9361 = CIRCLE ( 'NONE', #6853, 1.199999999999809700 ) ;
#9362 = CARTESIAN_POINT ( 'NONE',  ( -49.62238325557920100, -8.795680687241965500, 2.495744281037063100 ) ) ;
#9363 = AXIS2_PLACEMENT_3D ( 'NONE', #8332, #8315, #8096 ) ;
#9364 = ORIENTED_EDGE ( 'NONE', *, *, #9098, .T. ) ;
#9365 = EDGE_LOOP ( 'NONE', ( #6033, #8631 ) ) ;
#9366 = CARTESIAN_POINT ( 'NONE',  ( -51.62238325557900300, -12.81387191729899800, 11.42058214781099900 ) ) ;
#9367 = VECTOR ( 'NONE', #6863, 999.9999999999998900 ) ;
#9368 = VECTOR ( 'NONE', #1054, 1000.000000000000200 ) ;
#9369 = DIRECTION ( 'NONE',  ( 0.0000000000000000000, -0.4226182617407141000, -0.9063077870366431600 ) ) ;
#9370 = LINE ( 'NONE', #7394, #9104 ) ;
#9371 = CARTESIAN_POINT ( 'NONE',  ( -28.92238325557900300, 2.299802781503200100, 9.794844442572399500 ) ) ;
#9372 = ADVANCED_FACE ( 'F115', ( #1574 ), #2955, .T. ) ;
#9373 = VECTOR ( 'NONE', #6615, 1000.000000000000000 ) ;
#9374 = CARTESIAN_POINT ( 'NONE',  ( -53.12238325557899500, -6.795988249071701400, 9.845717047209200600 ) ) ;
#9375 = EDGE_CURVE ( 'NONE', #3095, #8125, #7813, .T. ) ;
#9376 = EDGE_CURVE ( 'NONE', #8617, #6542, #5574, .T. ) ;
#9377 = ORIENTED_EDGE ( 'NONE', *, *, #3642, .F. ) ;
#9378 = VERTEX_POINT ( 'NONE', #9763 ) ;
#9379 = CARTESIAN_POINT ( 'NONE',  ( -40.42238325557900000, -12.54513551138950000, 4.366581206908399800 ) ) ;
#9380 = CONICAL_SURFACE ( 'NONE', #5498, 1.099999999999962100, 0.7853981633946746100 ) ;
#9381 = CARTESIAN_POINT ( 'NONE',  ( -31.22277552449833500, -19.03489499583124800, 4.713285824323848200 ) ) ;
#9382 = ORIENTED_EDGE ( 'NONE', *, *, #5273, .F. ) ;
#9383 = VERTEX_POINT ( 'NONE', #376 ) ;
#9384 = EDGE_LOOP ( 'NONE', ( #3089, #1424, #740, #4946 ) ) ;
#9385 = LINE ( 'NONE', #7737, #2603 ) ;
#9386 = CARTESIAN_POINT ( 'NONE',  ( -51.32238325557901200, -6.204873802932823400, 8.951309717138370200 ) ) ;
#9387 = SURFACE_SIDE_STYLE ('',( #10047 ) ) ;
#9388 = FACE_OUTER_BOUND ( 'NONE', #5620, .T. ) ;
#9389 = EDGE_CURVE ( 'NONE', #10511, #10932, #1031, .T. ) ;
#9390 = CARTESIAN_POINT ( 'NONE',  ( -32.62238325557900300, -7.750387706609100000, -5.940822171888299900 ) ) ;
#9391 = AXIS2_PLACEMENT_3D ( 'NONE', #3652, #4744, #10361 ) ;
#9392 = ORIENTED_EDGE ( 'NONE', *, *, #2540, .T. ) ;
#9393 = CIRCLE ( 'NONE', #1714, 0.5249999999999492900 ) ;
#9394 = VECTOR ( 'NONE', #185, 1000.000000000000000 ) ;
#9395 = VERTEX_POINT ( 'NONE', #10628 ) ;
#9396 = DIRECTION ( 'NONE',  ( 1.000000000000000000, -0.0000000000000000000, -0.0000000000000000000 ) ) ;
#9397 = DIRECTION ( 'NONE',  ( 1.000000000000000000, 0.0000000000000000000, 0.0000000000000000000 ) ) ;
#9398 = VECTOR ( 'NONE', #450, 1000.000000000000000 ) ;
#9399 = DIRECTION ( 'NONE',  ( -0.0000000000000000000, -0.4226182617407247000, -0.9063077870366381700 ) ) ;
#9400 = CARTESIAN_POINT ( 'NONE',  ( -33.92238325557900000, -10.72375950607600000, 0.2274492724353300000 ) ) ;
#9402 = CARTESIAN_POINT ( 'NONE',  ( -32.62238325557900300, -2.047429067452259900, 2.625419098096599700 ) ) ;
#9401 = DIRECTION ( 'NONE',  ( -1.092316201647336100E-013, 0.0000000000000000000, 1.000000000000000000 ) ) ;
#9403 = CARTESIAN_POINT ( 'NONE',  ( -44.82238325557801800, -8.536769409502365800, 1.741418231718241600 ) ) ;
#9404 = PLANE ( 'NONE',  #5861 ) ;
#9405 = CARTESIAN_POINT ( 'NONE',  ( -51.32238325557899800, -10.44295036527502100, 11.42058214781100000 ) ) ;
#9406 = VERTEX_POINT ( 'NONE', #416 ) ;
#9407 = ORIENTED_EDGE ( 'NONE', *, *, #236, .F. ) ;
#9408 = EDGE_CURVE ( 'NONE', #4822, #9969, #3317, .T. ) ;
#9410 = AXIS2_PLACEMENT_3D ( 'NONE', #7059, #1984, #7919 ) ;
#9409 = VECTOR ( 'NONE', #911, 999.9999999999998900 ) ;
#9411 = VECTOR ( 'NONE', #8967, 1000.000000000000100 ) ;
#9412 = ORIENTED_EDGE ( 'NONE', *, *, #3, .T. ) ;
#9413 = UNCERTAINTY_MEASURE_WITH_UNIT (LENGTH_MEASURE( 1.000000000000000100E-005 ), #2713, 'distance_accuracy_value', 'NONE');
#9414 = DIRECTION ( 'NONE',  ( -0.0000000000000000000, 0.4226182617406682400, 0.9063077870366645900 ) ) ;
#9415 =( NAMED_UNIT ( * ) SI_UNIT ( $, .STERADIAN. ) SOLID_ANGLE_UNIT ( ) );
#9416 = DIRECTION ( 'NONE',  ( 0.0000000000000000000, -0.9063077870366722500, 0.4226182617406514800 ) ) ;
#9417 = ORIENTED_EDGE ( 'NONE', *, *, #283, .T. ) ;
#9418 = CARTESIAN_POINT ( 'NONE',  ( -43.12984086573100500, -6.687244424273286500, 9.871693586019025800 ) ) ;
#9419 = PLANE ( 'NONE',  #900 ) ;
#9420 = VERTEX_POINT ( 'NONE', #8099 ) ;
#9421 = DIRECTION ( 'NONE',  ( -0.08662961636484141400, 0.6403711063589829800, -0.7631645665969121200 ) ) ;
#9422 = AXIS2_PLACEMENT_3D ( 'NONE', #4233, #4747, #4786 ) ;
#9423 = LINE ( 'NONE', #713, #4916 ) ;
#9424 = DIRECTION ( 'NONE',  ( 0.0000000000000000000, 1.000000000000000000, 0.0000000000000000000 ) ) ;
#9425 =( NAMED_UNIT ( * ) SI_UNIT ( $, .STERADIAN. ) SOLID_ANGLE_UNIT ( ) );
#9426 = ORIENTED_EDGE ( 'NONE', *, *, #3127, .F. ) ;
#9427 = DIRECTION ( 'NONE',  ( 0.9659258262891014000, -0.2345697160096958900, 0.1093816549465558800 ) ) ;
#9428 = AXIS2_PLACEMENT_3D ( 'NONE', #2157, #8102, #3035 ) ;
#9429 = ORIENTED_EDGE ( 'NONE', *, *, #10979, .T. ) ;
#9430 = PLANE ( 'NONE',  #9214 ) ;
#9431 = ORIENTED_EDGE ( 'NONE', *, *, #8863, .F. ) ;
#9432 = PRESENTATION_STYLE_ASSIGNMENT (( #5050 ) ) ;
#9433 = ADVANCED_FACE ( 'F204', ( #3055 ), #1302, .T. ) ;
#9434 = EDGE_LOOP ( 'NONE', ( #314, #7045, #8454, #9285 ) ) ;
#9435 = DIRECTION ( 'NONE',  ( 0.0000000000000000000, 0.9063077870365950900, -0.4226182617408171200 ) ) ;
#9436 = CARTESIAN_POINT ( 'NONE',  ( -29.22238325557900000, -8.387507323530414300, -0.3102740521856761100 ) ) ;
#9437 = ORIENTED_EDGE ( 'NONE', *, *, #966, .T. ) ;
#9438 = CARTESIAN_POINT ( 'NONE',  ( -51.62238325557900300, -10.60382141096300000, 11.42058214781100000 ) ) ;
#9439 = ORIENTED_EDGE ( 'NONE', *, *, #4157, .T. ) ;
#9440 = CARTESIAN_POINT ( 'NONE',  ( -51.32238325557899800, -6.822856169028266700, 5.634439820071500000 ) ) ;
#9441 = CARTESIAN_POINT ( 'NONE',  ( -37.32238325557737100, -20.15577425341472700, 0.7638472645828526800 ) ) ;
#9442 = AXIS2_PLACEMENT_3D ( 'NONE', #8800, #5430, #292 ) ;
#9443 = ORIENTED_EDGE ( 'NONE', *, *, #892, .T. ) ;
#9444 = LINE ( 'NONE', #5341, #9169 ) ;
#9445 = ORIENTED_EDGE ( 'NONE', *, *, #10518, .F. ) ;
#9446 = EDGE_CURVE ( 'NONE', #5584, #1333, #7532, .T. ) ;
#9447 = EDGE_CURVE ( 'NONE', #559, #600, #3592, .T. ) ;
#9448 = DIRECTION ( 'NONE',  ( -0.0000000000000000000, 0.7660444431190051000, 0.6427876096865070600 ) ) ;
#9449 = ORIENTED_EDGE ( 'NONE', *, *, #5185, .F. ) ;
#9450 = DIRECTION ( 'NONE',  ( 0.0000000000000000000, 1.000000000000000000, -8.260587980845868300E-016 ) ) ;
#9451 = VERTEX_POINT ( 'NONE', #1335 ) ;
#9452 = VECTOR ( 'NONE', #7276, 1000.000000000000000 ) ;
#9453 = B_SPLINE_CURVE_WITH_KNOTS ( 'NONE', 3,
 ( #4218, #2515, #5091, #11041 ),
 .UNSPECIFIED., .F., .F.,
 ( 4, 4 ),
 ( 0.0000000000000000000, 1.000000000000000000 ),
 .UNSPECIFIED. ) ;
#9454 = CARTESIAN_POINT ( 'NONE',  ( -54.32238325557899800, -4.967040512966599800, 14.93897457573900300 ) ) ;
#9455 = EDGE_LOOP ( 'NONE', ( #3781, #6054, #9972, #3343, #4462, #6639, #8007, #4910 ) ) ;
#9456 = EDGE_CURVE ( 'NONE', #7401, #4759, #743, .T. ) ;
#9457 = CARTESIAN_POINT ( 'NONE',  ( -51.32238325557899800, -13.21558955286766800, 8.559441929630603200 ) ) ;
#9458 = DIRECTION ( 'NONE',  ( 1.000000000000000000, 0.0000000000000000000, 0.0000000000000000000 ) ) ;
#9459 = CARTESIAN_POINT ( 'NONE',  ( -32.02238325557899400, -12.54966034153250100, 1.575391854237800000 ) ) ;
#9460 = CARTESIAN_POINT ( 'NONE',  ( -37.32238325557850100, -17.28905331656251600, 10.46085252755941800 ) ) ;
#9461 = ORIENTED_EDGE ( 'NONE', *, *, #370, .F. ) ;
#9462 = CARTESIAN_POINT ( 'NONE',  ( -42.42238325557900700, -4.736753072750250500, -0.3024129429744998900 ) ) ;
#9463 = ORIENTED_EDGE ( 'NONE', *, *, #7556, .T. ) ;
#9464 = EDGE_LOOP ( 'NONE', ( #10001, #2716, #3602, #8146, #7004, #7434, #10598, #2663, #8012, #7126, #3101, #5922, #6760, #2679 ) ) ;
#9465 = SURFACE_STYLE_FILL_AREA ( #9639 ) ;
#9466 = EDGE_CURVE ( 'NONE', #7043, #4759, #9562, .T. ) ;
#9467 = EDGE_LOOP ( 'NONE', ( #9576, #1002, #7513, #7712 ) ) ;
#9468 = ADVANCED_FACE ( 'F87', ( #7008 ), #1972, .T. ) ;
#9469 = VERTEX_POINT ( 'NONE', #3942 ) ;
#9470 = EDGE_CURVE ( 'NONE', #8726, #1681, #4003, .T. ) ;
#9471 = DIRECTION ( 'NONE',  ( -0.9659258262889377500, -0.2345697160102484800, 0.1093816549468163800 ) ) ;
#9472 = PRESENTATION_LAYER_ASSIGNMENT (  '', '', ( #8888 ) ) ;
#9473 = ORIENTED_EDGE ( 'NONE', *, *, #7155, .T. ) ;
#9474 = STYLED_ITEM ( 'NONE', ( #9531 ), #5289 ) ;
#9475 = ORIENTED_EDGE ( 'NONE', *, *, #1337, .F. ) ;
#9476 = FACE_OUTER_BOUND ( 'NONE', #5601, .T. ) ;
#9478 = CARTESIAN_POINT ( 'NONE',  ( -50.62238325557901000, -7.902842016889958500, 11.60087991227378600 ) ) ;
#9477 = CARTESIAN_POINT ( 'NONE',  ( -40.42238325557916300, -9.940139088640297200, 4.510750422145983800 ) ) ;
#9479 = CIRCLE ( 'NONE', #855, 5.900000000000218000 ) ;
#9480 = DIRECTION ( 'NONE',  ( 0.0000000000000000000, -0.9063077870366098600, 0.4226182617407854300 ) ) ;
#9481 = DIRECTION ( 'NONE',  ( 1.209068958436329000E-014, 0.9396926207858735700, 0.3420201433257643000 ) ) ;
#9482 = DIRECTION ( 'NONE',  ( 0.0000000000000000000, -0.9063077870366460500, 0.4226182617407076000 ) ) ;
#9483 = FACE_BOUND ( 'NONE', #3160, .T. ) ;
#9484 = VERTEX_POINT ( 'NONE', #4820 ) ;
#9485 = VECTOR ( 'NONE', #3198, 999.9999999999998900 ) ;
#9486 = ORIENTED_EDGE ( 'NONE', *, *, #217, .T. ) ;
#9487 = CARTESIAN_POINT ( 'NONE',  ( -51.32238325557899800, -10.16274693093571500, 9.720445677018940200 ) ) ;
#9488 = EDGE_CURVE ( 'NONE', #5578, #9666, #4533, .T. ) ;
#9489 = LINE ( 'NONE', #7900, #669 ) ;
#9490 = DIRECTION ( 'NONE',  ( 1.000000000000000000, -0.0000000000000000000, -0.0000000000000000000 ) ) ;
#9491 = FILL_AREA_STYLE_COLOUR ( '', #10178 ) ;
#9492 = PRESENTATION_STYLE_ASSIGNMENT (( #3353 ) ) ;
#9493 = SURFACE_SIDE_STYLE ('',( #8420 ) ) ;
#9494 = DIRECTION ( 'NONE',  ( -0.9985991029009404500, 0.03401210090164000900, -0.04053404344120521700 ) ) ;
#9495 = EDGE_CURVE ( 'NONE', #9999, #310, #6220, .T. ) ;
#9496 = ADVANCED_FACE ( 'F252', ( #8222 ), #10798, .T. ) ;
#9497 = CARTESIAN_POINT ( 'NONE',  ( -28.92238325557900000, -5.818996519539783900, 5.388121683375446800 ) ) ;
#9498 = VECTOR ( 'NONE', #7211, 1000.000000000000000 ) ;
#9499 = EDGE_LOOP ( 'NONE', ( #6046, #359 ) ) ;
#9500 = LINE ( 'NONE', #3583, #9218 ) ;
#9501 = ORIENTED_EDGE ( 'NONE', *, *, #7810, .T. ) ;
#9502 = CARTESIAN_POINT ( 'NONE',  ( -44.82238325557917600, -12.02464699882479100, 5.482772424149639600 ) ) ;
#9503 = VECTOR ( 'NONE', #5671, 1000.000000000000200 ) ;
#9504 = DIRECTION ( 'NONE',  ( 1.000000000000000000, -6.003389496264595400E-013, 5.037441912129634800E-013 ) ) ;
#9505 = DIRECTION ( 'NONE',  ( -1.000000000000000000, 0.0000000000000000000, 0.0000000000000000000 ) ) ;
#9506 = STYLED_ITEM ( 'NONE', ( #5637 ), #1509 ) ;
#9507 = VERTEX_POINT ( 'NONE', #1422 ) ;
#9508 = LINE ( 'NONE', #2449, #4464 ) ;
#9509 = ORIENTED_EDGE ( 'NONE', *, *, #5750, .F. ) ;
#9510 = FACE_OUTER_BOUND ( 'NONE', #398, .T. ) ;
#9511 = LINE ( 'NONE', #1483, #7225 ) ;
#9512 = CARTESIAN_POINT ( 'NONE',  ( -32.02238325557899400, -19.32653763329400200, 5.618212993268699900 ) ) ;
#9513 = ORIENTED_EDGE ( 'NONE', *, *, #1377, .T. ) ;
#9514 = LINE ( 'NONE', #1876, #3542 ) ;
#9515 = EDGE_CURVE ( 'NONE', #6642, #1269, #8485, .T. ) ;
#9516 = ORIENTED_EDGE ( 'NONE', *, *, #6673, .T. ) ;
#9517 = DIRECTION ( 'NONE',  ( -0.0000000000000000000, 0.9063077870366492700, -0.4226182617407007200 ) ) ;
#9518 = EDGE_CURVE ( 'NONE', #8608, #7285, #5954, .T. ) ;
#9519 = CARTESIAN_POINT ( 'NONE',  ( -51.32238325557899800, -10.30016023666365900, 5.749953924357948100 ) ) ;
#9520 = VERTEX_POINT ( 'NONE', #2307 ) ;
#9521 = VECTOR ( 'NONE', #5375, 1000.000000000000100 ) ;
#9522 = FACE_OUTER_BOUND ( 'NONE', #433, .T. ) ;
#9523 =( NAMED_UNIT ( * ) SI_UNIT ( $, .STERADIAN. ) SOLID_ANGLE_UNIT ( ) );
#9524 =( NAMED_UNIT ( * ) PLANE_ANGLE_UNIT ( ) SI_UNIT ( $, .RADIAN. ) );
#9525 = ADVANCED_FACE ( 'F279', ( #10505 ), #10839, .T. ) ;
#9526 = CARTESIAN_POINT ( 'NONE',  ( -43.47238325557899700, 5.175109340013101200, 15.98462127171499800 ) ) ;
#9527 = DIRECTION ( 'NONE',  ( -0.9659258262892367300, 0.2345697160092333800, -0.1093816549463513100 ) ) ;
#9528 = ORIENTED_EDGE ( 'NONE', *, *, #6670, .T. ) ;
#9529 = CARTESIAN_POINT ( 'NONE',  ( -32.62238325557900300, -3.105255223089249800, 5.602845086874419100 ) ) ;
#9530 = CARTESIAN_POINT ( 'NONE',  ( -28.82238325557899800, -2.159150918579400000, -3.766293301014299800 ) ) ;
#9531 = PRESENTATION_STYLE_ASSIGNMENT (( #8057 ) ) ;
#9532 = EDGE_LOOP ( 'NONE', ( #8495, #8226, #4239, #10937 ) ) ;
#9533 = LINE ( 'NONE', #5753, #8716 ) ;
#9534 = CARTESIAN_POINT ( 'NONE',  ( -30.82238325557900200, -16.42872145414256800, 11.72542801271968000 ) ) ;
#9535 = EDGE_CURVE ( 'NONE', #2887, #8653, #3732, .T. ) ;
#9536 = EDGE_CURVE ( 'NONE', #887, #499, #5701, .T. ) ;
#9537 = DIRECTION ( 'NONE',  ( 1.000000000000000000, 0.0000000000000000000, 0.0000000000000000000 ) ) ;
#9538 = CARTESIAN_POINT ( 'NONE',  ( -30.82238325557900200, -21.63856116299800200, 0.4420779369820300200 ) ) ;
#9539 = CARTESIAN_POINT ( 'NONE',  ( -51.32238325557906900, -12.51387191825309700, 11.42058214781100000 ) ) ;
#9540 = EDGE_LOOP ( 'NONE', ( #8809, #1153, #3623, #6965 ) ) ;
#9541 = VECTOR ( 'NONE', #10101, 1000.000000000000200 ) ;
#9542 = ORIENTED_EDGE ( 'NONE', *, *, #3994, .F. ) ;
#9543 = EDGE_CURVE ( 'NONE', #10004, #9933, #7947, .T. ) ;
#9544 =( GEOMETRIC_REPRESENTATION_CONTEXT ( 3 ) GLOBAL_UNCERTAINTY_ASSIGNED_CONTEXT ( ( #811 ) ) GLOBAL_UNIT_ASSIGNED_CONTEXT ( ( #10996, #776, #171 ) ) REPRESENTATION_CONTEXT ( 'NONE', 'WORKASPACE' ) );
#9545 = PLANE ( 'NONE',  #7861 ) ;
#9546 = ORIENTED_EDGE ( 'NONE', *, *, #9624, .T. ) ;
#9547 = DIRECTION ( 'NONE',  ( 0.0000000000000000000, 0.6427876096867910500, -0.7660444431187667400 ) ) ;
#9548 = FACE_OUTER_BOUND ( 'NONE', #2534, .T. ) ;
#9549 = ORIENTED_EDGE ( 'NONE', *, *, #3845, .T. ) ;
#9550 = DIRECTION ( 'NONE',  ( 0.0000000000000000000, -0.9063077870366655900, 0.4226182617406660200 ) ) ;
#9551 = CARTESIAN_POINT ( 'NONE',  ( -37.52238325557900100, -6.585988613274801100, 10.21773875754900000 ) ) ;
#9553 = CARTESIAN_POINT ( 'NONE',  ( -43.92238325557900000, 6.534571020568098900, 15.35069387910400000 ) ) ;
#9552 = CARTESIAN_POINT ( 'NONE',  ( -30.82238325557839400, -15.78143261196762400, 11.22058214780989300 ) ) ;
#9554 = CARTESIAN_POINT ( 'NONE',  ( -30.77238325557899800, -18.79826480611800900, 6.751097727064494500 ) ) ;
#9555 = CARTESIAN_POINT ( 'NONE',  ( -37.52238325557900100, -3.977866381746850300, 7.576216866258700800 ) ) ;
#9556 = ORIENTED_EDGE ( 'NONE', *, *, #6519, .F. ) ;
#9557 = AXIS2_PLACEMENT_3D ( 'NONE', #3516, #10314, #6053 ) ;
#9558 = ORIENTED_EDGE ( 'NONE', *, *, #7375, .F. ) ;
#9559 = CARTESIAN_POINT ( 'NONE',  ( -41.83292810458900100, -14.60634726191678100, 3.968841034627364400 ) ) ;
#9560 = ORIENTED_EDGE ( 'NONE', *, *, #2309, .T. ) ;
#9561 = CARTESIAN_POINT ( 'NONE',  ( -47.37238325557901000, -12.74866032764860400, 3.930120829945117600 ) ) ;
#9562 = LINE ( 'NONE', #9001, #481 ) ;
#9563 = CARTESIAN_POINT ( 'NONE',  ( -49.57238325557909100, -9.137516936461098600, 1.762674078905841300 ) ) ;
#9564 = DIRECTION ( 'NONE',  ( 0.0000000000000000000, -0.9063077870366959000, 0.4226182617406009600 ) ) ;
#9565 = VERTEX_POINT ( 'NONE', #632 ) ;
#9566 = DIRECTION ( 'NONE',  ( 0.0000000000000000000, 0.8191520442889828100, 0.5735764363510590400 ) ) ;
#9567 = ORIENTED_EDGE ( 'NONE', *, *, #572, .T. ) ;
#9568 = VERTEX_POINT ( 'NONE', #6620 ) ;
#9569 = CARTESIAN_POINT ( 'NONE',  ( -37.32238325557826600, -2.742813334624901500, 3.677829426620931500 ) ) ;
#9570 = DIRECTION ( 'NONE',  ( 0.0000000000000000000, 0.0000000000000000000, -1.000000000000000000 ) ) ;
#9571 = DIRECTION ( 'NONE',  ( 6.040919398694632200E-013, 1.000000000000000000, 0.0000000000000000000 ) ) ;
#9572 = VECTOR ( 'NONE', #4470, 1000.000000000000000 ) ;
#9573 = CARTESIAN_POINT ( 'NONE',  ( -37.59642625142867400, -16.38870982833207900, 10.04101546402724500 ) ) ;
#9574 = PRODUCT ( 'T3397-600', 'T3397-600', '', ( #1761 ) ) ;
#9575 = AXIS2_PLACEMENT_3D ( 'NONE', #8750, #4581, #10521 ) ;
#9576 = ORIENTED_EDGE ( 'NONE', *, *, #2768, .T. ) ;
#9577 = EDGE_CURVE ( 'NONE', #10366, #177, #3180, .T. ) ;
#9578 = ADVANCED_FACE ( 'F156', ( #3449 ), #9177, .T. ) ;
#9579 = ORIENTED_EDGE ( 'NONE', *, *, #2209, .F. ) ;
#9580 = VERTEX_POINT ( 'NONE', #6546 ) ;
#9581 =( LENGTH_UNIT ( ) NAMED_UNIT ( * ) SI_UNIT ( .MILLI., .METRE. ) );
#9582 = PLANE ( 'NONE',  #2291 ) ;
#9583 = VECTOR ( 'NONE', #8643, 1000.000000000000100 ) ;
#9584 = CARTESIAN_POINT ( 'NONE',  ( -51.32238325557899800, -12.82110979137300300, 11.42058214781100000 ) ) ;
#9585 = ORIENTED_EDGE ( 'NONE', *, *, #3045, .T. ) ;
#9586 = AXIS2_PLACEMENT_3D ( 'NONE', #10668, #10577, #10416 ) ;
#9588 = CARTESIAN_POINT ( 'NONE',  ( -51.32238325557899800, -4.780812184017897000, 7.599696114657427300 ) ) ;
#9587 = DIRECTION ( 'NONE',  ( 0.0000000000000000000, -0.9063077870366190700, 0.4226182617407656100 ) ) ;
#9589 = DIRECTION ( 'NONE',  ( -0.0000000000000000000, 0.08715574274766854600, 0.9961946980917447700 ) ) ;
#9590 =( GEOMETRIC_REPRESENTATION_CONTEXT ( 3 ) GLOBAL_UNCERTAINTY_ASSIGNED_CONTEXT ( ( #5501 ) ) GLOBAL_UNIT_ASSIGNED_CONTEXT ( ( #9581, #4503, #10442 ) ) REPRESENTATION_CONTEXT ( 'NONE', 'WORKASPACE' ) );
#9591 = ORIENTED_EDGE ( 'NONE', *, *, #8238, .T. ) ;
#9592 = SURFACE_SIDE_STYLE ('',( #9465 ) ) ;
#9593 = ORIENTED_EDGE ( 'NONE', *, *, #9518, .T. ) ;
#9594 = ORIENTED_EDGE ( 'NONE', *, *, #10963, .T. ) ;
#9595 = ORIENTED_EDGE ( 'NONE', *, *, #3930, .T. ) ;
#9596 = DIRECTION ( 'NONE',  ( 0.0000000000000000000, -0.7660444431189698000, -0.6427876096865492400 ) ) ;
#9597 = EDGE_CURVE ( 'NONE', #700, #2323, #9966, .T. ) ;
#9598 = EDGE_CURVE ( 'NONE', #5547, #9602, #7402, .T. ) ;
#9599 = DIRECTION ( 'NONE',  ( -0.05291343577426830400, 0.9985991029009401200, 0.0000000000000000000 ) ) ;
#9600 = CARTESIAN_POINT ( 'NONE',  ( -44.82238325557901200, -13.85052137135225600, 1.685482275440884000 ) ) ;
#9601 = FILL_AREA_STYLE ('',( #1069 ) ) ;
#9602 = VERTEX_POINT ( 'NONE', #5794 ) ;
#9603 = ORIENTED_EDGE ( 'NONE', *, *, #442, .T. ) ;
#9604 = EDGE_CURVE ( 'NONE', #4513, #5219, #9705, .T. ) ;
#9605 = VECTOR ( 'NONE', #1986, 1000.000000000000100 ) ;
#9606 = VECTOR ( 'NONE', #6735, 1000.000000000000000 ) ;
#9607 = AXIS2_PLACEMENT_3D ( 'NONE', #7005, #8742, #2222 ) ;
#9608 = ORIENTED_EDGE ( 'NONE', *, *, #25, .T. ) ;
#9609 = DIRECTION ( 'NONE',  ( -1.000000000000000000, -0.0000000000000000000, -0.0000000000000000000 ) ) ;
#9610 =( NAMED_UNIT ( * ) SI_UNIT ( $, .STERADIAN. ) SOLID_ANGLE_UNIT ( ) );
#9611 = UNCERTAINTY_MEASURE_WITH_UNIT (LENGTH_MEASURE( 1.000000000000000100E-005 ), #4164, 'distance_accuracy_value', 'NONE');
#9612 = CARTESIAN_POINT ( 'NONE',  ( -51.32238325557879900, -6.508452596124624500, 6.718026675255982700 ) ) ;
#9613 = DIRECTION ( 'NONE',  ( 0.9659258262889377500, 0.2345697160102442900, -0.1093816549468243400 ) ) ;
#9614 = FILL_AREA_STYLE ('',( #7881 ) ) ;
#9615 = DIRECTION ( 'NONE',  ( 0.0000000000000000000, 0.9063077870366472700, -0.4226182617407052100 ) ) ;
#9616 = ORIENTED_EDGE ( 'NONE', *, *, #1414, .T. ) ;
#9617 = VECTOR ( 'NONE', #5120, 1000.000000000000200 ) ;
#9618 = ADVANCED_FACE ( 'F166', ( #5165 ), #10088, .T. ) ;
#9619 = ORIENTED_EDGE ( 'NONE', *, *, #5206, .F. ) ;
#9620 = CARTESIAN_POINT ( 'NONE',  ( -38.39738325557908600, -16.94077479616261800, 10.29844758632561200 ) ) ;
#9621 = VECTOR ( 'NONE', #1403, 1000.000000000000200 ) ;
#9622 = CARTESIAN_POINT ( 'NONE',  ( -49.62238325557900300, -9.644361763942244500, 15.05661568628249600 ) ) ;
#9623 = CARTESIAN_POINT ( 'NONE',  ( -30.82238325557897000, -3.258464111712645800, 5.474287564937070800 ) ) ;
#9624 = EDGE_CURVE ( 'NONE', #3165, #10644, #9423, .T. ) ;
#9625 =( GEOMETRIC_REPRESENTATION_CONTEXT ( 3 ) GLOBAL_UNCERTAINTY_ASSIGNED_CONTEXT ( ( #331 ) ) GLOBAL_UNIT_ASSIGNED_CONTEXT ( ( #9276, #4210, #10145 ) ) REPRESENTATION_CONTEXT ( 'NONE', 'WORKASPACE' ) );
#9626 = DIRECTION ( 'NONE',  ( 1.000000000000000000, 0.0000000000000000000, 0.0000000000000000000 ) ) ;
#9627 = LINE ( 'NONE', #8402, #805 ) ;
#9628 = ORIENTED_EDGE ( 'NONE', *, *, #378, .F. ) ;
#9629 = DIRECTION ( 'NONE',  ( 1.000000000000000000, -6.782848364076685300E-015, 7.752831156315364500E-014 ) ) ;
#9630 = VECTOR ( 'NONE', #7142, 1000.000000000000000 ) ;
#9631 = B_SPLINE_CURVE_WITH_KNOTS ( 'NONE', 3,
 ( #268, #6247, #1154, #7096 ),
 .UNSPECIFIED., .F., .F.,
 ( 4, 4 ),
 ( 0.7018491579143870700, 1.000000000000000000 ),
 .UNSPECIFIED. ) ;
#9632 = ORIENTED_EDGE ( 'NONE', *, *, #7272, .F. ) ;
#9633 = VECTOR ( 'NONE', #9448, 1000.000000000000000 ) ;
#9634 = CARTESIAN_POINT ( 'NONE',  ( -41.62238325557900300, -4.807103841705799900, 12.91575829094900000 ) ) ;
#9635 = PLANE ( 'NONE',  #6434 ) ;
#9636 = ADVANCED_FACE ( 'F21', ( #2636 ), #2445, .T. ) ;
#9637 = DIRECTION ( 'NONE',  ( 0.0000000000000000000, 0.4226182617407052100, 0.9063077870366472700 ) ) ;
#9638 = B_SPLINE_CURVE_WITH_KNOTS ( 'NONE', 3,
 ( #2026, #277, #9709, #4626 ),
 .UNSPECIFIED., .F., .F.,
 ( 4, 4 ),
 ( 0.0000000000000000000, 1.000000000000000000 ),
 .UNSPECIFIED. ) ;
#9639 = FILL_AREA_STYLE ('',( #5515 ) ) ;
#9640 = CARTESIAN_POINT ( 'NONE',  ( -51.32238325557899800, -4.617418561261702700, 8.338405473846872700 ) ) ;
#9641 = EDGE_CURVE ( 'NONE', #10800, #4768, #6876, .T. ) ;
#9642 = FACE_OUTER_BOUND ( 'NONE', #6899, .T. ) ;
#9643 = EDGE_LOOP ( 'NONE', ( #7079, #8224, #1611, #5917 ) ) ;
#9644 = VECTOR ( 'NONE', #6641, 1000.000000000000000 ) ;
#9645 = DIRECTION ( 'NONE',  ( -5.920288589536064300E-014, 0.4226182617406329400, 0.9063077870366810200 ) ) ;
#9646 = LINE ( 'NONE', #9165, #821 ) ;
#9647 = CARTESIAN_POINT ( 'NONE',  ( -32.62238325557900300, -7.057605493408773100, 13.41349548634696000 ) ) ;
#9648 = CARTESIAN_POINT ( 'NONE',  ( -36.92238325557900000, -13.85052137135205400, 1.685482275440684200 ) ) ;
#9649 = ORIENTED_EDGE ( 'NONE', *, *, #1316, .T. ) ;
#9650 = ORIENTED_EDGE ( 'NONE', *, *, #10113, .T. ) ;
#9651 = DIRECTION ( 'NONE',  ( -0.9962405881956771800, 0.05568444403121519000, -0.06636213622590400600 ) ) ;
#9652 =( NAMED_UNIT ( * ) PLANE_ANGLE_UNIT ( ) SI_UNIT ( $, .RADIAN. ) );
#9653 = ORIENTED_EDGE ( 'NONE', *, *, #9447, .T. ) ;
#9654 = LINE ( 'NONE', #3540, #9367 ) ;
#9655 = PLANE ( 'NONE',  #3133 ) ;
#9656 = DIRECTION ( 'NONE',  ( 0.0000000000000000000, -0.08715574274758826300, 0.9961946980917516500 ) ) ;
#9657 = CIRCLE ( 'NONE', #9422, 7.749999999999967100 ) ;
#9658 = LINE ( 'NONE', #4801, #7362 ) ;
#9659 = CARTESIAN_POINT ( 'NONE',  ( -40.40687423694200200, -13.45884666412900000, 12.12058214781100100 ) ) ;
#9660 = ORIENTED_EDGE ( 'NONE', *, *, #11020, .T. ) ;
#9661 = FACE_OUTER_BOUND ( 'NONE', #4540, .T. ) ;
#9662 = LINE ( 'NONE', #2305, #7368 ) ;
#9663 = VERTEX_POINT ( 'NONE', #4191 ) ;
#9664 = AXIS2_PLACEMENT_3D ( 'NONE', #7678, #9414, #4337 ) ;
#9665 = DIRECTION ( 'NONE',  ( -7.836868409118702800E-013, 0.0000000000000000000, -1.000000000000000000 ) ) ;
#9666 = VERTEX_POINT ( 'NONE', #6721 ) ;
#9667 = DIRECTION ( 'NONE',  ( 0.0000000000000000000, 0.9063077870366819100, -0.4226182617406308300 ) ) ;
#9668 = LINE ( 'NONE', #7778, #4885 ) ;
#9669 = CARTESIAN_POINT ( 'NONE',  ( -36.92238325557900700, -11.67538268246404200, 0.6711984472629762800 ) ) ;
#9670 = CIRCLE ( 'NONE', #10930, 0.8499999999997294200 ) ;
#9672 = CARTESIAN_POINT ( 'NONE',  ( -51.32238325557899800, -10.62160808032813900, 10.37576731067828500 ) ) ;
#9671 = DIRECTION ( 'NONE',  ( -8.673617379881558400E-015, -1.084202172485194800E-015, 1.000000000000000000 ) ) ;
#9673 = EDGE_CURVE ( 'NONE', #9807, #10478, #2367, .T. ) ;
#9674 = CARTESIAN_POINT ( 'NONE',  ( -32.02238325557899400, -3.191397411921947500, -6.663895199545792500 ) ) ;
#9675 = EDGE_CURVE ( 'NONE', #6902, #6531, #339, .T. ) ;
#9676 = DIRECTION ( 'NONE',  ( 0.0000000000000000000, -0.9961946980917447700, 0.08715574274766854600 ) ) ;
#9677 = ORIENTED_EDGE ( 'NONE', *, *, #804, .T. ) ;
#9678 = VECTOR ( 'NONE', #10355, 1000.000000000000000 ) ;
#9679 = ORIENTED_EDGE ( 'NONE', *, *, #9408, .T. ) ;
#9680 = COLOUR_RGB ( '',1.000000000000000000, 0.6588235294117647000, 0.0000000000000000000 ) ;
#9681 = ADVANCED_FACE ( 'F167', ( #8873 ), #10898, .T. ) ;
#9682 = DIRECTION ( 'NONE',  ( -1.000000000000000000, 6.782848364076685300E-015, -7.752831156315364500E-014 ) ) ;
#9683 = EDGE_CURVE ( 'NONE', #10366, #10109, #6626, .T. ) ;
#9684 = STYLED_ITEM ( 'NONE', ( #3920 ), #3247 ) ;
#9685 = DIRECTION ( 'NONE',  ( 0.0000000000000000000, -0.9063077870366492700, 0.4226182617407007200 ) ) ;
#9686 = ORIENTED_EDGE ( 'NONE', *, *, #10609, .T. ) ;
#9687 = LINE ( 'NONE', #2162, #2899 ) ;
#9688 = ORIENTED_EDGE ( 'NONE', *, *, #4826, .F. ) ;
#9689 = DIRECTION ( 'NONE',  ( -1.000000000000000000, 1.894329224052927800E-014, -7.065709858444556600E-014 ) ) ;
#9690 = EDGE_CURVE ( 'NONE', #2619, #2029, #9145, .T. ) ;
#9691 = PRESENTATION_STYLE_ASSIGNMENT (( #9896 ) ) ;
#9692 = EDGE_CURVE ( 'NONE', #933, #5028, #2101, .T. ) ;
#9693 = DIRECTION ( 'NONE',  ( 0.0000000000000000000, -0.9063077870366657000, 0.4226182617406656900 ) ) ;
#9694 =( LENGTH_UNIT ( ) NAMED_UNIT ( * ) SI_UNIT ( .MILLI., .METRE. ) );
#9695 = DIRECTION ( 'NONE',  ( -0.0000000000000000000, 0.4226182617406576400, 0.9063077870366694800 ) ) ;
#9696 = ORIENTED_EDGE ( 'NONE', *, *, #4362, .T. ) ;
#9697 = CARTESIAN_POINT ( 'NONE',  ( -32.62238325557900300, -20.08616206781377000, 2.462300355457717000 ) ) ;
#9698 = ORIENTED_EDGE ( 'NONE', *, *, #8740, .F. ) ;
#9699 = EDGE_CURVE ( 'NONE', #8659, #194, #8612, .T. ) ;
#9701 = AXIS2_PLACEMENT_3D ( 'NONE', #2860, #5422, #281 ) ;
#9700 = FACE_OUTER_BOUND ( 'NONE', #7086, .T. ) ;
#9702 = PLANE ( 'NONE',  #785 ) ;
#9703 = VERTEX_POINT ( 'NONE', #4260 ) ;
#9704 = AXIS2_PLACEMENT_3D ( 'NONE', #9371, #5144, #11096 ) ;
#9705 = LINE ( 'NONE', #10911, #7135 ) ;
#9706 = SURFACE_STYLE_USAGE ( .BOTH. , #9731 ) ;
#9707 = CARTESIAN_POINT ( 'NONE',  ( -32.62238325557909500, -16.32690615361735100, 11.86566230826782900 ) ) ;
#9708 = ORIENTED_EDGE ( 'NONE', *, *, #9358, .T. ) ;
#9709 = CARTESIAN_POINT ( 'NONE',  ( -51.32238325557899800, -6.254999055849901300, 9.667708380690402900 ) ) ;
#9710 = CARTESIAN_POINT ( 'NONE',  ( -53.12238325557935800, -11.70884666412944200, 11.72058214781121400 ) ) ;
#9711 = ORIENTED_EDGE ( 'NONE', *, *, #8380, .F. ) ;
#9712 = CARTESIAN_POINT ( 'NONE',  ( -51.32238325557930400, -10.87724191897125300, 7.133316689482439800 ) ) ;
#9713 = ORIENTED_EDGE ( 'NONE', *, *, #6160, .T. ) ;
#9714 = DIRECTION ( 'NONE',  ( 1.000000000000000000, -0.0000000000000000000, -0.0000000000000000000 ) ) ;
#9715 = CARTESIAN_POINT ( 'NONE',  ( -30.12238325557900300, -7.997690295336049400, 0.3354847215099650000 ) ) ;
#9716 = CARTESIAN_POINT ( 'NONE',  ( -37.32238325557875700, -19.38736486769098000, 7.025799597195664600 ) ) ;
#9717 = AXIS2_PLACEMENT_3D ( 'NONE', #1319, #7255, #2174 ) ;
#9718 = FACE_OUTER_BOUND ( 'NONE', #10742, .T. ) ;
#9719 = EDGE_LOOP ( 'NONE', ( #4087, #5951 ) ) ;
#9720 = DIRECTION ( 'NONE',  ( 0.0000000000000000000, 0.9063077870366472700, -0.4226182617407052100 ) ) ;
#9721 = ORIENTED_EDGE ( 'NONE', *, *, #1481, .F. ) ;
#9722 = CARTESIAN_POINT ( 'NONE',  ( -29.82238325557900200, -15.94339527695300200, 5.419850202581301300 ) ) ;
#9723 = DIRECTION ( 'NONE',  ( 2.995289201854216400E-012, -1.000000000000000000, 0.0000000000000000000 ) ) ;
#9724 = DIRECTION ( 'NONE',  ( -0.0000000000000000000, -0.9063077870366680300, 0.4226182617406604700 ) ) ;
#9725 = ORIENTED_EDGE ( 'NONE', *, *, #3508, .T. ) ;
#9726 = LINE ( 'NONE', #4667, #7420 ) ;
#9727 = CARTESIAN_POINT ( 'NONE',  ( -32.62238325557900300, -8.885488883370699800, 14.81754046878199900 ) ) ;
#9728 = ORIENTED_EDGE ( 'NONE', *, *, #7082, .F. ) ;
#9729 = AXIS2_PLACEMENT_3D ( 'NONE', #9148, #9645, #10059 ) ;
#9730 = DIRECTION ( 'NONE',  ( -0.0000000000000000000, 0.7660444431190056600, 0.6427876096865062800 ) ) ;
#9731 = SURFACE_SIDE_STYLE ('',( #391 ) ) ;
#9732 = ORIENTED_EDGE ( 'NONE', *, *, #5613, .T. ) ;
#9733 = CARTESIAN_POINT ( 'NONE',  ( -41.92238325557900000, -8.943816418262200000, 2.624828592473100300 ) ) ;
#9734 = ORIENTED_EDGE ( 'NONE', *, *, #1866, .F. ) ;
#9735 = VECTOR ( 'NONE', #7186, 1000.000000000000000 ) ;
#9736 = ADVANCED_FACE ( 'F45', ( #3865 ), #8464, .T. ) ;
#9737 = ORIENTED_EDGE ( 'NONE', *, *, #7145, .F. ) ;
#9738 = FILL_AREA_STYLE ('',( #10030 ) ) ;
#9739 = CARTESIAN_POINT ( 'NONE',  ( -41.92238325557900000, -9.987963198679199900, 4.408191287200399900 ) ) ;
#9740 = EDGE_CURVE ( 'NONE', #1187, #7984, #10641, .T. ) ;
#9741 = DIRECTION ( 'NONE',  ( 7.836868409123277900E-013, 0.0000000000000000000, -1.000000000000000000 ) ) ;
#9742 = EDGE_LOOP ( 'NONE', ( #9251, #11052 ) ) ;
#9743 = DIRECTION ( 'NONE',  ( 1.000000000000000000, -1.894329224052927800E-014, 7.065709858444556600E-014 ) ) ;
#9744 = VERTEX_POINT ( 'NONE', #5934 ) ;
#9745 = ORIENTED_EDGE ( 'NONE', *, *, #2341, .T. ) ;
#9746 = LINE ( 'NONE', #2428, #7437 ) ;
#9748 = SURFACE_STYLE_USAGE ( .BOTH. , #3814 ) ;
#9747 = CARTESIAN_POINT ( 'NONE',  ( -37.32238325557666800, -16.05637711452905900, 9.555032798836617000 ) ) ;
#9749 = ORIENTED_EDGE ( 'NONE', *, *, #9163, .T. ) ;
#9750 = CARTESIAN_POINT ( 'NONE',  ( -31.72238325557900400, -5.606945513719121100, -1.455008320874689300 ) ) ;
#9751 = PRODUCT_DEFINITION_FORMATION_WITH_SPECIFIED_SOURCE ( 'ANY', '', #9574, .NOT_KNOWN. ) ;
#9752 = CARTESIAN_POINT ( 'NONE',  ( -51.32238325557899800, -6.111965748481497800, 9.186103157401529300 ) ) ;
#9753 = ORIENTED_EDGE ( 'NONE', *, *, #7939, .F. ) ;
#9754 = DIRECTION ( 'NONE',  ( 1.000000000000000000, 0.0000000000000000000, 0.0000000000000000000 ) ) ;
#9755 = ORIENTED_EDGE ( 'NONE', *, *, #6606, .T. ) ;
#9756 = CARTESIAN_POINT ( 'NONE',  ( -40.42238325557900000, -11.03021715377145100, 4.894202288202198900 ) ) ;
#9757 = EDGE_CURVE ( 'NONE', #8772, #559, #1564, .T. ) ;
#9758 = FACE_OUTER_BOUND ( 'NONE', #8531, .T. ) ;
#9759 = EDGE_CURVE ( 'NONE', #7952, #8234, #10358, .T. ) ;
#9760 = VECTOR ( 'NONE', #10799, 1000.000000000000200 ) ;
#9761 = DIRECTION ( 'NONE',  ( 0.0000000000000000000, -0.4226182617442352800, -0.9063077870350011400 ) ) ;
#9762 = CARTESIAN_POINT ( 'NONE',  ( -36.34738325557773900, -20.80808529256735900, 1.068024897638660600 ) ) ;
#9763 = CARTESIAN_POINT ( 'NONE',  ( -51.32238325557879200, -10.06149274410299200, 7.918119122063985500 ) ) ;
#9764 = EDGE_CURVE ( 'NONE', #5560, #8067, #4128, .T. ) ;
#9765 = VECTOR ( 'NONE', #6211, 1000.000000000000000 ) ;
#9766 = ORIENTED_EDGE ( 'NONE', *, *, #4989, .F. ) ;
#9767 = LINE ( 'NONE', #2330, #9485 ) ;
#9768 = AXIS2_PLACEMENT_3D ( 'NONE', #2593, #2558, #2093 ) ;
#9769 =( NAMED_UNIT ( * ) PLANE_ANGLE_UNIT ( ) SI_UNIT ( $, .RADIAN. ) );
#9770 = PLANE ( 'NONE',  #5997 ) ;
#9771 = CYLINDRICAL_SURFACE ( 'NONE', #7542, 0.9749999999999200400 ) ;
#9772 = CARTESIAN_POINT ( 'NONE',  ( -37.52238325557900100, -3.913587620778208100, 7.499612421946793000 ) ) ;
#9773 = CARTESIAN_POINT ( 'NONE',  ( -28.73738325557900100, -20.77854732079300600, 7.674518628967899900 ) ) ;
#9774 = PLANE ( 'NONE',  #7027 ) ;
#9775 = CARTESIAN_POINT ( 'NONE',  ( -54.32238325557899800, -7.725610139289599900, 14.93870687926300000 ) ) ;
#9776 = LINE ( 'NONE', #6336, #3249 ) ;
#9777 = VERTEX_POINT ( 'NONE', #5138 ) ;
#9778 = VECTOR ( 'NONE', #4329, 1000.000000000000200 ) ;
#9779 = DIRECTION ( 'NONE',  ( 0.0000000000000000000, 1.000000000000000000, -2.859815558967970100E-013 ) ) ;
#9780 = ORIENTED_EDGE ( 'NONE', *, *, #159, .F. ) ;
#9781 = COLOUR_RGB ( '',1.000000000000000000, 0.0000000000000000000, 0.0000000000000000000 ) ;
#9782 = VECTOR ( 'NONE', #3042, 1000.000000000000100 ) ;
#9783 = FILL_AREA_STYLE ('',( #6338 ) ) ;
#9784 = CARTESIAN_POINT ( 'NONE',  ( -30.12238325557900600, -15.94339527695296600, 5.419850202581373300 ) ) ;
#9786 = CARTESIAN_POINT ( 'NONE',  ( -51.32238325557897700, -4.519003992750944200, 8.586877814214396700 ) ) ;
#9785 = DIRECTION ( 'NONE',  ( -2.570992749633232600E-014, -0.4226182617407281400, -0.9063077870366367300 ) ) ;
#9787 = ORIENTED_EDGE ( 'NONE', *, *, #4363, .F. ) ;
#9788 = VECTOR ( 'NONE', #1492, 1000.000000000000100 ) ;
#9789 = EDGE_LOOP ( 'NONE', ( #9787, #11038, #6660, #6317 ) ) ;
#9790 = DIRECTION ( 'NONE',  ( -0.0000000000000000000, -0.4226182617407232600, -0.9063077870366388300 ) ) ;
#9791 = DIRECTION ( 'NONE',  ( 0.0000000000000000000, -0.9063077870366527100, 0.4226182617406935600 ) ) ;
#9792 = LINE ( 'NONE', #1747, #973 ) ;
#9793 = CARTESIAN_POINT ( 'NONE',  ( -49.62238325557896000, -4.437836106308111500, 3.664090067791004700 ) ) ;
#9794 = ADVANCED_FACE ( 'F94', ( #3582 ), #9404, .T. ) ;
#9795 = AXIS2_PLACEMENT_3D ( 'NONE', #2198, #672, #822 ) ;
#9796 = ORIENTED_EDGE ( 'NONE', *, *, #3, .F. ) ;
#9797 = VECTOR ( 'NONE', #7764, 1000.000000000000000 ) ;
#9798 = DIRECTION ( 'NONE',  ( 7.836868409121039300E-013, 1.000000000000000000, 0.0000000000000000000 ) ) ;
#9799 = EDGE_LOOP ( 'NONE', ( #517, #9649, #9443, #956, #6357, #11070, #10870, #1994, #414, #4246 ) ) ;
#9800 = ORIENTED_EDGE ( 'NONE', *, *, #2396, .T. ) ;
#9801 = VECTOR ( 'NONE', #7888, 1000.000000000000200 ) ;
#9802 = CONICAL_SURFACE ( 'NONE', #5024, 1.099999999999775200, 0.7853981633974096400 ) ;
#9803 = PRESENTATION_LAYER_ASSIGNMENT (  '', '', ( #6912 ) ) ;
#9804 = CARTESIAN_POINT ( 'NONE',  ( -38.64238325557899900, -6.316733379540299800, 0.3791750778676700200 ) ) ;
#9805 = DIRECTION ( 'NONE',  ( 3.402296365790442800E-014, -1.000000000000000000, -3.581364595568887300E-015 ) ) ;
#9806 =( LENGTH_UNIT ( ) NAMED_UNIT ( * ) SI_UNIT ( .MILLI., .METRE. ) );
#9807 = VERTEX_POINT ( 'NONE', #7706 ) ;
#9808 = LINE ( 'NONE', #10579, #5536 ) ;
#9809 = VERTEX_POINT ( 'NONE', #2640 ) ;
#9810 = PRESENTATION_LAYER_ASSIGNMENT (  '', '', ( #5795 ) ) ;
#9811 = LINE ( 'NONE', #2230, #7504 ) ;
#9812 = CARTESIAN_POINT ( 'NONE',  ( -49.62238325557834900, -8.536769409502365800, 10.24141823171795500 ) ) ;
#9813 = DIRECTION ( 'NONE',  ( 1.000000000000000000, 3.408974992128698900E-014, -2.253391977305914800E-014 ) ) ;
#9814 = DIRECTION ( 'NONE',  ( 1.000000000000000000, -0.0000000000000000000, 0.0000000000000000000 ) ) ;
#9815 = ORIENTED_EDGE ( 'NONE', *, *, #7496, .F. ) ;
#9816 = AXIS2_PLACEMENT_3D ( 'NONE', #5821, #707, #6672 ) ;
#9817 = ORIENTED_EDGE ( 'NONE', *, *, #3423, .T. ) ;
#9818 = CARTESIAN_POINT ( 'NONE',  ( -33.92238325557900000, -1.987266391807251300, 10.32628343845888500 ) ) ;
#9819 = DIRECTION ( 'NONE',  ( 0.0000000000000000000, -0.4226182617406951100, -0.9063077870366520500 ) ) ;
#9820 = PRESENTATION_STYLE_ASSIGNMENT (( #5130 ) ) ;
#9821 = LINE ( 'NONE', #6661, #5284 ) ;
#9822 = ORIENTED_EDGE ( 'NONE', *, *, #8523, .F. ) ;
#9823 = CARTESIAN_POINT ( 'NONE',  ( -31.42238325557900000, -11.70640637255630300, 3.444109828943505500 ) ) ;
#9824 = PRESENTATION_STYLE_ASSIGNMENT (( #8654 ) ) ;
#9825 = CARTESIAN_POINT ( 'NONE',  ( -35.02238325557853200, -5.594505487808469000, 8.569418032719694300 ) ) ;
#9826 = EDGE_CURVE ( 'NONE', #4167, #3453, #2537, .T. ) ;
#9827 = EDGE_CURVE ( 'NONE', #6758, #10109, #305, .T. ) ;
#9828 = DIRECTION ( 'NONE',  ( -4.563650266178933600E-014, -0.4226182617406757400, -0.9063077870366609300 ) ) ;
#9829 = CARTESIAN_POINT ( 'NONE',  ( -38.18202511115658400, -16.21450061472084800, 9.959780373599144800 ) ) ;
#9830 = FACE_OUTER_BOUND ( 'NONE', #2361, .T. ) ;
#9831 = DIRECTION ( 'NONE',  ( -1.000000000000000000, 0.0000000000000000000, 0.0000000000000000000 ) ) ;
#9832 = ORIENTED_EDGE ( 'NONE', *, *, #8484, .T. ) ;
#9833 = EDGE_CURVE ( 'NONE', #7796, #2957, #5816, .T. ) ;
#9834 = FACE_OUTER_BOUND ( 'NONE', #3462, .T. ) ;
#9835 = DIRECTION ( 'NONE',  ( 1.000000000000000000, -7.807046758806955900E-013, -6.830280870083328900E-014 ) ) ;
#9836 = DIRECTION ( 'NONE',  ( 1.000000000000000000, 2.874238418593461300E-013, -3.425383961318446200E-013 ) ) ;
#9837 = ORIENTED_EDGE ( 'NONE', *, *, #6973, .F. ) ;
#9838 = CARTESIAN_POINT ( 'NONE',  ( -38.33071658891260800, -5.042927085999124000, -0.01252460000684661200 ) ) ;
#9839 = DIRECTION ( 'NONE',  ( 0.0000000000000000000, -0.9961946980917526500, 0.08715574274757616200 ) ) ;
#9840 = CARTESIAN_POINT ( 'NONE',  ( -37.32238325557845800, -3.345410401341229400, 3.627811677923728200 ) ) ;
#9841 = ORIENTED_EDGE ( 'NONE', *, *, #1286, .T. ) ;
#9842 = EDGE_CURVE ( 'NONE', #759, #9602, #10095, .T. ) ;
#9843 = ORIENTED_EDGE ( 'NONE', *, *, #5416, .T. ) ;
#9844 = VECTOR ( 'NONE', #10660, 1000.000000000000000 ) ;
#9845 = DIRECTION ( 'NONE',  ( 0.0000000000000000000, -0.9063077870366486000, 0.4226182617407021600 ) ) ;
#9846 = PLANE ( 'NONE',  #3509 ) ;
#9847 = ORIENTED_EDGE ( 'NONE', *, *, #4564, .T. ) ;
#9848 = EDGE_CURVE ( 'NONE', #9274, #3157, #7804, .T. ) ;
#9849 = PLANE ( 'NONE',  #8749 ) ;
#9850 = ADVANCED_FACE ( 'F62', ( #9834 ), #96, .T. ) ;
#9851 = AXIS2_PLACEMENT_3D ( 'NONE', #9101, #10836, #9138 ) ;
#9852 = ORIENTED_EDGE ( 'NONE', *, *, #11086, .F. ) ;
#9853 = CARTESIAN_POINT ( 'NONE',  ( -49.62238325557869000, -8.536769409492889000, 10.24141823171405000 ) ) ;
#9854 = ORIENTED_EDGE ( 'NONE', *, *, #1065, .T. ) ;
#9855 = DIRECTION ( 'NONE',  ( -0.0000000000000000000, -0.4226182617407128200, -0.9063077870366437200 ) ) ;
#9856 = CARTESIAN_POINT ( 'NONE',  ( -33.92238325557900000, -17.74764485560999100, 3.502740800925813400 ) ) ;
#9857 = CARTESIAN_POINT ( 'NONE',  ( -53.12238325557899500, -11.70884666412900000, 11.32058214781050000 ) ) ;
#9858 = VECTOR ( 'NONE', #2858, 1000.000000000000000 ) ;
#9859 = CARTESIAN_POINT ( 'NONE',  ( -41.22238325557899700, -5.080275400059284700, 7.956582478224429000 ) ) ;
#9860 = ORIENTED_EDGE ( 'NONE', *, *, #10993, .T. ) ;
#9862 = PLANE ( 'NONE',  #4370 ) ;
#9861 = PLANE ( 'NONE',  #1627 ) ;
#9863 = EDGE_CURVE ( 'NONE', #24, #3566, #2494, .T. ) ;
#9864 = PLANE ( 'NONE',  #10223 ) ;
#9865 = ORIENTED_EDGE ( 'NONE', *, *, #3953, .F. ) ;
#9866 = ORIENTED_EDGE ( 'NONE', *, *, #9985, .T. ) ;
#9867 = ORIENTED_EDGE ( 'NONE', *, *, #7431, .T. ) ;
#9868 = DIRECTION ( 'NONE',  ( -1.000000000000000000, 0.0000000000000000000, 0.0000000000000000000 ) ) ;
#9869 = CARTESIAN_POINT ( 'NONE',  ( -53.12238325557955700, -10.01593332559327400, 7.069340977090808700 ) ) ;
#9870 = DIRECTION ( 'NONE',  ( -4.563650266178934800E-014, -0.4226182617406759000, -0.9063077870366611500 ) ) ;
#9871 = VERTEX_POINT ( 'NONE', #1896 ) ;
#9872 = CARTESIAN_POINT ( 'NONE',  ( -38.17238325557900000, -9.987963198679219400, 4.408191287200358100 ) ) ;
#9873 = ORIENTED_EDGE ( 'NONE', *, *, #9971, .F. ) ;
#9874 = VERTEX_POINT ( 'NONE', #6967 ) ;
#9875 = VERTEX_POINT ( 'NONE', #1020 ) ;
#9876 = DIRECTION ( 'NONE',  ( 1.000000000000000000, -0.0000000000000000000, -0.0000000000000000000 ) ) ;
#9877 = DIRECTION ( 'NONE',  ( 0.0000000000000000000, 0.4226182617401169100, 0.9063077870369216100 ) ) ;
#9878 = DIRECTION ( 'NONE',  ( 1.000000000000000000, 0.0000000000000000000, 0.0000000000000000000 ) ) ;
#9879 = AXIS2_PLACEMENT_3D ( 'NONE', #4444, #10377, #5282 ) ;
#9880 = CARTESIAN_POINT ( 'NONE',  ( -44.82238325557901200, 2.097079272290734800, 5.834462115219047900 ) ) ;
#9881 = ORIENTED_EDGE ( 'NONE', *, *, #315, .F. ) ;
#9882 = ORIENTED_EDGE ( 'NONE', *, *, #7638, .F. ) ;
#9883 = VECTOR ( 'NONE', #2460, 1000.000000000000200 ) ;
#9884 = LINE ( 'NONE', #7499, #7576 ) ;
#9885 = ORIENTED_EDGE ( 'NONE', *, *, #9055, .F. ) ;
#9886 = EDGE_CURVE ( 'NONE', #2791, #9279, #6743, .T. ) ;
#9887 = EDGE_CURVE ( 'NONE', #2596, #7788, #7405, .T. ) ;
#9888 = CARTESIAN_POINT ( 'NONE',  ( -35.97238325557899700, -20.79904375807147300, 5.477320436710820100 ) ) ;
#9889 = DIRECTION ( 'NONE',  ( -8.673617379881558400E-015, 0.0000000000000000000, 1.000000000000000000 ) ) ;
#9890 = DIRECTION ( 'NONE',  ( 0.0000000000000000000, -0.9063077870366405000, 0.4226182617407197600 ) ) ;
#9891 = VERTEX_POINT ( 'NONE', #4635 ) ;
#9892 = ADVANCED_FACE ( 'F109', ( #11016 ), #7152, .T. ) ;
#9893 = CARTESIAN_POINT ( 'NONE',  ( -52.82238325557902700, -4.358649946538691600, 5.262129351445456600 ) ) ;
#9894 = LINE ( 'NONE', #9345, #10151 ) ;
#9895 = COLOUR_RGB ( '',1.000000000000000000, 0.3294117647058823500, 0.0000000000000000000 ) ;
#9896 = SURFACE_STYLE_USAGE ( .BOTH. , #3973 ) ;
#9897 = ADVANCED_FACE ( 'F197', ( #9014 ), #10572, .T. ) ;
#9898 = CARTESIAN_POINT ( 'NONE',  ( -32.62238325557900300, -18.86155542827300400, 6.508198718745999800 ) ) ;
#9899 = VECTOR ( 'NONE', #9226, 1000.000000000000100 ) ;
#9900 = EDGE_CURVE ( 'NONE', #3427, #7723, #6487, .T. ) ;
#9901 = ORIENTED_EDGE ( 'NONE', *, *, #3561, .T. ) ;
#9902 = LINE ( 'NONE', #1961, #1367 ) ;
#9903 = EDGE_CURVE ( 'NONE', #8628, #9239, #8739, .T. ) ;
#9904 = VECTOR ( 'NONE', #9494, 1000.000000000000200 ) ;
#9905 = DIRECTION ( 'NONE',  ( 0.0000000000000000000, -0.9063077870366490500, 0.4226182617407014400 ) ) ;
#9906 = VECTOR ( 'NONE', #8595, 1000.000000000000100 ) ;
#9907 = DIRECTION ( 'NONE',  ( 0.0000000000000000000, -0.9063077870366280700, 0.4226182617407465100 ) ) ;
#9908 = DIRECTION ( 'NONE',  ( 2.267628511755847600E-028, -0.9063077870366553800, 0.4226182617406878900 ) ) ;
#9909 = EDGE_CURVE ( 'NONE', #2372, #7510, #4249, .T. ) ;
#9910 = AXIS2_PLACEMENT_3D ( 'NONE', #1776, #7704, #10271 ) ;
#9911 = EDGE_LOOP ( 'NONE', ( #7877, #6746, #7179, #1531 ) ) ;
#9912 = LINE ( 'NONE', #10901, #3126 ) ;
#9913 = LINE ( 'NONE', #8779, #553 ) ;
#9914 = CARTESIAN_POINT ( 'NONE',  ( -37.32238325557826600, -3.218624922819038700, 3.899704014034902000 ) ) ;
#9915 = CARTESIAN_POINT ( 'NONE',  ( -41.92238325557900000, -10.50542654018049900, 2.470317016206000200 ) ) ;
#9916 = CARTESIAN_POINT ( 'NONE',  ( -53.12238325557856200, -10.06149274410284800, 7.918119122064089400 ) ) ;
#9917 = CARTESIAN_POINT ( 'NONE',  ( -30.82238325557900200, -19.39874491582466500, 4.882951828435768200 ) ) ;
#9918 = ORIENTED_EDGE ( 'NONE', *, *, #6099, .T. ) ;
#9919 = FACE_OUTER_BOUND ( 'NONE', #3339, .T. ) ;
#9920 = VERTEX_POINT ( 'NONE', #3861 ) ;
#9921 = LINE ( 'NONE', #4374, #3404 ) ;
#9923 = UNCERTAINTY_MEASURE_WITH_UNIT (LENGTH_MEASURE( 1.000000000000000100E-005 ), #1191, 'distance_accuracy_value', 'NONE');
#9922 = CARTESIAN_POINT ( 'NONE',  ( -51.62238325557900300, -4.331394309826500000, 7.997535044629999300 ) ) ;
#9924 = LINE ( 'NONE', #4518, #834 ) ;
#9925 = CARTESIAN_POINT ( 'NONE',  ( -51.32238325557911200, -7.813680828658323900, 6.230492311351208700 ) ) ;
#9926 = MECHANICAL_DESIGN_GEOMETRIC_PRESENTATION_REPRESENTATION (  '', ( #8757 ), #10500 ) ;
#9927 = VECTOR ( 'NONE', #1355, 1000.000000000000000 ) ;
#9928 = CARTESIAN_POINT ( 'NONE',  ( -32.62238325557900300, 1.588473183258100100, 9.712776162095400100 ) ) ;
#9929 = ORIENTED_EDGE ( 'NONE', *, *, #10032, .T. ) ;
#9930 = LINE ( 'NONE', #1575, #5397 ) ;
#9931 = CYLINDRICAL_SURFACE ( 'NONE', #6411, 6.999999999999811700 ) ;
#9932 = ORIENTED_EDGE ( 'NONE', *, *, #7649, .T. ) ;
#9933 = VERTEX_POINT ( 'NONE', #9793 ) ;
#9934 = VECTOR ( 'NONE', #4288, 1000.000000000000200 ) ;
#9935 = LINE ( 'NONE', #9674, #7636 ) ;
#9936 = AXIS2_PLACEMENT_3D ( 'NONE', #558, #1329, #1415 ) ;
#9937 = CARTESIAN_POINT ( 'NONE',  ( -32.62238325557900300, 0.4206930299701098200, 7.918324016681499000 ) ) ;
#9938 = SURFACE_STYLE_FILL_AREA ( #6635 ) ;
#9939 = ORIENTED_EDGE ( 'NONE', *, *, #9351, .T. ) ;
#9940 = LINE ( 'NONE', #1871, #3159 ) ;
#9941 = ORIENTED_EDGE ( 'NONE', *, *, #8529, .T. ) ;
#9942 = CARTESIAN_POINT ( 'NONE',  ( -51.32238325557899800, -5.652339083080526000, 9.571775717836402500 ) ) ;
#9943 = DIRECTION ( 'NONE',  ( 1.697635250873307900E-014, 0.4226182617407079900, 0.9063077870366461600 ) ) ;
#9944 = AXIS2_PLACEMENT_3D ( 'NONE', #3332, #11026, #794 ) ;
#9945 = ADVANCED_FACE ( 'F195', ( #190 ), #1691, .F. ) ;
#9946 = VECTOR ( 'NONE', #7077, 1000.000000000000100 ) ;
#9947 = EDGE_CURVE ( 'NONE', #4670, #6830, #8470, .T. ) ;
#9948 = DIRECTION ( 'NONE',  ( -6.839766848137309200E-014, 1.000000000000000000, 0.0000000000000000000 ) ) ;
#9949 = EDGE_CURVE ( 'NONE', #3239, #4649, #3991, .T. ) ;
#9950 = DIRECTION ( 'NONE',  ( -0.0000000000000000000, 0.9063077870366655900, -0.4226182617406659700 ) ) ;
#9951 = DIRECTION ( 'NONE',  ( 1.000000000000000000, 0.0000000000000000000, 0.0000000000000000000 ) ) ;
#9952 = ORIENTED_EDGE ( 'NONE', *, *, #6241, .T. ) ;
#9953 = VECTOR ( 'NONE', #3841, 1000.000000000000000 ) ;
#9954 = ADVANCED_FACE ( 'F141', ( #10766, #10494 ), #4745, .T. ) ;
#9955 = ORIENTED_EDGE ( 'NONE', *, *, #7868, .F. ) ;
#9956 = MECHANICAL_DESIGN_GEOMETRIC_PRESENTATION_REPRESENTATION (  '', ( #8789 ), #10527 ) ;
#9957 = VECTOR ( 'NONE', #5611, 1000.000000000000000 ) ;
#9958 = DIRECTION ( 'NONE',  ( 1.000000000000000000, 6.830280870130652900E-014, -7.807046758802474700E-013 ) ) ;
#9959 = AXIS2_PLACEMENT_3D ( 'NONE', #2173, #3048, #8974 ) ;
#9960 = ORIENTED_EDGE ( 'NONE', *, *, #5255, .F. ) ;
#9961 = CARTESIAN_POINT ( 'NONE',  ( -32.62238325557900300, -7.714417754381699400, -4.554776175865898200 ) ) ;
#9962 = LINE ( 'NONE', #5559, #7667 ) ;
#9963 = CARTESIAN_POINT ( 'NONE',  ( -41.92238325557900700, -14.10977080437150000, 5.033752684395100400 ) ) ;
#9964 = VERTEX_POINT ( 'NONE', #7262 ) ;
#9965 = EDGE_CURVE ( 'NONE', #3880, #4728, #5941, .T. ) ;
#9966 = LINE ( 'NONE', #4963, #5432 ) ;
#9967 = EDGE_CURVE ( 'NONE', #7141, #1490, #1431, .T. ) ;
#9968 = ORIENTED_EDGE ( 'NONE', *, *, #2388, .T. ) ;
#9969 = VERTEX_POINT ( 'NONE', #8989 ) ;
#9970 = DIRECTION ( 'NONE',  ( -7.103455424048832200E-015, 0.4226182617407321900, 0.9063077870366347300 ) ) ;
#9971 = EDGE_CURVE ( 'NONE', #3745, #9602, #1149, .T. ) ;
#9972 = ORIENTED_EDGE ( 'NONE', *, *, #7939, .T. ) ;
#9973 = AXIS2_PLACEMENT_3D ( 'NONE', #5349, #9695, #4609 ) ;
#9974 = DIRECTION ( 'NONE',  ( -0.0000000000000000000, -0.4226182617406966100, -0.9063077870366513800 ) ) ;
#9975 = FILL_AREA_STYLE_COLOUR ( '', #5136 ) ;
#9976 = LINE ( 'NONE', #9459, #895 ) ;
#9977 = DIRECTION ( 'NONE',  ( -0.0000000000000000000, 0.9063077870366471600, -0.4226182617407055500 ) ) ;
#9978 = ORIENTED_EDGE ( 'NONE', *, *, #1093, .F. ) ;
#9979 = ORIENTED_EDGE ( 'NONE', *, *, #2609, .F. ) ;
#9980 = CARTESIAN_POINT ( 'NONE',  ( -33.92238325557900000, -6.911891761638250900, 0.7118708852031500100 ) ) ;
#9981 = B_SPLINE_CURVE_WITH_KNOTS ( 'NONE', 3,
 ( #3074, #154, #1042, #9752 ),
 .UNSPECIFIED., .F., .F.,
 ( 4, 4 ),
 ( 0.0000000000000000000, 1.000000000000000000 ),
 .UNSPECIFIED. ) ;
#9982 = PLANE ( 'NONE',  #6897 ) ;
#9983 = DIRECTION ( 'NONE',  ( -1.000000000000000000, -0.0000000000000000000, -0.0000000000000000000 ) ) ;
#9984 = ORIENTED_EDGE ( 'NONE', *, *, #738, .T. ) ;
#9985 = EDGE_CURVE ( 'NONE', #1534, #4484, #3441, .T. ) ;
#9986 = PRESENTATION_LAYER_ASSIGNMENT (  '', '', ( #26 ) ) ;
#9987 = VECTOR ( 'NONE', #1396, 1000.000000000000000 ) ;
#9988 = DIRECTION ( 'NONE',  ( 0.0000000000000000000, 0.9063077870367295400, -0.4226182617405288000 ) ) ;
#9989 = VERTEX_POINT ( 'NONE', #485 ) ;
#9990 = CARTESIAN_POINT ( 'NONE',  ( -37.84739172217403800, -20.98411240046827000, 1.150107686096050400 ) ) ;
#9991 = CARTESIAN_POINT ( 'NONE',  ( -54.52238325557900100, -14.45705050621299900, 4.726756253326599700 ) ) ;
#9992 = EDGE_LOOP ( 'NONE', ( #8268, #9308, #3386, #201, #9199, #8986 ) ) ;
#9993 = CARTESIAN_POINT ( 'NONE',  ( -40.40687423694200200, -10.16274693020600000, 9.720445675976799600 ) ) ;
#9994 = VERTEX_POINT ( 'NONE', #2227 ) ;
#9995 = VERTEX_POINT ( 'NONE', #1362 ) ;
#9996 = LINE ( 'NONE', #11067, #3482 ) ;
#9997 = ADVANCED_FACE ( 'F79', ( #868 ), #3093, .T. ) ;
#9998 = CARTESIAN_POINT ( 'NONE',  ( -51.32238325557934600, -11.55572780571863800, 12.57058214781200400 ) ) ;
#9999 = VERTEX_POINT ( 'NONE', #6502 ) ;
#10000 = AXIS2_PLACEMENT_3D ( 'NONE', #3740, #4008, #3887 ) ;
#10001 = ORIENTED_EDGE ( 'NONE', *, *, #9624, .F. ) ;
#10002 = ADVANCED_FACE ( 'F208', ( #7662 ), #8204, .T. ) ;
#10003 = AXIS2_PLACEMENT_3D ( 'NONE', #8922, #4719, #10663 ) ;
#10004 = VERTEX_POINT ( 'NONE', #3129 ) ;
#10005 = DIRECTION ( 'NONE',  ( -1.000000000000000000, 6.782848364076685300E-015, -7.752831156315364500E-014 ) ) ;
#10006 = VECTOR ( 'NONE', #10300, 1000.000000000000000 ) ;
#10007 = CARTESIAN_POINT ( 'NONE',  ( -54.32238325557899100, -10.66415241746432200, 2.958098827941729100 ) ) ;
#10008 = EDGE_LOOP ( 'NONE', ( #1743, #8037, #7956, #3621 ) ) ;
#10009 = CARTESIAN_POINT ( 'NONE',  ( -43.12238325557900300, -4.271958475651199900, 7.459985027664650700 ) ) ;
#10010 = DIRECTION ( 'NONE',  ( 1.000000000000000000, 0.0000000000000000000, 0.0000000000000000000 ) ) ;
#10011 = DIRECTION ( 'NONE',  ( 0.0000000000000000000, 0.4226182617408171200, 0.9063077870365950900 ) ) ;
#10012 = AXIS2_PLACEMENT_3D ( 'NONE', #7018, #6405, #6374 ) ;
#10013 = VERTEX_POINT ( 'NONE', #9335 ) ;
#10014 = VERTEX_POINT ( 'NONE', #4266 ) ;
#10015 = CARTESIAN_POINT ( 'NONE',  ( -40.40687423694200200, -6.795988249071701400, 9.845717047209200600 ) ) ;
#10016 = VECTOR ( 'NONE', #4043, 1000.000000000000100 ) ;
#10017 = VECTOR ( 'NONE', #10840, 1000.000000000000200 ) ;
#10018 = PRESENTATION_LAYER_ASSIGNMENT (  '', '', ( #8853 ) ) ;
#10019 = DIRECTION ( 'NONE',  ( 0.0000000000000000000, 0.6427876096865984300, -0.7660444431189283900 ) ) ;
#10020 = DIRECTION ( 'NONE',  ( -0.0000000000000000000, 0.7660444431189372700, 0.6427876096865878800 ) ) ;
#10021 = DIRECTION ( 'NONE',  ( 0.0000000000000000000, 0.4226182617405287400, 0.9063077870367294300 ) ) ;
#10022 = LINE ( 'NONE', #1036, #3238 ) ;
#10023 = EDGE_LOOP ( 'NONE', ( #8366, #6427, #5298, #7989, #6588, #9728, #5635, #5419, #1195, #6435, #9295, #7433 ) ) ;
#10024 = LINE ( 'NONE', #5642, #2977 ) ;
#10025 = CARTESIAN_POINT ( 'NONE',  ( -37.39469173076193400, -21.51528477433295400, 1.397797431829598300 ) ) ;
#10026 = EDGE_CURVE ( 'NONE', #6184, #2006, #3168, .T. ) ;
#10027 = EDGE_CURVE ( 'NONE', #8116, #6618, #47, .T. ) ;
#10028 = COLOUR_RGB ( '',1.000000000000000000, 0.3294117647058823500, 0.0000000000000000000 ) ;
#10029 = DIRECTION ( 'NONE',  ( 0.0000000000000000000, -0.9063077870366661500, 0.4226182617406648000 ) ) ;
#10030 = FILL_AREA_STYLE_COLOUR ( '', #4709 ) ;
#10031 = CARTESIAN_POINT ( 'NONE',  ( -41.52238325557900800, -2.303481611545400200, 9.313842734009199400 ) ) ;
#10032 = EDGE_CURVE ( 'NONE', #1602, #4156, #4381, .T. ) ;
#10033 = VECTOR ( 'NONE', #2853, 1000.000000000000000 ) ;
#10034 = EDGE_LOOP ( 'NONE', ( #2506, #389, #2470, #2395 ) ) ;
#10035 = VECTOR ( 'NONE', #8500, 1000.000000000000100 ) ;
#10036 = CARTESIAN_POINT ( 'NONE',  ( -53.12238325557899500, -9.653410210778801600, 6.900293672393999600 ) ) ;
#10037 = ORIENTED_EDGE ( 'NONE', *, *, #9029, .F. ) ;
#10038 = AXIS2_PLACEMENT_3D ( 'NONE', #5918, #7892, #2813 ) ;
#10039 = VECTOR ( 'NONE', #808, 1000.000000000000000 ) ;
#10040 = VECTOR ( 'NONE', #686, 1000.000000000000000 ) ;
#10041 = DIRECTION ( 'NONE',  ( 0.0000000000000000000, 0.6427876096868037100, -0.7660444431187560800 ) ) ;
#10042 = EDGE_CURVE ( 'NONE', #4336, #4110, #4645, .T. ) ;
#10043 = ORIENTED_EDGE ( 'NONE', *, *, #10065, .F. ) ;
#10044 = LINE ( 'NONE', #10015, #2998 ) ;
#10045 = ORIENTED_EDGE ( 'NONE', *, *, #9249, .F. ) ;
#10046 = VECTOR ( 'NONE', #9714, 1000.000000000000000 ) ;
#10047 = SURFACE_STYLE_FILL_AREA ( #3455 ) ;
#10048 = DIRECTION ( 'NONE',  ( 0.0000000000000000000, 0.9063077870362917800, -0.4226182617414675500 ) ) ;
#10049 = VECTOR ( 'NONE', #990, 1000.000000000000200 ) ;
#10050 = EDGE_CURVE ( 'NONE', #9240, #2066, #10890, .T. ) ;
#10051 = MECHANICAL_DESIGN_GEOMETRIC_PRESENTATION_REPRESENTATION (  '', ( #8888 ), #10636 ) ;
#10052 = ADVANCED_FACE ( 'F5', ( #10629 ), #6070, .F. ) ;
#10053 = AXIS2_PLACEMENT_3D ( 'NONE', #6275, #7122, #2047 ) ;
#10054 = PLANE ( 'NONE',  #7470 ) ;
#10055 = ORIENTED_EDGE ( 'NONE', *, *, #508, .F. ) ;
#10056 = LINE ( 'NONE', #2656, #1254 ) ;
#10057 = ORIENTED_EDGE ( 'NONE', *, *, #1244, .F. ) ;
#10058 = PRESENTATION_STYLE_ASSIGNMENT (( #744 ) ) ;
#10059 = DIRECTION ( 'NONE',  ( 0.0000000000000000000, -0.9063077870366812400, 0.4226182617406326600 ) ) ;
#10060 = VERTEX_POINT ( 'NONE', #8543 ) ;
#10061 = DIRECTION ( 'NONE',  ( 0.0000000000000000000, -0.7660444431189285000, -0.6427876096865985400 ) ) ;
#10062 = CARTESIAN_POINT ( 'NONE',  ( -31.42238325557900000, -11.70640637255630300, 3.444109828943505500 ) ) ;
#10063 = ADVANCED_FACE ( 'F118', ( #8336 ), #6831, .T. ) ;
#10064 = LINE ( 'NONE', #2375, #5532 ) ;
#10065 = EDGE_CURVE ( 'NONE', #9021, #2922, #3854, .T. ) ;
#10066 = ORIENTED_EDGE ( 'NONE', *, *, #1425, .T. ) ;
#10067 = DIRECTION ( 'NONE',  ( 1.000000000000000000, 0.0000000000000000000, 0.0000000000000000000 ) ) ;
#10069 = SURFACE_STYLE_FILL_AREA ( #394 ) ;
#10068 = AXIS2_PLACEMENT_3D ( 'NONE', #4275, #7605, #5082 ) ;
#10070 = EDGE_CURVE ( 'NONE', #2441, #769, #1827, .T. ) ;
#10071 = SURFACE_STYLE_FILL_AREA ( #7194 ) ;
#10072 = ORIENTED_EDGE ( 'NONE', *, *, #8254, .F. ) ;
#10073 = CARTESIAN_POINT ( 'NONE',  ( -39.92238325557900000, -9.987963198679199900, 4.408191287200399900 ) ) ;
#10074 = LINE ( 'NONE', #9028, #1272 ) ;
#10075 = DIRECTION ( 'NONE',  ( -1.418059170871768100E-014, 0.7660444431189888900, 0.6427876096865262600 ) ) ;
#10076 = DIRECTION ( 'NONE',  ( 1.000000000000000000, -0.0000000000000000000, 0.0000000000000000000 ) ) ;
#10077 = ORIENTED_EDGE ( 'NONE', *, *, #10759, .F. ) ;
#10078 = ORIENTED_EDGE ( 'NONE', *, *, #8863, .T. ) ;
#10079 = FACE_OUTER_BOUND ( 'NONE', #2669, .T. ) ;
#10080 = VECTOR ( 'NONE', #4131, 1000.000000000000200 ) ;
#10081 = VERTEX_POINT ( 'NONE', #7713 ) ;
#10082 = CARTESIAN_POINT ( 'NONE',  ( -37.32238325557852200, -21.92307443813618700, 1.587952874977507100 ) ) ;
#10083 = AXIS2_PLACEMENT_3D ( 'NONE', #11105, #9504, #9571 ) ;
#10084 = LINE ( 'NONE', #4382, #3297 ) ;
#10085 = CARTESIAN_POINT ( 'NONE',  ( -43.02238325557900100, -14.31050808127500000, 25.07091389913999900 ) ) ;
#10086 = VERTEX_POINT ( 'NONE', #5175 ) ;
#10087 = CARTESIAN_POINT ( 'NONE',  ( -33.92238325557900000, -13.93577711117195300, 3.987162413693423200 ) ) ;
#10088 = PLANE ( 'NONE',  #122 ) ;
#10089 = CARTESIAN_POINT ( 'NONE',  ( -30.82238325557900200, -2.563728383188552700, 5.890912826052795200 ) ) ;
#10090 = AXIS2_PLACEMENT_3D ( 'NONE', #1524, #4122, #10048 ) ;
#10091 = EDGE_LOOP ( 'NONE', ( #8310, #8241, #402, #10492 ) ) ;
#10092 = CIRCLE ( 'NONE', #7452, 0.3499999999999213700 ) ;
#10093 = EDGE_LOOP ( 'NONE', ( #10464, #3898, #7328, #10639 ) ) ;
#10094 = DIRECTION ( 'NONE',  ( -1.000000000000000000, -0.0000000000000000000, -0.0000000000000000000 ) ) ;
#10095 = CIRCLE ( 'NONE', #5306, 0.8500000000000053100 ) ;
#10096 = EDGE_CURVE ( 'NONE', #10004, #24, #1554, .T. ) ;
#10097 = B_SPLINE_CURVE_WITH_KNOTS ( 'NONE', 3,
 ( #6681, #6619, #5896, #6719 ),
 .UNSPECIFIED., .F., .F.,
 ( 4, 4 ),
 ( 0.0000000000000000000, 1.000000000000000000 ),
 .UNSPECIFIED. ) ;
#10098 = EDGE_CURVE ( 'NONE', #3688, #4425, #5805, .T. ) ;
#10099 = ORIENTED_EDGE ( 'NONE', *, *, #8880, .F. ) ;
#10100 = PLANE ( 'NONE',  #10163 ) ;
#10101 = DIRECTION ( 'NONE',  ( -0.9659258262890556600, -0.2345697160098503000, 0.1093816549466278700 ) ) ;
#10102 = DIRECTION ( 'NONE',  ( 0.0000000000000000000, -0.4226182617406972800, -0.9063077870366510500 ) ) ;
#10103 = ORIENTED_EDGE ( 'NONE', *, *, #6532, .T. ) ;
#10104 = VERTEX_POINT ( 'NONE', #6900 ) ;
#10105 = VECTOR ( 'NONE', #6399, 1000.000000000000000 ) ;
#10106 = CARTESIAN_POINT ( 'NONE',  ( -54.52238325557900100, -9.855615436292300300, 4.692011979553000400 ) ) ;
#10107 = CARTESIAN_POINT ( 'NONE',  ( -31.42238325557900000, -10.19548667889956800, 1.360334006231005400 ) ) ;
#10108 = DIRECTION ( 'NONE',  ( -0.0000000000000000000, 0.9961946980917516500, 0.08715574274758826300 ) ) ;
#10109 = VERTEX_POINT ( 'NONE', #1828 ) ;
#10110 = ADVANCED_FACE ( 'F114', ( #1284 ), #948, .T. ) ;
#10111 = CARTESIAN_POINT ( 'NONE',  ( -33.32238325557899800, -4.304242034004396100, -2.214331926970119400 ) ) ;
#10112 = VERTEX_POINT ( 'NONE', #9487 ) ;
#10113 = EDGE_CURVE ( 'NONE', #7979, #10499, #7793, .T. ) ;
#10114 = EDGE_CURVE ( 'NONE', #2720, #7040, #10084, .T. ) ;
#10115 = DIRECTION ( 'NONE',  ( 0.0000000000000000000, -0.4226182617406517600, -0.9063077870366722500 ) ) ;
#10116 = ORIENTED_EDGE ( 'NONE', *, *, #9408, .F. ) ;
#10117 = ORIENTED_EDGE ( 'NONE', *, *, #10479, .T. ) ;
#10118 = LINE ( 'NONE', #5491, #9858 ) ;
#10119 = ADVANCED_FACE ( 'F86', ( #5555 ), #2223, .T. ) ;
#10120 = ORIENTED_EDGE ( 'NONE', *, *, #6553, .T. ) ;
#10121 = CARTESIAN_POINT ( 'NONE',  ( -32.62238325557900300, -15.96269416937500000, 11.30510580015900000 ) ) ;
#10122 = EDGE_CURVE ( 'NONE', #653, #10232, #1497, .T. ) ;
#10123 = CARTESIAN_POINT ( 'NONE',  ( -54.32238325557868600, -11.42924294139788100, 17.43141801386491700 ) ) ;
#10124 = AXIS2_PLACEMENT_3D ( 'NONE', #8198, #5623, #1055 ) ;
#10125 = CARTESIAN_POINT ( 'NONE',  ( -51.32238325557848000, -10.95884666412801800, 11.32058214781301000 ) ) ;
#10126 = ORIENTED_EDGE ( 'NONE', *, *, #4972, .F. ) ;
#10127 = CARTESIAN_POINT ( 'NONE',  ( -39.42238325557900000, -3.870385636181797200, 1.555518020450605400 ) ) ;
#10128 = DIRECTION ( 'NONE',  ( 0.0000000000000000000, 0.0000000000000000000, 1.000000000000000000 ) ) ;
#10129 = ORIENTED_EDGE ( 'NONE', *, *, #6015, .T. ) ;
#10130 = VERTEX_POINT ( 'NONE', #3627 ) ;
#10131 = DIRECTION ( 'NONE',  ( 6.040919398694632200E-013, 1.000000000000000000, 0.0000000000000000000 ) ) ;
#10132 = CARTESIAN_POINT ( 'NONE',  ( -51.32238325557899800, -10.62551333079500200, 11.32058214781200100 ) ) ;
#10133 = ORIENTED_EDGE ( 'NONE', *, *, #147, .F. ) ;
#10134 = CARTESIAN_POINT ( 'NONE',  ( -51.62238325557900300, -5.938363334042900700, 9.912646152427500500 ) ) ;
#10135 = ORIENTED_EDGE ( 'NONE', *, *, #3794, .F. ) ;
#10136 = ORIENTED_EDGE ( 'NONE', *, *, #955, .T. ) ;
#10137 = VECTOR ( 'NONE', #9286, 1000.000000000000000 ) ;
#10138 = CARTESIAN_POINT ( 'NONE',  ( -29.52238325557900100, -16.53249533852699900, 5.694552072712799200 ) ) ;
#10139 = VERTEX_POINT ( 'NONE', #137 ) ;
#10140 = ORIENTED_EDGE ( 'NONE', *, *, #4701, .F. ) ;
#10141 = CARTESIAN_POINT ( 'NONE',  ( -51.97238325557899700, -8.795680687242100500, 2.495744281037100000 ) ) ;
#10142 = CARTESIAN_POINT ( 'NONE',  ( -30.82238325557900200, -9.765175359089893100, 6.897232696682609200 ) ) ;
#10143 = SURFACE_SIDE_STYLE ('',( #2650 ) ) ;
#10144 = ORIENTED_EDGE ( 'NONE', *, *, #6733, .T. ) ;
#10145 =( NAMED_UNIT ( * ) SI_UNIT ( $, .STERADIAN. ) SOLID_ANGLE_UNIT ( ) );
#10146 = ORIENTED_EDGE ( 'NONE', *, *, #5733, .T. ) ;
#10147 = FACE_OUTER_BOUND ( 'NONE', #2369, .T. ) ;
#10148 = CARTESIAN_POINT ( 'NONE',  ( -32.67238325557900000, -12.25709286525100300, 1.494143319804497300 ) ) ;
#10149 = ORIENTED_EDGE ( 'NONE', *, *, #5961, .T. ) ;
#10150 = EDGE_CURVE ( 'NONE', #7582, #5724, #4774, .T. ) ;
#10151 = VECTOR ( 'NONE', #4279, 1000.000000000000100 ) ;
#10152 = ORIENTED_EDGE ( 'NONE', *, *, #2755, .F. ) ;
#10153 = PLANE ( 'NONE',  #5890 ) ;
#10154 = CARTESIAN_POINT ( 'NONE',  ( -43.02238325557900100, -23.18549157782988200, 6.038450371369972200 ) ) ;
#10155 = SURFACE_STYLE_FILL_AREA ( #6444 ) ;
#10157 = CARTESIAN_POINT ( 'NONE',  ( -51.32238325557899800, -4.546231614194325300, 7.164561497111065200 ) ) ;
#10156 = CARTESIAN_POINT ( 'NONE',  ( -39.82238325557899100, -6.815801946210646300, 10.02490247464287900 ) ) ;
#10158 = SURFACE_STYLE_FILL_AREA ( #6499 ) ;
#10159 = DIRECTION ( 'NONE',  ( -0.0000000000000000000, 0.4226182617407032200, 0.9063077870366482700 ) ) ;
#10160 = CARTESIAN_POINT ( 'NONE',  ( -53.12238325557899500, -11.11803839845500300, 5.652349654472300400 ) ) ;
#10161 = CARTESIAN_POINT ( 'NONE',  ( -32.62238325557900300, -15.96269416937500000, 11.30510580015900000 ) ) ;
#10162 = CIRCLE ( 'NONE', #4821, 8.500000000000087000 ) ;
#10163 = AXIS2_PLACEMENT_3D ( 'NONE', #10190, #10061, #10019 ) ;
#10164 = ORIENTED_EDGE ( 'NONE', *, *, #1905, .F. ) ;
#10165 = CYLINDRICAL_SURFACE ( 'NONE', #5831, 0.2000000000007672900 ) ;
#10166 = CYLINDRICAL_SURFACE ( 'NONE', #9586, 0.6000000000002235800 ) ;
#10167 = VECTOR ( 'NONE', #7916, 1000.000000000000000 ) ;
#10168 = DIRECTION ( 'NONE',  ( 1.000000000000000000, 0.0000000000000000000, 0.0000000000000000000 ) ) ;
#10169 = ADVANCED_FACE ( 'F23', ( #6731, #181 ), #1898, .T. ) ;
#10170 = DIRECTION ( 'NONE',  ( 1.000000000000000000, -0.0000000000000000000, -0.0000000000000000000 ) ) ;
#10171 = EDGE_CURVE ( 'NONE', #3132, #5039, #10211, .T. ) ;
#10172 = ORIENTED_EDGE ( 'NONE', *, *, #1270, .F. ) ;
#10173 = VECTOR ( 'NONE', #7143, 1000.000000000000000 ) ;
#10174 = EDGE_CURVE ( 'NONE', #4395, #9166, #5927, .T. ) ;
#10175 = DIRECTION ( 'NONE',  ( 0.0000000000000000000, 0.6427876096868037100, -0.7660444431187560800 ) ) ;
#10176 = DIRECTION ( 'NONE',  ( -1.000000000000000000, 0.0000000000000000000, 0.0000000000000000000 ) ) ;
#10177 = FACE_OUTER_BOUND ( 'NONE', #7013, .T. ) ;
#10178 = COLOUR_RGB ( '',1.000000000000000000, 0.6588235294117647000, 0.0000000000000000000 ) ;
#10179 = EDGE_CURVE ( 'NONE', #3157, #7633, #7924, .T. ) ;
#10180 = CARTESIAN_POINT ( 'NONE',  ( -28.92238325557900300, -15.56071365991799900, 3.862180435219650000 ) ) ;
#10181 = ORIENTED_EDGE ( 'NONE', *, *, #8690, .F. ) ;
#10182 = ORIENTED_EDGE ( 'NONE', *, *, #8601, .F. ) ;
#10183 = LINE ( 'NONE', #2924, #3399 ) ;
#10184 = ORIENTED_EDGE ( 'NONE', *, *, #4143, .F. ) ;
#10185 = VECTOR ( 'NONE', #8536, 1000.000000000000100 ) ;
#10186 = CYLINDRICAL_SURFACE ( 'NONE', #38, 0.9749999999999200400 ) ;
#10187 = LINE ( 'NONE', #8154, #1395 ) ;
#10188 = VECTOR ( 'NONE', #6787, 1000.000000000000100 ) ;
#10189 = DIRECTION ( 'NONE',  ( -0.0000000000000000000, 0.4226182617405990800, 0.9063077870366966800 ) ) ;
#10190 = CARTESIAN_POINT ( 'NONE',  ( -53.12238325557899500, -6.183152694576199900, 10.35994713495799900 ) ) ;
#10192 = CARTESIAN_POINT ( 'NONE',  ( -37.32238325557877100, -2.306210009426132900, 3.253562368713053900 ) ) ;
#10191 = CARTESIAN_POINT ( 'NONE',  ( -28.73738325557900100, -20.77854732079300600, 7.674518628967899900 ) ) ;
#10193 = VERTEX_POINT ( 'NONE', #4553 ) ;
#10194 = LINE ( 'NONE', #10892, #3689 ) ;
#10195 = FACE_OUTER_BOUND ( 'NONE', #6950, .T. ) ;
#10196 = ORIENTED_EDGE ( 'NONE', *, *, #732, .F. ) ;
#10197 = CARTESIAN_POINT ( 'NONE',  ( -37.52238325557900100, -6.356175280339101600, 10.41057504045500100 ) ) ;
#10198 = DIRECTION ( 'NONE',  ( 0.0000000000000000000, 0.9063077870365950900, -0.4226182617408171200 ) ) ;
#10199 = VERTEX_POINT ( 'NONE', #9640 ) ;
#10200 = EDGE_CURVE ( 'NONE', #3150, #7446, #1141, .T. ) ;
#10201 = FACE_OUTER_BOUND ( 'NONE', #10418, .T. ) ;
#10202 = CARTESIAN_POINT ( 'NONE',  ( -47.57238325557906900, -10.95884666412918000, 12.12058214780990200 ) ) ;
#10203 =( NAMED_UNIT ( * ) PLANE_ANGLE_UNIT ( ) SI_UNIT ( $, .RADIAN. ) );
#10204 = LINE ( 'NONE', #5570, #1134 ) ;
#10205 = ORIENTED_EDGE ( 'NONE', *, *, #8801, .F. ) ;
#10206 = SURFACE_STYLE_FILL_AREA ( #4469 ) ;
#10207 = DIRECTION ( 'NONE',  ( -0.0000000000000000000, -0.4226182617407106500, -0.9063077870366447200 ) ) ;
#10208 = DIRECTION ( 'NONE',  ( -1.000000000000000000, 0.0000000000000000000, 0.0000000000000000000 ) ) ;
#10209 = FACE_OUTER_BOUND ( 'NONE', #2827, .T. ) ;
#10210 = ORIENTED_EDGE ( 'NONE', *, *, #9314, .T. ) ;
#10211 = LINE ( 'NONE', #6203, #3710 ) ;
#10212 = CARTESIAN_POINT ( 'NONE',  ( -28.92238325557900300, -11.70640637255630300, 3.444109828943505900 ) ) ;
#10213 = EDGE_CURVE ( 'NONE', #10982, #301, #5682, .T. ) ;
#10214 = CARTESIAN_POINT ( 'NONE',  ( -43.02238325557900100, -10.01593332559341800, 7.069340977090535100 ) ) ;
#10215 = ORIENTED_EDGE ( 'NONE', *, *, #6475, .F. ) ;
#10216 = PLANE ( 'NONE',  #2565 ) ;
#10217 = LINE ( 'NONE', #3006, #9411 ) ;
#10218 = EDGE_LOOP ( 'NONE', ( #6737, #4934 ) ) ;
#10219 = VECTOR ( 'NONE', #10723, 1000.000000000000200 ) ;
#10220 = VERTEX_POINT ( 'NONE', #6233 ) ;
#10221 = ADVANCED_FACE ( 'F192', ( #1423 ), #5352, .T. ) ;
#10222 = CARTESIAN_POINT ( 'NONE',  ( -33.32238325557899800, -20.79904375807119600, 5.477320436710493300 ) ) ;
#10223 = AXIS2_PLACEMENT_3D ( 'NONE', #9066, #4778, #8794 ) ;
#10224 = SURFACE_SIDE_STYLE ('',( #1004 ) ) ;
#10225 = LINE ( 'NONE', #3002, #1967 ) ;
#10226 = ORIENTED_EDGE ( 'NONE', *, *, #3783, .T. ) ;
#10227 = VECTOR ( 'NONE', #6582, 1000.000000000000100 ) ;
#10229 =( NAMED_UNIT ( * ) PLANE_ANGLE_UNIT ( ) SI_UNIT ( $, .RADIAN. ) );
#10228 = CARTESIAN_POINT ( 'NONE',  ( -32.32238325557899800, -13.99135797649723400, -2.165845173684291400 ) ) ;
#10230 = PLANE ( 'NONE',  #7052 ) ;
#10231 = VERTEX_POINT ( 'NONE', #2868 ) ;
#10232 = VERTEX_POINT ( 'NONE', #7119 ) ;
#10233 = EDGE_LOOP ( 'NONE', ( #1379, #9292, #7190, #9254 ) ) ;
#10234 = ORIENTED_EDGE ( 'NONE', *, *, #6875, .F. ) ;
#10235 = CARTESIAN_POINT ( 'NONE',  ( -32.62238325557896700, -3.258464111713007300, 5.474287564937022800 ) ) ;
#10236 = EDGE_CURVE ( 'NONE', #6278, #8202, #7647, .T. ) ;
#10237 = CARTESIAN_POINT ( 'NONE',  ( -32.62238325557896700, -3.258464111713007300, 5.474287564937022800 ) ) ;
#10238 = EDGE_CURVE ( 'NONE', #1147, #8236, #8578, .T. ) ;
#10239 = CIRCLE ( 'NONE', #3279, 5.900000000000218000 ) ;
#10240 = PLANE ( 'NONE',  #9704 ) ;
#10241 = ORIENTED_EDGE ( 'NONE', *, *, #666, .F. ) ;
#10242 = CARTESIAN_POINT ( 'NONE',  ( -37.32238325557867100, -4.909097969781072400, 0.2744728658880361000 ) ) ;
#10243 = ORIENTED_EDGE ( 'NONE', *, *, #6420, .T. ) ;
#10244 = EDGE_CURVE ( 'NONE', #2777, #3708, #3161, .T. ) ;
#10245 = PRESENTATION_LAYER_ASSIGNMENT (  '', '', ( #9684 ) ) ;
#10246 = CARTESIAN_POINT ( 'NONE',  ( -37.32238325557854400, -17.92041520431159200, 10.64492361898748200 ) ) ;
#10247 = CARTESIAN_POINT ( 'NONE',  ( -32.02356006233700500, -19.03224138547395900, 4.712048425492485000 ) ) ;
#10248 = DIRECTION ( 'NONE',  ( 0.0000000000000000000, -0.6427876096865763300, 0.7660444431189470400 ) ) ;
#10249 = CARTESIAN_POINT ( 'NONE',  ( -53.12238325557899500, -7.593312901233400000, 5.261829969660099400 ) ) ;
#10250 = VERTEX_POINT ( 'NONE', #338 ) ;
#10251 = FACE_OUTER_BOUND ( 'NONE', #1998, .T. ) ;
#10252 = CARTESIAN_POINT ( 'NONE',  ( -51.32238325557911900, -6.195356538206630700, 8.535001529417181500 ) ) ;
#10253 =( LENGTH_UNIT ( ) NAMED_UNIT ( * ) SI_UNIT ( .MILLI., .METRE. ) );
#10254 = ORIENTED_EDGE ( 'NONE', *, *, #4656, .F. ) ;
#10255 = CARTESIAN_POINT ( 'NONE',  ( -51.32238325557899800, -9.663627447995198200, 8.534723844679950500 ) ) ;
#10256 = EDGE_CURVE ( 'NONE', #9056, #10199, #6612, .T. ) ;
#10257 = EDGE_CURVE ( 'NONE', #10193, #7401, #5148, .T. ) ;
#10258 = DIRECTION ( 'NONE',  ( 0.0000000000000000000, -0.4226182617407706100, -0.9063077870366168500 ) ) ;
#10259 = EDGE_LOOP ( 'NONE', ( #6259, #1122, #10659, #8681 ) ) ;
#10260 = ORIENTED_EDGE ( 'NONE', *, *, #1315, .T. ) ;
#10261 = CARTESIAN_POINT ( 'NONE',  ( -51.32238325557899800, -13.45884666412899800, 12.12058214653878400 ) ) ;
#10262 = EDGE_CURVE ( 'NONE', #6051, #3558, #7383, .T. ) ;
#10263 = CARTESIAN_POINT ( 'NONE',  ( -32.67238325557900000, -10.51245037520500100, 0.6806031659536500000 ) ) ;
#10264 = STYLED_ITEM ( 'NONE', ( #7222 ), #5803 ) ;
#10265 = ORIENTED_EDGE ( 'NONE', *, *, #4908, .T. ) ;
#10266 = FACE_OUTER_BOUND ( 'NONE', #6525, .T. ) ;
#10267 = DIRECTION ( 'NONE',  ( -0.9962405881956800700, 0.05568444403124072500, -0.06636213622584086200 ) ) ;
#10268 = AXIS2_PLACEMENT_3D ( 'NONE', #1791, #7720, #2651 ) ;
#10269 = ORIENTED_EDGE ( 'NONE', *, *, #8083, .T. ) ;
#10271 = DIRECTION ( 'NONE',  ( -7.755234363190355700E-014, 0.0000000000000000000, 1.000000000000000000 ) ) ;
#10270 = FILL_AREA_STYLE_COLOUR ( '', #6291 ) ;
#10272 = FILL_AREA_STYLE ('',( #7477 ) ) ;
#10273 = DIRECTION ( 'NONE',  ( -1.000000000000000000, -2.997966268482209200E-012, -3.946897469279887500E-013 ) ) ;
#10274 = ORIENTED_EDGE ( 'NONE', *, *, #9971, .T. ) ;
#10275 = VERTEX_POINT ( 'NONE', #6352 ) ;
#10276 = LINE ( 'NONE', #68, #5739 ) ;
#10277 = EDGE_LOOP ( 'NONE', ( #4300, #1801, #6240, #2840, #6210, #4290, #579, #10116, #5990 ) ) ;
#10278 = CARTESIAN_POINT ( 'NONE',  ( -38.17238325557900000, -12.07247110886392600, 5.380213289204156100 ) ) ;
#10279 = CARTESIAN_POINT ( 'NONE',  ( -41.52238325557900800, -8.536769344246049900, 10.24141837165835000 ) ) ;
#10280 = AXIS2_PLACEMENT_3D ( 'NONE', #8934, #3885, #9819 ) ;
#10281 = ADVANCED_FACE ( 'F272', ( #2890 ), #4106, .T. ) ;
#10282 = VERTEX_POINT ( 'NONE', #408 ) ;
#10283 = ORIENTED_EDGE ( 'NONE', *, *, #607, .T. ) ;
#10284 = LINE ( 'NONE', #4223, #10016 ) ;
#10285 = CONICAL_SURFACE ( 'NONE', #7922, 0.9750000000005454300, 0.7853981633973372600 ) ;
#10286 = CARTESIAN_POINT ( 'NONE',  ( -52.82238325557940300, -12.63570271269231800, 16.81874639564486500 ) ) ;
#10287 = CARTESIAN_POINT ( 'NONE',  ( -31.42238325557900000, -11.18336199907049900, 0.4417654346259010100 ) ) ;
#10288 = CARTESIAN_POINT ( 'NONE',  ( -44.94238325557899600, -11.45350809505000300, 1.147010035457300100 ) ) ;
#10289 = AXIS2_PLACEMENT_3D ( 'NONE', #6799, #9136, #8398 ) ;
#10290 = TOROIDAL_SURFACE ( 'NONE', #3461, 1.075000000000699200, 0.09999999999996646300 ) ;
#10291 = ORIENTED_EDGE ( 'NONE', *, *, #9098, .F. ) ;
#10292 = LINE ( 'NONE', #2258, #3512 ) ;
#10293 = DIRECTION ( 'NONE',  ( 0.0000000000000000000, 0.6427876096867910500, -0.7660444431187667400 ) ) ;
#10294 = ORIENTED_EDGE ( 'NONE', *, *, #10989, .F. ) ;
#10295 = PRESENTATION_STYLE_ASSIGNMENT (( #8245 ) ) ;
#10296 = VECTOR ( 'NONE', #8047, 1000.000000000000300 ) ;
#10297 = AXIS2_PLACEMENT_3D ( 'NONE', #7988, #2919, #8844 ) ;
#10298 = CARTESIAN_POINT ( 'NONE',  ( -37.32238325557896300, -17.89470394645643800, 10.52259647065319500 ) ) ;
#10299 = CARTESIAN_POINT ( 'NONE',  ( -51.32238325557899800, -5.077045227133004000, 7.952732908034976200 ) ) ;
#10300 = DIRECTION ( 'NONE',  ( 1.000000000000000000, 0.0000000000000000000, 0.0000000000000000000 ) ) ;
#10301 = VECTOR ( 'NONE', #7028, 1000.000000000000000 ) ;
#10302 = ORIENTED_EDGE ( 'NONE', *, *, #7229, .F. ) ;
#10304 = DIRECTION ( 'NONE',  ( 0.0000000000000000000, -0.4226182617407212000, -0.9063077870366397200 ) ) ;
#10303 = DIRECTION ( 'NONE',  ( 0.7071067811859114100, -0.7071067811871836200, 0.0000000000000000000 ) ) ;
#10305 = EDGE_CURVE ( 'NONE', #5147, #8350, #6333, .T. ) ;
#10306 = LINE ( 'NONE', #160, #10039 ) ;
#10307 = CYLINDRICAL_SURFACE ( 'NONE', #2090, 0.5999999999998137900 ) ;
#10308 = SURFACE_SIDE_STYLE ('',( #5231 ) ) ;
#10309 = ORIENTED_EDGE ( 'NONE', *, *, #2678, .T. ) ;
#10310 = CARTESIAN_POINT ( 'NONE',  ( -52.82238325557957400, -8.536769409501571800, 10.24141823172498900 ) ) ;
#10311 = ADVANCED_FACE ( 'F140', ( #10882 ), #8091, .T. ) ;
#10312 = VECTOR ( 'NONE', #3107, 1000.000000000000000 ) ;
#10313 = EDGE_LOOP ( 'NONE', ( #6517, #5506, #8736, #231 ) ) ;
#10314 = DIRECTION ( 'NONE',  ( 8.436923690056522200E-014, -0.7660444431190476200, -0.6427876096864563200 ) ) ;
#10315 = DIRECTION ( 'NONE',  ( 0.0000000000000000000, -0.4226182617407404100, -0.9063077870366308400 ) ) ;
#10316 = PRODUCT_RELATED_PRODUCT_CATEGORY ( 'part', '', ( #9574 ) ) ;
#10317 = LINE ( 'NONE', #10087, #3421 ) ;
#10318 = DIRECTION ( 'NONE',  ( 0.0000000000000000000, 0.9063077870366419400, -0.4226182617407167100 ) ) ;
#10319 = CYLINDRICAL_SURFACE ( 'NONE', #9346, 0.8499999999995091500 ) ;
#10320 = EDGE_CURVE ( 'NONE', #3169, #8754, #8327, .T. ) ;
#10321 = EDGE_CURVE ( 'NONE', #9406, #2215, #10617, .T. ) ;
#10322 = VERTEX_POINT ( 'NONE', #4746 ) ;
#10323 = DIRECTION ( 'NONE',  ( 3.402296365790442800E-014, -1.000000000000000000, 0.0000000000000000000 ) ) ;
#10324 = VECTOR ( 'NONE', #11102, 1000.000000000000100 ) ;
#10325 = ORIENTED_EDGE ( 'NONE', *, *, #1038, .F. ) ;
#10326 = LINE ( 'NONE', #3318, #8040 ) ;
#10327 = DIRECTION ( 'NONE',  ( 0.0000000000000000000, -0.4226182617407200900, -0.9063077870366402800 ) ) ;
#10328 = PLANE ( 'NONE',  #8918 ) ;
#10329 = ORIENTED_EDGE ( 'NONE', *, *, #7241, .F. ) ;
#10330 = CARTESIAN_POINT ( 'NONE',  ( -51.32238325557899800, -10.29217999746273500, 12.12058214781000000 ) ) ;
#10331 = B_SPLINE_CURVE_WITH_KNOTS ( 'NONE', 3,
 ( #7959, #8773, #9697, #4613 ),
 .UNSPECIFIED., .F., .F.,
 ( 4, 4 ),
 ( 0.0000000000000000000, 1.000000000000000000 ),
 .UNSPECIFIED. ) ;
#10332 = EDGE_CURVE ( 'NONE', #968, #5514, #6059, .T. ) ;
#10333 = DIRECTION ( 'NONE',  ( -1.483828250715999000E-013, -0.7660444431187658500, -0.6427876096867922700 ) ) ;
#10334 = ORIENTED_EDGE ( 'NONE', *, *, #6013, .F. ) ;
#10335 = COLOUR_RGB ( '',1.000000000000000000, 0.0000000000000000000, 0.0000000000000000000 ) ;
#10336 = FACE_OUTER_BOUND ( 'NONE', #7232, .T. ) ;
#10337 = ADVANCED_FACE ( 'F231', ( #1543 ), #3933, .T. ) ;
#10338 = EDGE_LOOP ( 'NONE', ( #6533, #10460, #2120, #6686 ) ) ;
#10339 = CARTESIAN_POINT ( 'NONE',  ( -41.42238325557913500, -5.594505487808614700, 8.569418032719896800 ) ) ;
#10340 = CARTESIAN_POINT ( 'NONE',  ( -33.92238325557900000, -10.19927232954993600, 3.955037393682137000 ) ) ;
#10341 = FACE_BOUND ( 'NONE', #5809, .T. ) ;
#10342 = CARTESIAN_POINT ( 'NONE',  ( -54.32238325557919700, -5.644295877602654200, 3.051418449571054600 ) ) ;
#10343 = FILL_AREA_STYLE_COLOUR ( '', #2324 ) ;
#10344 = SURFACE_SIDE_STYLE ('',( #1116 ) ) ;
#10345 = DIRECTION ( 'NONE',  ( 1.000000000000000000, 6.830280870130652900E-014, -7.807046758802474700E-013 ) ) ;
#10346 = ORIENTED_EDGE ( 'NONE', *, *, #2272, .T. ) ;
#10348 = AXIS2_PLACEMENT_3D ( 'NONE', #7486, #9220, #4165 ) ;
#10347 = LINE ( 'NONE', #7622, #7790 ) ;
#10349 = FACE_BOUND ( 'NONE', #3075, .T. ) ;
#10350 = ORIENTED_EDGE ( 'NONE', *, *, #6465, .T. ) ;
#10351 = VECTOR ( 'NONE', #1744, 1000.000000000000000 ) ;
#10352 = CARTESIAN_POINT ( 'NONE',  ( -43.02238325557900100, -12.76295202690819900, 1.178340361351901000 ) ) ;
#10353 =( LENGTH_UNIT ( ) NAMED_UNIT ( * ) SI_UNIT ( .MILLI., .METRE. ) );
#10354 = ORIENTED_EDGE ( 'NONE', *, *, #10114, .F. ) ;
#10355 = DIRECTION ( 'NONE',  ( -1.000000000000000000, 0.0000000000000000000, 0.0000000000000000000 ) ) ;
#10356 = CIRCLE ( 'NONE', #6341, 7.750000000024439100 ) ;
#10357 = ORIENTED_EDGE ( 'NONE', *, *, #3213, .F. ) ;
#10358 = CIRCLE ( 'NONE', #3607, 0.09999999999982245300 ) ;
#10359 = CARTESIAN_POINT ( 'NONE',  ( -32.62238325557900300, -2.479570376838568600, 5.251669303195280100 ) ) ;
#10360 = CARTESIAN_POINT ( 'NONE',  ( -53.12238325557892400, -12.66948819000929800, 8.941826220531147800 ) ) ;
#10361 = DIRECTION ( 'NONE',  ( -2.081668171172307600E-013, 1.000000000000000000, -9.150666335778269300E-013 ) ) ;
#10362 = CARTESIAN_POINT ( 'NONE',  ( -37.32238325557815300, -4.878074279688970400, -2.498438515792428900 ) ) ;
#10363 = ORIENTED_EDGE ( 'NONE', *, *, #7272, .T. ) ;
#10364 = MECHANICAL_DESIGN_GEOMETRIC_PRESENTATION_REPRESENTATION (  '', ( #6912 ), #10933 ) ;
#10365 = ORIENTED_EDGE ( 'NONE', *, *, #8956, .T. ) ;
#10366 = VERTEX_POINT ( 'NONE', #8128 ) ;
#10367 = ADVANCED_FACE ( 'F75', ( #5797, #10341, #8053 ), #10724, .T. ) ;
#10368 = LINE ( 'NONE', #10581, #3876 ) ;
#10369 = VERTEX_POINT ( 'NONE', #488 ) ;
#10370 = CARTESIAN_POINT ( 'NONE',  ( -53.12238325557899500, -5.459840671698000100, 13.88216122491100000 ) ) ;
#10371 = MECHANICAL_DESIGN_GEOMETRIC_PRESENTATION_REPRESENTATION (  '', ( #5795 ), #10941 ) ;
#10372 = ORIENTED_EDGE ( 'NONE', *, *, #3753, .T. ) ;
#10374 = FILL_AREA_STYLE ('',( #10343 ) ) ;
#10373 = DIRECTION ( 'NONE',  ( -1.000000000000000000, 0.0000000000000000000, 0.0000000000000000000 ) ) ;
#10375 = ORIENTED_EDGE ( 'NONE', *, *, #6402, .T. ) ;
#10376 = SURFACE_STYLE_USAGE ( .BOTH. , #10344 ) ;
#10377 = DIRECTION ( 'NONE',  ( -1.000000000000000000, -0.0000000000000000000, 0.0000000000000000000 ) ) ;
#10378 = DIRECTION ( 'NONE',  ( -0.9986016055963552500, 0.02234221434589854500, 0.04791303328430914600 ) ) ;
#10379 = AXIS2_PLACEMENT_3D ( 'NONE', #1552, #8351, #3277 ) ;
#10380 = CARTESIAN_POINT ( 'NONE',  ( -51.32238325557899800, -9.958846664129000100, 11.32058214908221700 ) ) ;
#10381 = ORIENTED_EDGE ( 'NONE', *, *, #10122, .F. ) ;
#10382 = ORIENTED_EDGE ( 'NONE', *, *, #3782, .T. ) ;
#10383 = EDGE_CURVE ( 'NONE', #759, #505, #10074, .T. ) ;
#10384 = CARTESIAN_POINT ( 'NONE',  ( -51.32238325557906900, -12.51387191825309700, 11.42058214781100000 ) ) ;
#10385 = EDGE_CURVE ( 'NONE', #6184, #699, #7780, .T. ) ;
#10386 = DIRECTION ( 'NONE',  ( -0.0000000000000000000, -0.4226182617407015500, -0.9063077870366489400 ) ) ;
#10387 = CARTESIAN_POINT ( 'NONE',  ( -51.32238325557899800, -7.898358000739118100, 8.748511411714321900 ) ) ;
#10388 = ORIENTED_EDGE ( 'NONE', *, *, #5988, .T. ) ;
#10389 = CARTESIAN_POINT ( 'NONE',  ( -44.82238325557901200, -11.46407355159373700, 1.124352340781277700 ) ) ;
#10390 = VERTEX_POINT ( 'NONE', #4813 ) ;
#10391 = VECTOR ( 'NONE', #5969, 1000.000000000000000 ) ;
#10392 = ORIENTED_EDGE ( 'NONE', *, *, #4767, .T. ) ;
#10393 = EDGE_CURVE ( 'NONE', #3009, #1333, #9811, .T. ) ;
#10394 = AXIS2_PLACEMENT_3D ( 'NONE', #8987, #9570, #4494 ) ;
#10395 = CARTESIAN_POINT ( 'NONE',  ( -33.92238325557900000, -13.42378805717800100, 15.37810336992200000 ) ) ;
#10396 = FILL_AREA_STYLE_COLOUR ( '', #8108 ) ;
#10397 = ORIENTED_EDGE ( 'NONE', *, *, #5554, .T. ) ;
#10398 = CARTESIAN_POINT ( 'NONE',  ( -31.42238325557900000, -18.94397146989600600, 6.819041860228299600 ) ) ;
#10399 = ORIENTED_EDGE ( 'NONE', *, *, #873, .T. ) ;
#10400 = CARTESIAN_POINT ( 'NONE',  ( -51.32238325557899800, -10.29217999746200000, 11.32058214781100400 ) ) ;
#10401 = ORIENTED_EDGE ( 'NONE', *, *, #2564, .F. ) ;
#10402 = COLOUR_RGB ( '',1.000000000000000000, 0.6588235294117647000, 0.0000000000000000000 ) ;
#10403 = EDGE_CURVE ( 'NONE', #2139, #10916, #998, .T. ) ;
#10404 = ORIENTED_EDGE ( 'NONE', *, *, #9249, .T. ) ;
#10405 = DIRECTION ( 'NONE',  ( 0.0000000000000000000, 0.9063077870366433900, -0.4226182617407136000 ) ) ;
#10406 = EDGE_CURVE ( 'NONE', #972, #5843, #5275, .T. ) ;
#10407 = SURFACE_SIDE_STYLE ('',( #10206 ) ) ;
#10408 = AXIS2_PLACEMENT_3D ( 'NONE', #9893, #4807, #10757 ) ;
#10409 = ORIENTED_EDGE ( 'NONE', *, *, #2035, .T. ) ;
#10410 = STYLED_ITEM ( 'NONE', ( #10058 ), #5540 ) ;
#10411 = ORIENTED_EDGE ( 'NONE', *, *, #10546, .T. ) ;
#10412 = FILL_AREA_STYLE ('',( #2745 ) ) ;
#10413 = CIRCLE ( 'NONE', #5444, 0.9749999999997615000 ) ;
#10414 =( LENGTH_UNIT ( ) NAMED_UNIT ( * ) SI_UNIT ( .MILLI., .METRE. ) );
#10415 = CARTESIAN_POINT ( 'NONE',  ( -47.57238325557931100, -7.672809980036666900, 6.170485738299277000 ) ) ;
#10416 = DIRECTION ( 'NONE',  ( -8.557969148149059200E-013, 0.0000000000000000000, 1.000000000000000000 ) ) ;
#10417 = CARTESIAN_POINT ( 'NONE',  ( -51.32238325557899800, -7.593312899966023500, 5.261829969770980500 ) ) ;
#10418 = EDGE_LOOP ( 'NONE', ( #10392, #535, #6077, #1882, #10487, #2933, #7854, #5243, #5448, #1511 ) ) ;
#10419 = FILL_AREA_STYLE_COLOUR ( '', #4500 ) ;
#10420 = EDGE_CURVE ( 'NONE', #9809, #5983, #5538, .T. ) ;
#10421 = ADVANCED_FACE ( 'F233', ( #2744 ), #10794, .T. ) ;
#10422 = PRESENTATION_STYLE_ASSIGNMENT (( #6408 ) ) ;
#10423 = CARTESIAN_POINT ( 'NONE',  ( -32.62238325557900300, -9.624338646519209600, 10.74856037618273800 ) ) ;
#10424 = LINE ( 'NONE', #6433, #1361 ) ;
#10425 = DIRECTION ( 'NONE',  ( -0.7071067811863573900, -0.4545194776721414600, 0.5416752204198682600 ) ) ;
#10426 = DIRECTION ( 'NONE',  ( -0.0000000000000000000, -0.4226182617407099900, -0.9063077870366450500 ) ) ;
#10427 = LINE ( 'NONE', #3992, #5880 ) ;
#10428 = ORIENTED_EDGE ( 'NONE', *, *, #7382, .T. ) ;
#10429 = ORIENTED_EDGE ( 'NONE', *, *, #1907, .F. ) ;
#10430 = DIRECTION ( 'NONE',  ( -1.092316201647335900E-013, 0.0000000000000000000, 1.000000000000000000 ) ) ;
#10431 = UNCERTAINTY_MEASURE_WITH_UNIT (LENGTH_MEASURE( 1.000000000000000100E-005 ), #6968, 'distance_accuracy_value', 'NONE');
#10432 = CARTESIAN_POINT ( 'NONE',  ( -33.92238325557900000, -12.40482143692499900, 15.90694323061700100 ) ) ;
#10433 = CYLINDRICAL_SURFACE ( 'NONE', #10083, 0.8500000000001509700 ) ;
#10434 = CARTESIAN_POINT ( 'NONE',  ( -37.84738325557826500, -16.68867454587099900, 10.18089130899195500 ) ) ;
#10435 = AXIS2_PLACEMENT_3D ( 'NONE', #10734, #3507, #10128 ) ;
#10436 =( NAMED_UNIT ( * ) SI_UNIT ( $, .STERADIAN. ) SOLID_ANGLE_UNIT ( ) );
#10437 = ORIENTED_EDGE ( 'NONE', *, *, #1626, .F. ) ;
#10438 = VECTOR ( 'NONE', #4698, 1000.000000000000000 ) ;
#10439 = CARTESIAN_POINT ( 'NONE',  ( -37.32238325557853600, -18.71502390620080900, 6.160592898480084400 ) ) ;
#10440 = LINE ( 'NONE', #2092, #3671 ) ;
#10441 = LINE ( 'NONE', #4557, #8159 ) ;
#10442 =( NAMED_UNIT ( * ) SI_UNIT ( $, .STERADIAN. ) SOLID_ANGLE_UNIT ( ) );
#10443 = DIRECTION ( 'NONE',  ( -0.0000000000000000000, 0.7071067811859267400, 0.7071067811871684100 ) ) ;
#10444 = PLANE ( 'NONE',  #8530 ) ;
#10445 = ORIENTED_EDGE ( 'NONE', *, *, #5193, .F. ) ;
#10446 = FACE_OUTER_BOUND ( 'NONE', #7430, .T. ) ;
#10447 = EDGE_CURVE ( 'NONE', #1445, #4587, #3027, .T. ) ;
#10448 = ORIENTED_EDGE ( 'NONE', *, *, #5246, .F. ) ;
#10449 = DIRECTION ( 'NONE',  ( 2.775557561567819400E-013, 0.0000000000000000000, -1.000000000000000000 ) ) ;
#10450 = VECTOR ( 'NONE', #1734, 1000.000000000000000 ) ;
#10451 = EDGE_CURVE ( 'NONE', #1580, #9484, #448, .T. ) ;
#10452 =( NAMED_UNIT ( * ) PLANE_ANGLE_UNIT ( ) SI_UNIT ( $, .RADIAN. ) );
#10453 = VECTOR ( 'NONE', #2570, 1000.000000000000000 ) ;
#10454 = FACE_OUTER_BOUND ( 'NONE', #5999, .T. ) ;
#10455 = VECTOR ( 'NONE', #7238, 1000.000000000000100 ) ;
#10456 = CARTESIAN_POINT ( 'NONE',  ( -51.32238325557899800, -7.619811927501167800, 5.564715225873134100 ) ) ;
#10457 = B_SPLINE_CURVE_WITH_KNOTS ( 'NONE', 3,
 ( #5403, #257, #1148, #7084 ),
 .UNSPECIFIED., .F., .F.,
 ( 4, 4 ),
 ( 0.0000000000000000000, 1.000000000000000000 ),
 .UNSPECIFIED. ) ;
#10458 = ADVANCED_FACE ( 'F184', ( #4763 ), #10827, .T. ) ;
#10459 = CARTESIAN_POINT ( 'NONE',  ( -42.42238325557900700, -8.447239960716887100, 3.689740242241168500 ) ) ;
#10460 = ORIENTED_EDGE ( 'NONE', *, *, #354, .T. ) ;
#10461 = CIRCLE ( 'NONE', #2648, 1.099999999999667000 ) ;
#10462 = SURFACE_STYLE_USAGE ( .BOTH. , #4520 ) ;
#10463 = FACE_OUTER_BOUND ( 'NONE', #3402, .T. ) ;
#10464 = ORIENTED_EDGE ( 'NONE', *, *, #3046, .F. ) ;
#10465 = ORIENTED_EDGE ( 'NONE', *, *, #4622, .T. ) ;
#10466 = LINE ( 'NONE', #1616, #3696 ) ;
#10467 = DIRECTION ( 'NONE',  ( -0.0000000000000000000, 0.4226182617406880100, 0.9063077870366552700 ) ) ;
#10468 = EDGE_CURVE ( 'NONE', #8781, #2400, #5021, .T. ) ;
#10469 = EDGE_CURVE ( 'NONE', #6783, #7309, #2472, .T. ) ;
#10470 = CARTESIAN_POINT ( 'NONE',  ( -43.92238325557900000, -2.340412475986811500, -3.681769648666195000 ) ) ;
#10471 = DIRECTION ( 'NONE',  ( 1.129040364025541300E-013, -1.000000000000000000, 9.702690628344495500E-015 ) ) ;
#10472 = PLANE ( 'NONE',  #2988 ) ;
#10473 = ADVANCED_FACE ( 'F155', ( #4490 ), #10997, .T. ) ;
#10474 = ORIENTED_EDGE ( 'NONE', *, *, #9740, .T. ) ;
#10475 = CIRCLE ( 'NONE', #8194, 0.3499999999996048500 ) ;
#10476 = SURFACE_STYLE_USAGE ( .BOTH. , #4530 ) ;
#10477 = VECTOR ( 'NONE', #11023, 1000.000000000000000 ) ;
#10478 = VERTEX_POINT ( 'NONE', #6613 ) ;
#10479 = EDGE_CURVE ( 'NONE', #499, #5573, #9533, .T. ) ;
#10480 = AXIS2_PLACEMENT_3D ( 'NONE', #2638, #56, #6043 ) ;
#10481 =( LENGTH_UNIT ( ) NAMED_UNIT ( * ) SI_UNIT ( .MILLI., .METRE. ) );
#10482 = AXIS2_PLACEMENT_3D ( 'NONE', #2246, #9042, #3988 ) ;
#10483 = ADVANCED_FACE ( 'F117', ( #170 ), #2370, .T. ) ;
#10484 = CARTESIAN_POINT ( 'NONE',  ( -38.36940388299727500, -16.55822577159506500, 10.12006204655005300 ) ) ;
#10485 = B_SPLINE_CURVE_WITH_KNOTS ( 'NONE', 3,
 ( #6947, #6872, #6813, #6801, #6784, #6763 ),
 .UNSPECIFIED., .F., .F.,
 ( 4, 2, 4 ),
 ( 0.0000000000000000000, 0.2500000000000000000, 0.5000000000000000000 ),
 .UNSPECIFIED. ) ;
#10486 = CARTESIAN_POINT ( 'NONE',  ( -31.42238325557900000, -3.963923392869550500, -0.1662692776192414800 ) ) ;
#10487 = ORIENTED_EDGE ( 'NONE', *, *, #215, .F. ) ;
#10488 = DIRECTION ( 'NONE',  ( -2.081668171172307600E-013, 1.000000000000000000, 0.0000000000000000000 ) ) ;
#10489 = ORIENTED_EDGE ( 'NONE', *, *, #3151, .T. ) ;
#10490 = SURFACE_STYLE_FILL_AREA ( #1746 ) ;
#10491 = LINE ( 'NONE', #9551, #3718 ) ;
#10492 = ORIENTED_EDGE ( 'NONE', *, *, #9320, .T. ) ;
#10493 =( NAMED_UNIT ( * ) PLANE_ANGLE_UNIT ( ) SI_UNIT ( $, .RADIAN. ) );
#10494 = FACE_OUTER_BOUND ( 'NONE', #7614, .T. ) ;
#10495 = DIRECTION ( 'NONE',  ( 1.000000000000000000, -0.0000000000000000000, -0.0000000000000000000 ) ) ;
#10496 =( NAMED_UNIT ( * ) PLANE_ANGLE_UNIT ( ) SI_UNIT ( $, .RADIAN. ) );
#10497 = CARTESIAN_POINT ( 'NONE',  ( -51.32238325557899800, -13.45884666412899800, 12.12058214653878400 ) ) ;
#10498 = SURFACE_STYLE_USAGE ( .BOTH. , #10506 ) ;
#10499 = VERTEX_POINT ( 'NONE', #3236 ) ;
#10500 =( GEOMETRIC_REPRESENTATION_CONTEXT ( 3 ) GLOBAL_UNCERTAINTY_ASSIGNED_CONTEXT ( ( #528 ) ) GLOBAL_UNIT_ASSIGNED_CONTEXT ( ( #168, #6148, #1052 ) ) REPRESENTATION_CONTEXT ( 'NONE', 'WORKASPACE' ) );
#10501 = CARTESIAN_POINT ( 'NONE',  ( -51.62238325557900300, -10.83723285848802400, 6.017918919930611600 ) ) ;
#10502 = VECTOR ( 'NONE', #4650, 1000.000000000000100 ) ;
#10503 = ORIENTED_EDGE ( 'NONE', *, *, #6659, .T. ) ;
#10504 = CARTESIAN_POINT ( 'NONE',  ( -37.32238325557829500, -2.286605877928087300, 3.354758603959588500 ) ) ;
#10505 = FACE_OUTER_BOUND ( 'NONE', #5080, .T. ) ;
#10506 = SURFACE_SIDE_STYLE ('',( #6688 ) ) ;
#10507 = ORIENTED_EDGE ( 'NONE', *, *, #9022, .F. ) ;
#10508 = DIRECTION ( 'NONE',  ( 1.000000000000000000, -0.0000000000000000000, -0.0000000000000000000 ) ) ;
#10509 = ORIENTED_EDGE ( 'NONE', *, *, #5465, .F. ) ;
#10510 = AXIS2_PLACEMENT_3D ( 'NONE', #2380, #3062, #2995 ) ;
#10511 = VERTEX_POINT ( 'NONE', #10905 ) ;
#10512 = DIRECTION ( 'NONE',  ( 1.000000000000000000, 1.124744024573817900E-013, 9.840235151880140300E-015 ) ) ;
#10513 = FILL_AREA_STYLE_COLOUR ( '', #2255 ) ;
#10514 = CARTESIAN_POINT ( 'NONE',  ( -53.12238325557885300, -10.69542013671386200, 6.558657441510138000 ) ) ;
#10515 = AXIS2_PLACEMENT_3D ( 'NONE', #6767, #5109, #11062 ) ;
#10516 = VERTEX_POINT ( 'NONE', #8313 ) ;
#10517 = FILL_AREA_STYLE ('',( #10553 ) ) ;
#10518 = EDGE_CURVE ( 'NONE', #2986, #1534, #1940, .T. ) ;
#10519 = ADVANCED_FACE ( 'F43', ( #6723 ), #6646, .T. ) ;
#10520 = CARTESIAN_POINT ( 'NONE',  ( -44.82238325557944600, -8.536769409501372900, 10.24141823171911100 ) ) ;
#10521 = DIRECTION ( 'NONE',  ( 1.000000000000000000, 0.0000000000000000000, 0.0000000000000000000 ) ) ;
#10522 = EDGE_CURVE ( 'NONE', #3132, #1557, #4231, .T. ) ;
#10523 = VERTEX_POINT ( 'NONE', #4994 ) ;
#10524 = VECTOR ( 'NONE', #5609, 1000.000000000000000 ) ;
#10525 = DIRECTION ( 'NONE',  ( -0.0000000000000000000, -0.9063077870366380600, 0.4226182617407252000 ) ) ;
#10526 = VERTEX_POINT ( 'NONE', #10082 ) ;
#10527 =( GEOMETRIC_REPRESENTATION_CONTEXT ( 3 ) GLOBAL_UNCERTAINTY_ASSIGNED_CONTEXT ( ( #6514 ) ) GLOBAL_UNIT_ASSIGNED_CONTEXT ( ( #7305, #7280, #7266 ) ) REPRESENTATION_CONTEXT ( 'NONE', 'WORKASPACE' ) );
#10529 = FILL_AREA_STYLE_COLOUR ( '', #5248 ) ;
#10528 = DIRECTION ( 'NONE',  ( 0.0000000000000000000, -0.6427876096865984300, 0.7660444431189286100 ) ) ;
#10530 = CARTESIAN_POINT ( 'NONE',  ( -32.02238325557899400, -5.990717621490003500, -1.276052448034898700 ) ) ;
#10531 = AXIS2_PLACEMENT_3D ( 'NONE', #5638, #509, #6491 ) ;
#10532 = ADVANCED_FACE ( 'F183', ( #6193 ), #1671, .F. ) ;
#10533 = ORIENTED_EDGE ( 'NONE', *, *, #8237, .T. ) ;
#10534 = ORIENTED_EDGE ( 'NONE', *, *, #465, .F. ) ;
#10535 = CARTESIAN_POINT ( 'NONE',  ( -28.73738325557900100, -20.77854732079300600, 7.674518628967899900 ) ) ;
#10536 = VERTEX_POINT ( 'NONE', #9247 ) ;
#10537 = VERTEX_POINT ( 'NONE', #4183 ) ;
#10538 = LINE ( 'NONE', #7041, #9735 ) ;
#10539 = VERTEX_POINT ( 'NONE', #9206 ) ;
#10540 = EDGE_CURVE ( 'NONE', #8559, #5573, #2662, .T. ) ;
#10541 = CARTESIAN_POINT ( 'NONE',  ( -37.32238325557903400, -17.78752259943334100, 10.69329257151690400 ) ) ;
#10542 = EDGE_CURVE ( 'NONE', #3575, #6542, #6461, .T. ) ;
#10543 = ORIENTED_EDGE ( 'NONE', *, *, #7940, .T. ) ;
#10544 = FILL_AREA_STYLE ('',( #2834 ) ) ;
#10545 = ORIENTED_EDGE ( 'NONE', *, *, #881, .T. ) ;
#10546 = EDGE_CURVE ( 'NONE', #8688, #6, #8449, .T. ) ;
#10547 = VECTOR ( 'NONE', #6078, 1000.000000000000200 ) ;
#10548 = VERTEX_POINT ( 'NONE', #8416 ) ;
#10549 = CARTESIAN_POINT ( 'NONE',  ( -42.62238325557900300, -4.042145142715500400, 7.652821310570601600 ) ) ;
#10550 = CARTESIAN_POINT ( 'NONE',  ( -37.32238325557877100, -2.306210009426133300, 3.253562368713053900 ) ) ;
#10551 = CARTESIAN_POINT ( 'NONE',  ( -41.22238325557899700, -6.687244424274471300, 9.871693586020439800 ) ) ;
#10552 = DIRECTION ( 'NONE',  ( -1.000000000000000000, -0.0000000000000000000, -0.0000000000000000000 ) ) ;
#10553 = FILL_AREA_STYLE_COLOUR ( '', #131 ) ;
#10554 = ORIENTED_EDGE ( 'NONE', *, *, #8509, .F. ) ;
#10555 = PRESENTATION_STYLE_ASSIGNMENT (( #10476 ) ) ;
#10556 = LINE ( 'NONE', #4399, #1493 ) ;
#10557 = FACE_OUTER_BOUND ( 'NONE', #8729, .T. ) ;
#10558 = CARTESIAN_POINT ( 'NONE',  ( -32.62238325557900300, -16.45263133635100100, 11.67415310485500000 ) ) ;
#10559 = DIRECTION ( 'NONE',  ( 0.0000000000000000000, -0.9063077870366533800, 0.4226182617406920000 ) ) ;
#10560 = EDGE_CURVE ( 'NONE', #6655, #6921, #10466, .T. ) ;
#10561 = CARTESIAN_POINT ( 'NONE',  ( -51.32238325557899800, -3.933396061647975300, 7.678791583224334100 ) ) ;
#10562 = AXIS2_PLACEMENT_3D ( 'NONE', #6286, #7131, #2059 ) ;
#10563 = DIRECTION ( 'NONE',  ( 7.836868409123277900E-013, 0.0000000000000000000, -1.000000000000000000 ) ) ;
#10564 = LINE ( 'NONE', #880, #4057 ) ;
#10565 = VERTEX_POINT ( 'NONE', #3345 ) ;
#10567 = CARTESIAN_POINT ( 'NONE',  ( -51.32238325557911900, -10.78741458374643800, 6.681060082478366800 ) ) ;
#10566 = CARTESIAN_POINT ( 'NONE',  ( -51.32238325557899100, -12.45884666412917400, 12.12058214781109600 ) ) ;
#10568 = VECTOR ( 'NONE', #8119, 1000.000000000000200 ) ;
#10569 = LINE ( 'NONE', #7976, #5763 ) ;
#10570 = CARTESIAN_POINT ( 'NONE',  ( -37.32238325557876400, -3.218624922818116300, 3.899704014035044100 ) ) ;
#10571 = CARTESIAN_POINT ( 'NONE',  ( -52.82238325557894900, -5.072350101094013300, 2.479472673062532700 ) ) ;
#10572 = PLANE ( 'NONE',  #1085 ) ;
#10573 = ADVANCED_FACE ( 'F96', ( #10201 ), #5059, .T. ) ;
#10574 = CARTESIAN_POINT ( 'NONE',  ( -51.32238325557906900, -12.51387191825309800, 12.02058214781100000 ) ) ;
#10575 = CIRCLE ( 'NONE', #6140, 1.199999999999809700 ) ;
#10576 = ORIENTED_EDGE ( 'NONE', *, *, #6084, .F. ) ;
#10577 = DIRECTION ( 'NONE',  ( -1.000000000000000000, 5.445940841009985800E-013, -8.548414791989714100E-013 ) ) ;
#10578 = VECTOR ( 'NONE', #4502, 999.9999999999998900 ) ;
#10579 = CARTESIAN_POINT ( 'NONE',  ( -33.92238325557900000, -12.76295202690819900, 1.178340361351901000 ) ) ;
#10580 = VECTOR ( 'NONE', #6628, 1000.000000000000000 ) ;
#10581 = CARTESIAN_POINT ( 'NONE',  ( -47.37611206065500400, -9.141813423022650700, 8.234036682561001200 ) ) ;
#10582 = UNCERTAINTY_MEASURE_WITH_UNIT (LENGTH_MEASURE( 1.000000000000000100E-005 ), #1930, 'distance_accuracy_value', 'NONE');
#10583 = ORIENTED_EDGE ( 'NONE', *, *, #6553, .F. ) ;
#10584 = FILL_AREA_STYLE ('',( #6327 ) ) ;
#10585 = LINE ( 'NONE', #7312, #3816 ) ;
#10586 = ORIENTED_EDGE ( 'NONE', *, *, #7014, .F. ) ;
#10587 = DIRECTION ( 'NONE',  ( -1.000000000000000000, -0.0000000000000000000, -0.0000000000000000000 ) ) ;
#10588 = LINE ( 'NONE', #8572, #8299 ) ;
#10589 = CARTESIAN_POINT ( 'NONE',  ( -47.37611206065500400, -6.082990546222350600, 10.08500615212925100 ) ) ;
#10590 = VECTOR ( 'NONE', #413, 1000.000000000000100 ) ;
#10591 = AXIS2_PLACEMENT_3D ( 'NONE', #5295, #5260, #5222 ) ;
#10592 = CARTESIAN_POINT ( 'NONE',  ( -54.32238325557899100, -10.34694469202660700, 2.810182436344086400 ) ) ;
#10593 = CARTESIAN_POINT ( 'NONE',  ( -32.62238325557900300, -8.536769377982803800, 10.24141829931011700 ) ) ;
#10594 = CARTESIAN_POINT ( 'NONE',  ( -49.57238325557899800, -16.24038559931300100, 13.83367345651500100 ) ) ;
#10595 = PLANE ( 'NONE',  #1375 ) ;
#10596 = ORIENTED_EDGE ( 'NONE', *, *, #2911, .F. ) ;
#10597 = LINE ( 'NONE', #5989, #5783 ) ;
#10598 = ORIENTED_EDGE ( 'NONE', *, *, #2540, .F. ) ;
#10599 = FACE_OUTER_BOUND ( 'NONE', #10974, .T. ) ;
#10600 = ORIENTED_EDGE ( 'NONE', *, *, #1753, .T. ) ;
#10601 = MECHANICAL_DESIGN_GEOMETRIC_PRESENTATION_REPRESENTATION (  '', ( #8853 ), #59 ) ;
#10602 = CARTESIAN_POINT ( 'NONE',  ( -51.32238325557899800, -6.367463175947301000, 9.335020751796401200 ) ) ;
#10603 = EDGE_LOOP ( 'NONE', ( #6331, #10803, #8181, #4255 ) ) ;
#10604 = DIRECTION ( 'NONE',  ( -1.000000000000000000, 0.0000000000000000000, 0.0000000000000000000 ) ) ;
#10606 =( NAMED_UNIT ( * ) PLANE_ANGLE_UNIT ( ) SI_UNIT ( $, .RADIAN. ) );
#10605 = DIRECTION ( 'NONE',  ( 0.0000000000000000000, -0.6427876096865272600, 0.7660444431189882300 ) ) ;
#10607 = EDGE_CURVE ( 'NONE', #2960, #10193, #5920, .T. ) ;
#10608 = DIRECTION ( 'NONE',  ( 1.000000000000000000, 0.0000000000000000000, 0.0000000000000000000 ) ) ;
#10609 = EDGE_CURVE ( 'NONE', #2487, #10139, #9453, .T. ) ;
#10610 = PLANE ( 'NONE',  #5092 ) ;
#10611 = VERTEX_POINT ( 'NONE', #9319 ) ;
#10612 = ORIENTED_EDGE ( 'NONE', *, *, #6465, .F. ) ;
#10613 = LINE ( 'NONE', #3775, #3555 ) ;
#10614 = FACE_OUTER_BOUND ( 'NONE', #5439, .T. ) ;
#10615 = ORIENTED_EDGE ( 'NONE', *, *, #10841, .T. ) ;
#10616 = CARTESIAN_POINT ( 'NONE',  ( -51.62238325557900300, -9.780687204136295800, 8.283688387522197200 ) ) ;
#10617 = LINE ( 'NONE', #9756, #3840 ) ;
#10618 = DIRECTION ( 'NONE',  ( 0.0000000000000000000, 0.9063077870366259600, -0.4226182617407508400 ) ) ;
#10619 = DIRECTION ( 'NONE',  ( -1.000000000000000000, -0.0000000000000000000, -0.0000000000000000000 ) ) ;
#10620 = EDGE_CURVE ( 'NONE', #4204, #7836, #5668, .T. ) ;
#10621 = CARTESIAN_POINT ( 'NONE',  ( -54.32238325557964500, -7.936021882540660300, 18.72016238453079500 ) ) ;
#10622 = DIRECTION ( 'NONE',  ( 0.0000000000000000000, -0.4226182617407864300, -0.9063077870366094100 ) ) ;
#10623 = CARTESIAN_POINT ( 'NONE',  ( -36.81344626328320400, -20.25100795999425400, 0.8082554712752219000 ) ) ;
#10624 = VECTOR ( 'NONE', #5030, 1000.000000000000000 ) ;
#10625 = DIRECTION ( 'NONE',  ( 0.0000000000000000000, -0.9063077870366443900, 0.4226182617407111500 ) ) ;
#10626 = VECTOR ( 'NONE', #5736, 1000.000000000000200 ) ;
#10627 = VERTEX_POINT ( 'NONE', #1696 ) ;
#10628 = CARTESIAN_POINT ( 'NONE',  ( -32.02238325557899400, -18.79826480611800900, 6.751097727064496300 ) ) ;
#10629 = FACE_OUTER_BOUND ( 'NONE', #1978, .T. ) ;
#10630 = EDGE_CURVE ( 'NONE', #2417, #1303, #1129, .T. ) ;
#10631 = CARTESIAN_POINT ( 'NONE',  ( -47.37238325557900300, -10.47373017055000100, 2.538290100233699900 ) ) ;
#10632 = EDGE_LOOP ( 'NONE', ( #9873, #2196, #7540, #2747 ) ) ;
#10633 = CARTESIAN_POINT ( 'NONE',  ( -39.82238325557899800, -6.356175280339101600, 10.41057504045500100 ) ) ;
#10634 = EDGE_CURVE ( 'NONE', #3484, #10656, #3419, .T. ) ;
#10636 =( GEOMETRIC_REPRESENTATION_CONTEXT ( 3 ) GLOBAL_UNCERTAINTY_ASSIGNED_CONTEXT ( ( #8264 ) ) GLOBAL_UNIT_ASSIGNED_CONTEXT ( ( #7703, #2637, #8566 ) ) REPRESENTATION_CONTEXT ( 'NONE', 'WORKASPACE' ) );
#10635 = LINE ( 'NONE', #9071, #3860 ) ;
#10637 = UNCERTAINTY_MEASURE_WITH_UNIT (LENGTH_MEASURE( 1.000000000000000100E-005 ), #5527, 'distance_accuracy_value', 'NONE');
#10638 = ADVANCED_FACE ( 'F265', ( #3153 ), #5128, .T. ) ;
#10639 = ORIENTED_EDGE ( 'NONE', *, *, #8887, .T. ) ;
#10640 = PRESENTATION_LAYER_ASSIGNMENT (  '', '', ( #9474 ) ) ;
#10641 = LINE ( 'NONE', #1708, #6079 ) ;
#10642 = DIRECTION ( 'NONE',  ( 0.0000000000000000000, 0.9063077870366502700, -0.4226182617406987200 ) ) ;
#10643 = CARTESIAN_POINT ( 'NONE',  ( -30.12238325557900300, -7.725553930067737200, -0.6189479888989988200 ) ) ;
#10644 = VERTEX_POINT ( 'NONE', #10222 ) ;
#10645 = SURFACE_STYLE_USAGE ( .BOTH. , #4691 ) ;
#10646 = FILL_AREA_STYLE_COLOUR ( '', #10335 ) ;
#10647 = ORIENTED_EDGE ( 'NONE', *, *, #1400, .T. ) ;
#10648 = DIRECTION ( 'NONE',  ( 0.0000000000000000000, -0.6427876096865443600, 0.7660444431189737900 ) ) ;
#10649 = ORIENTED_EDGE ( 'NONE', *, *, #1762, .T. ) ;
#10650 = EDGE_CURVE ( 'NONE', #8838, #9989, #7913, .T. ) ;
#10651 =( NAMED_UNIT ( * ) SI_UNIT ( $, .STERADIAN. ) SOLID_ANGLE_UNIT ( ) );
#10652 = DIRECTION ( 'NONE',  ( 0.0000000000000000000, -0.7071068313663999600, 0.7071067310066916400 ) ) ;
#10653 = AXIS2_PLACEMENT_3D ( 'NONE', #5956, #1718, #2581 ) ;
#10654 = ORIENTED_EDGE ( 'NONE', *, *, #5326, .F. ) ;
#10655 = DIRECTION ( 'NONE',  ( -9.246967768031133200E-014, 0.4226182617409443600, 0.9063077870365358100 ) ) ;
#10656 = VERTEX_POINT ( 'NONE', #7665 ) ;
#10657 = DIRECTION ( 'NONE',  ( 0.0000000000000000000, -0.9063077870365828800, 0.4226182617408434900 ) ) ;
#10658 = ORIENTED_EDGE ( 'NONE', *, *, #3591, .T. ) ;
#10659 = ORIENTED_EDGE ( 'NONE', *, *, #2387, .T. ) ;
#10660 = DIRECTION ( 'NONE',  ( -0.0000000000000000000, 0.4226182617407244800, 0.9063077870366382800 ) ) ;
#10661 = ORIENTED_EDGE ( 'NONE', *, *, #5689, .F. ) ;
#10662 = MECHANICAL_DESIGN_GEOMETRIC_PRESENTATION_REPRESENTATION (  '', ( #9506 ), #116 ) ;
#10663 = DIRECTION ( 'NONE',  ( 0.9659258262891027300, -0.2345697160097082200, 0.1093816549465173300 ) ) ;
#10664 =( NAMED_UNIT ( * ) SI_UNIT ( $, .STERADIAN. ) SOLID_ANGLE_UNIT ( ) );
#10665 = ORIENTED_EDGE ( 'NONE', *, *, #1755, .T. ) ;
#10666 = CARTESIAN_POINT ( 'NONE',  ( -42.12238325557900300, -6.457431091337500800, 10.06452986892505100 ) ) ;
#10667 = EDGE_LOOP ( 'NONE', ( #8574, #10793 ) ) ;
#10668 = CARTESIAN_POINT ( 'NONE',  ( -30.82238325557848700, -15.90884666412849300, 11.42058214781089200 ) ) ;
#10669 = LINE ( 'NONE', #1644, #10391 ) ;
#10670 = DIRECTION ( 'NONE',  ( -7.755234363190354400E-014, 3.102093745276141400E-014, 1.000000000000000000 ) ) ;
#10671 = CARTESIAN_POINT ( 'NONE',  ( -30.82238325557900200, -12.54966034153250100, 1.575391854237800000 ) ) ;
#10672 = ORIENTED_EDGE ( 'NONE', *, *, #5478, .F. ) ;
#10673 = EDGE_CURVE ( 'NONE', #9112, #5547, #5402, .T. ) ;
#10674 = EDGE_CURVE ( 'NONE', #1847, #6224, #7445, .T. ) ;
#10675 = CARTESIAN_POINT ( 'NONE',  ( -52.82238325557912600, -8.536769409500573500, 10.24141823171795100 ) ) ;
#10676 = DIRECTION ( 'NONE',  ( 0.0000000000000000000, 0.9063077870366363900, -0.4226182617407285800 ) ) ;
#10677 = ORIENTED_EDGE ( 'NONE', *, *, #4196, .F. ) ;
#10678 = PLANE ( 'NONE',  #6943 ) ;
#10679 = ORIENTED_EDGE ( 'NONE', *, *, #1675, .T. ) ;
#10680 = ORIENTED_EDGE ( 'NONE', *, *, #9389, .F. ) ;
#10681 = CARTESIAN_POINT ( 'NONE',  ( -47.37238325557901000, -14.28938356561100600, 4.648571874904490600 ) ) ;
#10682 = VERTEX_POINT ( 'NONE', #2630 ) ;
#10683 = DIRECTION ( 'NONE',  ( 1.000000000000000000, 1.332845870708847300E-012, -1.611365362129568300E-012 ) ) ;
#10684 = ORIENTED_EDGE ( 'NONE', *, *, #130, .T. ) ;
#10685 = ADVANCED_FACE ( 'F200', ( #5140 ), #6859, .T. ) ;
#10686 = ORIENTED_EDGE ( 'NONE', *, *, #9495, .T. ) ;
#10687 = EDGE_CURVE ( 'NONE', #7040, #3076, #2876, .T. ) ;
#10688 = LINE ( 'NONE', #2613, #8395 ) ;
#10689 = SURFACE_SIDE_STYLE ('',( #3672 ) ) ;
#10690 = EDGE_CURVE ( 'NONE', #1175, #6574, #575, .T. ) ;
#10691 = CARTESIAN_POINT ( 'NONE',  ( -31.42238325557900000, -15.48187538801800800, 2.446195146573987100 ) ) ;
#10692 = CARTESIAN_POINT ( 'NONE',  ( -51.34612694228700700, -12.53761560400649900, 11.42058214781100000 ) ) ;
#10693 = CARTESIAN_POINT ( 'NONE',  ( -41.22238325557899700, -6.044456814589112900, 9.105649142902887400 ) ) ;
#10694 = CARTESIAN_POINT ( 'NONE',  ( -37.32238325557828800, -17.74074303513769700, 5.706278267109341900 ) ) ;
#10695 = EDGE_CURVE ( 'NONE', #8067, #3427, #9385, .T. ) ;
#10696 = VERTEX_POINT ( 'NONE', #3498 ) ;
#10697 = ORIENTED_EDGE ( 'NONE', *, *, #1117, .F. ) ;
#10698 = STYLED_ITEM ( 'NONE', ( #5675 ), #4517 ) ;
#10699 = DIRECTION ( 'NONE',  ( 0.0000000000000000000, 0.9063077870366456100, -0.4226182617407086600 ) ) ;
#10700 = LINE ( 'NONE', #6715, #8403 ) ;
#10701 = CARTESIAN_POINT ( 'NONE',  ( -30.12238325557899900, -6.880317406586296900, 1.193667585174307300 ) ) ;
#10702 = LINE ( 'NONE', #10694, #3931 ) ;
#10703 = DIRECTION ( 'NONE',  ( 0.0000000000000000000, 0.4226182617406949400, 0.9063077870366521600 ) ) ;
#10704 = DIRECTION ( 'NONE',  ( 0.0000000000000000000, -0.9063077870366473800, 0.4226182617407049400 ) ) ;
#10705 = LINE ( 'NONE', #506, #6149 ) ;
#10706 = VERTEX_POINT ( 'NONE', #2670 ) ;
#10707 = PLANE ( 'NONE',  #4251 ) ;
#10708 = VECTOR ( 'NONE', #10102, 1000.000000000000100 ) ;
#10709 = DIRECTION ( 'NONE',  ( -0.0000000000000000000, -0.9063077870366667000, 0.4226182617406634700 ) ) ;
#10710 = CARTESIAN_POINT ( 'NONE',  ( -40.40687423694200200, -10.62160807928600000, 10.37576731140800000 ) ) ;
#10711 = AXIS2_PLACEMENT_3D ( 'NONE', #708, #8386, #3313 ) ;
#10712 = DIRECTION ( 'NONE',  ( -0.9659258262890533200, -0.2345697160098534100, 0.1093816549466418200 ) ) ;
#10714 = DIRECTION ( 'NONE',  ( -0.9659258262887863200, -0.2345697160108596600, 0.1093816549468428400 ) ) ;
#10713 = CARTESIAN_POINT ( 'NONE',  ( -30.82238325557900200, -12.02056399136204900, 3.480257116228000000 ) ) ;
#10715 = ORIENTED_EDGE ( 'NONE', *, *, #3486, .F. ) ;
#10716 = FACE_OUTER_BOUND ( 'NONE', #11080, .T. ) ;
#10717 = ORIENTED_EDGE ( 'NONE', *, *, #6082, .F. ) ;
#10718 = CARTESIAN_POINT ( 'NONE',  ( -32.02238325557899400, -13.86457249797500100, -1.893952837573400000 ) ) ;
#10719 = VECTOR ( 'NONE', #2944, 1000.000000000000100 ) ;
#10720 = DIRECTION ( 'NONE',  ( -1.000000000000000000, -0.0000000000000000000, -0.0000000000000000000 ) ) ;
#10721 = LINE ( 'NONE', #3265, #6167 ) ;
#10722 = FACE_OUTER_BOUND ( 'NONE', #6889, .T. ) ;
#10723 = DIRECTION ( 'NONE',  ( 0.9986016055963543600, 0.03398172737581792900, -0.04049784568268586400 ) ) ;
#10724 = PLANE ( 'NONE',  #4690 ) ;
#10725 = AXIS2_PLACEMENT_3D ( 'NONE', #5065, #5423, #5607 ) ;
#10726 = CARTESIAN_POINT ( 'NONE',  ( -40.40687423694200200, -11.11803839845500300, 5.652349654472300400 ) ) ;
#10727 = ORIENTED_EDGE ( 'NONE', *, *, #215, .T. ) ;
#10728 = VECTOR ( 'NONE', #9651, 1000.000000000000100 ) ;
#10729 = ORIENTED_EDGE ( 'NONE', *, *, #7738, .T. ) ;
#10730 = DIRECTION ( 'NONE',  ( 0.0000000000000000000, -0.4226182617407120400, -0.9063077870366441600 ) ) ;
#10731 = DIRECTION ( 'NONE',  ( 0.7071067811864476500, -0.2988362387301384300, -0.6408563820558901300 ) ) ;
#10732 = CARTESIAN_POINT ( 'NONE',  ( -37.32238325557843000, -16.85550355454238100, 10.14834716144202500 ) ) ;
#10733 = FACE_OUTER_BOUND ( 'NONE', #2667, .T. ) ;
#10734 = CARTESIAN_POINT ( 'NONE',  ( -37.32238325557829500, -4.235167620058101400, 4.263387866702791100 ) ) ;
#10735 = ADVANCED_FACE ( 'F188', ( #9119 ), #4403, .T. ) ;
#10736 = FILL_AREA_STYLE_COLOUR ( '', #4665 ) ;
#10737 = ORIENTED_EDGE ( 'NONE', *, *, #1481, .T. ) ;
#10738 = LINE ( 'NONE', #1468, #1663 ) ;
#10739 = DIRECTION ( 'NONE',  ( 1.129040364025541300E-013, -1.000000000000000000, 0.0000000000000000000 ) ) ;
#10740 = VECTOR ( 'NONE', #455, 1000.000000000000100 ) ;
#10741 = ORIENTED_EDGE ( 'NONE', *, *, #507, .T. ) ;
#10742 = EDGE_LOOP ( 'NONE', ( #49, #230, #10448, #7022, #456, #9268, #7184, #3397 ) ) ;
#10743 = DIRECTION ( 'NONE',  ( 0.0000000000000000000, -0.9063077870366521600, 0.4226182617406949400 ) ) ;
#10744 = VECTOR ( 'NONE', #10041, 1000.000000000000000 ) ;
#10745 = CARTESIAN_POINT ( 'NONE',  ( -35.97238325557899700, -3.459005510522997100, -0.4017163528968518100 ) ) ;
#10746 = ADVANCED_FACE ( 'F40', ( #302 ), #2338, .F. ) ;
#10747 = CARTESIAN_POINT ( 'NONE',  ( -38.67238325557900000, -3.977866381746850300, 7.576216866258700800 ) ) ;
#10748 = AXIS2_PLACEMENT_3D ( 'NONE', #9623, #4538, #10488 ) ;
#10749 = ORIENTED_EDGE ( 'NONE', *, *, #9040, .F. ) ;
#10751 = B_SPLINE_CURVE_WITH_KNOTS ( 'NONE', 3,
 ( #2085, #1219, #2953, #8876, #3827, #9762, #4676, #10623, #5508, #373 ),
 .UNSPECIFIED., .F., .F.,
 ( 4, 2, 2, 2, 4 ),
 ( 0.2500000000000000000, 0.3750000000000000000, 0.5000000000000000000, 0.6250000000000000000, 0.7500000000000000000 ),
 .UNSPECIFIED. ) ;
#10750 = CARTESIAN_POINT ( 'NONE',  ( -35.07238325557899800, -6.227617758401801300, 10.25736615183100000 ) ) ;
#10752 = CARTESIAN_POINT ( 'NONE',  ( -51.32238325557879200, -7.803543594157863700, 7.664777785436866600 ) ) ;
#10753 = LINE ( 'NONE', #10263, #6198 ) ;
#10754 = LINE ( 'NONE', #7644, #8456 ) ;
#10755 = ORIENTED_EDGE ( 'NONE', *, *, #2822, .T. ) ;
#10756 = CARTESIAN_POINT ( 'NONE',  ( -51.32238325557889900, -6.865716987065057200, 7.674495806580011100 ) ) ;
#10757 = DIRECTION ( 'NONE',  ( -8.673617379881558400E-015, 0.0000000000000000000, 1.000000000000000000 ) ) ;
#10758 = EDGE_CURVE ( 'NONE', #1639, #3427, #9668, .T. ) ;
#10759 = EDGE_CURVE ( 'NONE', #10282, #3076, #4627, .T. ) ;
#10760 = ORIENTED_EDGE ( 'NONE', *, *, #5807, .T. ) ;
#10761 =( NAMED_UNIT ( * ) PLANE_ANGLE_UNIT ( ) SI_UNIT ( $, .RADIAN. ) );
#10762 = VECTOR ( 'NONE', #3091, 1000.000000000000200 ) ;
#10763 = VERTEX_POINT ( 'NONE', #10370 ) ;
#10764 = DIRECTION ( 'NONE',  ( -0.0000000000000000000, -0.4226182617406948900, -0.9063077870366520500 ) ) ;
#10765 = EDGE_CURVE ( 'NONE', #2870, #10250, #6594, .T. ) ;
#10766 = FACE_BOUND ( 'NONE', #8308, .T. ) ;
#10767 = PLANE ( 'NONE',  #10289 ) ;
#10768 = AXIS2_PLACEMENT_3D ( 'NONE', #6390, #6311, #10248 ) ;
#10769 = CARTESIAN_POINT ( 'NONE',  ( -30.82238325557900200, -21.27047952019500000, 1.342244332636999900 ) ) ;
#10770 = DIRECTION ( 'NONE',  ( -6.839766848137309200E-014, 1.000000000000000000, 0.0000000000000000000 ) ) ;
#10771 = ORIENTED_EDGE ( 'NONE', *, *, #8804, .T. ) ;
#10772 = DIRECTION ( 'NONE',  ( 0.0000000000000000000, -0.9063077870366371700, 0.4226182617407269700 ) ) ;
#10773 = CARTESIAN_POINT ( 'NONE',  ( -51.32238325557899800, -6.111965748481497800, 9.186103157401529300 ) ) ;
#10774 = VECTOR ( 'NONE', #10552, 1000.000000000000000 ) ;
#10775 = VERTEX_POINT ( 'NONE', #2704 ) ;
#10776 = DIRECTION ( 'NONE',  ( 0.0000000000000000000, 0.0000000000000000000, 1.000000000000000000 ) ) ;
#10777 = VECTOR ( 'NONE', #4044, 1000.000000000000100 ) ;
#10778 = DIRECTION ( 'NONE',  ( 0.0000000000000000000, 0.9063077870365755500, -0.4226182617408593700 ) ) ;
#10779 = ORIENTED_EDGE ( 'NONE', *, *, #6234, .F. ) ;
#10780 = EDGE_CURVE ( 'NONE', #7559, #111, #6849, .T. ) ;
#10781 = ORIENTED_EDGE ( 'NONE', *, *, #5268, .F. ) ;
#10782 = ORIENTED_EDGE ( 'NONE', *, *, #1833, .F. ) ;
#10783 = CARTESIAN_POINT ( 'NONE',  ( -30.82238325557900200, -19.03622180330516000, 4.713904524809551700 ) ) ;
#10784 = CARTESIAN_POINT ( 'NONE',  ( -41.62238325557900300, -5.863649496057600000, 10.64998882335699900 ) ) ;
#10785 = DIRECTION ( 'NONE',  ( -1.000000000000000000, 8.843810518728433900E-015, -1.053964295791072500E-014 ) ) ;
#10786 = EDGE_LOOP ( 'NONE', ( #3565, #10350, #8263, #6172 ) ) ;
#10787 = ADVANCED_FACE ( 'F136', ( #27 ), #9545, .T. ) ;
#10788 = DIRECTION ( 'NONE',  ( -7.103455424048832200E-015, 0.4226182617407321900, 0.9063077870366347300 ) ) ;
#10789 = EDGE_CURVE ( 'NONE', #9052, #9260, #6324, .T. ) ;
#10790 = ORIENTED_EDGE ( 'NONE', *, *, #3334, .F. ) ;
#10791 = LINE ( 'NONE', #10551, #10524 ) ;
#10792 = ADVANCED_FACE ( 'F293', ( #8577 ), #7851, .T. ) ;
#10793 = ORIENTED_EDGE ( 'NONE', *, *, #568, .F. ) ;
#10794 = PLANE ( 'NONE',  #5800 ) ;
#10795 = B_SPLINE_CURVE_WITH_KNOTS ( 'NONE', 3,
 ( #10804, #8252, #4899, #10844 ),
 .UNSPECIFIED., .F., .F.,
 ( 4, 4 ),
 ( 0.0000000000000000000, 1.000000000000000000 ),
 .UNSPECIFIED. ) ;
#10796 = EDGE_LOOP ( 'NONE', ( #4561, #2068, #4281, #5496 ) ) ;
#10797 = DIRECTION ( 'NONE',  ( 0.0000000000000000000, -0.9063077870366655900, 0.4226182617406660200 ) ) ;
#10798 = PLANE ( 'NONE',  #7777 ) ;
#10799 = DIRECTION ( 'NONE',  ( 0.0000000000000000000, -0.4226182617406960600, -0.9063077870366514900 ) ) ;
#10800 = VERTEX_POINT ( 'NONE', #6146 ) ;
#10801 = ORIENTED_EDGE ( 'NONE', *, *, #3642, .T. ) ;
#10802 = VECTOR ( 'NONE', #4139, 1000.000000000000000 ) ;
#10803 = ORIENTED_EDGE ( 'NONE', *, *, #8022, .F. ) ;
#10804 = CARTESIAN_POINT ( 'NONE',  ( -51.32238325557880600, -12.21062704092809500, 8.286504585099306700 ) ) ;
#10805 = ORIENTED_EDGE ( 'NONE', *, *, #7061, .F. ) ;
#10806 = CARTESIAN_POINT ( 'NONE',  ( -51.97238325557912500, -11.42924294139804800, 17.43141801386512300 ) ) ;
#10807 = STYLED_ITEM ( 'NONE', ( #9824 ), #10119 ) ;
#10808 =( NAMED_UNIT ( * ) SI_UNIT ( $, .STERADIAN. ) SOLID_ANGLE_UNIT ( ) );
#10809 = ORIENTED_EDGE ( 'NONE', *, *, #6164, .T. ) ;
#10810 = DIRECTION ( 'NONE',  ( -0.0000000000000000000, 0.9063077870366512700, -0.4226182617406968900 ) ) ;
#10811 = ORIENTED_EDGE ( 'NONE', *, *, #824, .T. ) ;
#10812 = VECTOR ( 'NONE', #1068, 1000.000000000000200 ) ;
#10813 = VECTOR ( 'NONE', #4428, 1000.000000000000000 ) ;
#10814 = CARTESIAN_POINT ( 'NONE',  ( -37.46332515255133400, -20.57628783754158500, 0.9599359692195683600 ) ) ;
#10815 = ORIENTED_EDGE ( 'NONE', *, *, #6622, .F. ) ;
#10816 = EDGE_CURVE ( 'NONE', #9995, #4620, #3275, .T. ) ;
#10817 = EDGE_CURVE ( 'NONE', #2751, #10800, #985, .T. ) ;
#10818 = DIRECTION ( 'NONE',  ( -0.9659258262891029500, 0.2345697160096864900, -0.1093816549465617700 ) ) ;
#10819 = CARTESIAN_POINT ( 'NONE',  ( -49.57238325557933200, -7.936021882540811300, 18.72016238453086600 ) ) ;
#10820 = PLANE ( 'NONE',  #10394 ) ;
#10821 = ORIENTED_EDGE ( 'NONE', *, *, #8101, .T. ) ;
#10822 = COLOUR_RGB ( '',1.000000000000000000, 0.6588235294117647000, 0.0000000000000000000 ) ;
#10823 = EDGE_CURVE ( 'NONE', #10390, #9920, #7769, .T. ) ;
#10824 = VECTOR ( 'NONE', #5302, 1000.000000000000100 ) ;
#10825 = VECTOR ( 'NONE', #944, 1000.000000000000000 ) ;
#10826 = MECHANICAL_DESIGN_GEOMETRIC_PRESENTATION_REPRESENTATION (  '', ( #9684 ), #295 ) ;
#10827 = PLANE ( 'NONE',  #7488 ) ;
#10828 = VECTOR ( 'NONE', #5952, 1000.000000000000000 ) ;
#10829 = EDGE_CURVE ( 'NONE', #10627, #3723, #7491, .T. ) ;
#10830 = ORIENTED_EDGE ( 'NONE', *, *, #1637, .F. ) ;
#10831 = LINE ( 'NONE', #2142, #4060 ) ;
#10832 = DIRECTION ( 'NONE',  ( -0.9962405881956771800, 0.05568444403121500900, -0.06636213622590378400 ) ) ;
#10833 = EDGE_CURVE ( 'NONE', #3862, #7408, #5530, .T. ) ;
#10834 = ORIENTED_EDGE ( 'NONE', *, *, #3163, .F. ) ;
#10835 =( NAMED_UNIT ( * ) PLANE_ANGLE_UNIT ( ) SI_UNIT ( $, .RADIAN. ) );
#10836 = DIRECTION ( 'NONE',  ( 1.320382972902144600E-013, 0.4226182617408431000, 0.9063077870365831000 ) ) ;
#10837 = VECTOR ( 'NONE', #922, 1000.000000000000300 ) ;
#10838 = CARTESIAN_POINT ( 'NONE',  ( -53.12238325557899500, -6.592725405493800000, 14.41043405208700000 ) ) ;
#10839 = PLANE ( 'NONE',  #8925 ) ;
#10840 = DIRECTION ( 'NONE',  ( -0.7071067811866292900, -0.2988362387304841500, -0.6408563820555284200 ) ) ;
#10841 = EDGE_CURVE ( 'NONE', #3364, #8248, #3537, .T. ) ;
#10842 = AXIS2_PLACEMENT_3D ( 'NONE', #6301, #2031, #1207 ) ;
#10843 = ADVANCED_FACE ( 'F74', ( #7237 ), #7931, .T. ) ;
#10844 = CARTESIAN_POINT ( 'NONE',  ( -51.32238325557899800, -13.02977908417486200, 7.712928149478414300 ) ) ;
#10845 = LINE ( 'NONE', #6221, #10301 ) ;
#10846 = ORIENTED_EDGE ( 'NONE', *, *, #650, .T. ) ;
#10847 = VECTOR ( 'NONE', #5971, 1000.000000000000100 ) ;
#10848 = LINE ( 'NONE', #1693, #3523 ) ;
#10849 = CARTESIAN_POINT ( 'NONE',  ( -31.42238325557900000, -19.95380723459002700, 7.289936010783943500 ) ) ;
#10850 = VECTOR ( 'NONE', #9416, 1000.000000000000200 ) ;
#10851 =( LENGTH_UNIT ( ) NAMED_UNIT ( * ) SI_UNIT ( .MILLI., .METRE. ) );
#10852 = DIRECTION ( 'NONE',  ( 1.000000000000000000, 0.0000000000000000000, 0.0000000000000000000 ) ) ;
#10853 = ADVANCED_FACE ( 'F35', ( #3014, #704, #2735 ), #8820, .T. ) ;
#10854 = DIRECTION ( 'NONE',  ( -0.0000000000000000000, -0.9063077870367199900, 0.4226182617405492300 ) ) ;
#10855 = CARTESIAN_POINT ( 'NONE',  ( -37.83696912042112400, -21.14872135090536500, 1.226866100285749700 ) ) ;
#10856 = ORIENTED_EDGE ( 'NONE', *, *, #9320, .F. ) ;
#10857 = VECTOR ( 'NONE', #7274, 1000.000000000000200 ) ;
#10858 = ORIENTED_EDGE ( 'NONE', *, *, #4637, .T. ) ;
#10859 = FACE_OUTER_BOUND ( 'NONE', #10023, .T. ) ;
#10860 = DIRECTION ( 'NONE',  ( 0.0000000000000000000, -0.4226182617406085100, -0.9063077870366924600 ) ) ;
#10861 = AXIS2_PLACEMENT_3D ( 'NONE', #5599, #473, #6451 ) ;
#10862 = VECTOR ( 'NONE', #7610, 1000.000000000000000 ) ;
#10863 = DIRECTION ( 'NONE',  ( 1.000000000000000000, 0.0000000000000000000, 0.0000000000000000000 ) ) ;
#10864 = VECTOR ( 'NONE', #106, 1000.000000000000000 ) ;
#10865 = CARTESIAN_POINT ( 'NONE',  ( -51.32238325557932500, -12.01486971836298200, 12.52823013739574900 ) ) ;
#10866 = VERTEX_POINT ( 'NONE', #6296 ) ;
#10867 = CYLINDRICAL_SURFACE ( 'NONE', #10068, 0.8499999999997294200 ) ;
#10868 = EDGE_LOOP ( 'NONE', ( #10684, #8164, #1720, #4328 ) ) ;
#10869 = LINE ( 'NONE', #2374, #4091 ) ;
#10870 = ORIENTED_EDGE ( 'NONE', *, *, #4017, .F. ) ;
#10871 = VERTEX_POINT ( 'NONE', #5449 ) ;
#10872 = VECTOR ( 'NONE', #3609, 1000.000000000000000 ) ;
#10873 = DIRECTION ( 'NONE',  ( -1.000000000000000000, -0.0000000000000000000, -0.0000000000000000000 ) ) ;
#10874 = SURFACE_STYLE_USAGE ( .BOTH. , #10887 ) ;
#10875 = CARTESIAN_POINT ( 'NONE',  ( -29.52238325557900100, -7.469417468160198600, 1.468369455305802700 ) ) ;
#10876 = LINE ( 'NONE', #4583, #4365 ) ;
#10877 = CARTESIAN_POINT ( 'NONE',  ( -29.82238325557900200, -8.314653991641572300, -0.3442461187675630000 ) ) ;
#10878 = VERTEX_POINT ( 'NONE', #3774 ) ;
#10879 = DIRECTION ( 'NONE',  ( 1.000000000000000000, -1.699320956058902800E-014, -1.593113396305221600E-015 ) ) ;
#10880 = CARTESIAN_POINT ( 'NONE',  ( -32.62238325557900300, -9.638386424046611700, 7.169132445326930300 ) ) ;
#10881 = AXIS2_PLACEMENT_3D ( 'NONE', #6359, #1259, #7195 ) ;
#10882 = FACE_OUTER_BOUND ( 'NONE', #946, .T. ) ;
#10883 = CARTESIAN_POINT ( 'NONE',  ( -53.12238325557899500, -7.898358000850000100, 8.748511412981697400 ) ) ;
#10884 = EDGE_CURVE ( 'NONE', #4336, #2477, #9245, .T. ) ;
#10885 = EDGE_LOOP ( 'NONE', ( #1321, #3290, #8062, #5995 ) ) ;
#10886 = VECTOR ( 'NONE', #2686, 1000.000000000000100 ) ;
#10887 = SURFACE_SIDE_STYLE ('',( #7748 ) ) ;
#10888 = VECTOR ( 'NONE', #3154, 1000.000000000000000 ) ;
#10889 = ORIENTED_EDGE ( 'NONE', *, *, #5478, .T. ) ;
#10890 = LINE ( 'NONE', #4304, #4117 ) ;
#10891 = ORIENTED_EDGE ( 'NONE', *, *, #6948, .T. ) ;
#10892 = CARTESIAN_POINT ( 'NONE',  ( -39.42238325557900000, -12.76295202690819900, 1.178340361351901000 ) ) ;
#10893 = CYLINDRICAL_SURFACE ( 'NONE', #4658, 5.900000000000218000 ) ;
#10894 = ADVANCED_FACE ( 'F244', ( #438 ), #6708, .F. ) ;
#10895 = PLANE ( 'NONE',  #6192 ) ;
#10896 = ORIENTED_EDGE ( 'NONE', *, *, #9296, .T. ) ;
#10897 = EDGE_CURVE ( 'NONE', #111, #10516, #1544, .T. ) ;
#10898 = CYLINDRICAL_SURFACE ( 'NONE', #2447, 5.900000000000218000 ) ;
#10899 = EDGE_CURVE ( 'NONE', #1588, #1166, #6970, .T. ) ;
#10900 = CARTESIAN_POINT ( 'NONE',  ( -50.82238325557802500, -5.649108909683612900, 9.567926153023350400 ) ) ;
#10901 = CARTESIAN_POINT ( 'NONE',  ( -51.62238325557900300, -4.980643189124251100, 7.837845432904498600 ) ) ;
#10902 = ORIENTED_EDGE ( 'NONE', *, *, #8722, .F. ) ;
#10903 = ADVANCED_FACE ( 'F80', ( #156 ), #3847, .T. ) ;
#10904 = ORIENTED_EDGE ( 'NONE', *, *, #10540, .F. ) ;
#10905 = CARTESIAN_POINT ( 'NONE',  ( -33.92238325557900000, -4.668717382076396300, 4.575893232819908900 ) ) ;
#10906 = EDGE_CURVE ( 'NONE', #6222, #8996, #8171, .T. ) ;
#10907 = VERTEX_POINT ( 'NONE', #8897 ) ;
#10908 = STYLED_ITEM ( 'NONE', ( #6764 ), #4388 ) ;
#10909 = FILL_AREA_STYLE ('',( #11072 ) ) ;
#10910 = DIRECTION ( 'NONE',  ( 0.0000000000000000000, -0.9063077870366473800, 0.4226182617407049400 ) ) ;
#10911 = CARTESIAN_POINT ( 'NONE',  ( -32.02238325557899400, -12.02056399136204900, 3.480257116228000000 ) ) ;
#10912 = EDGE_LOOP ( 'NONE', ( #8087, #8594, #1541, #3771 ) ) ;
#10913 = ORIENTED_EDGE ( 'NONE', *, *, #9985, .F. ) ;
#10914 = ORIENTED_EDGE ( 'NONE', *, *, #370, .T. ) ;
#10915 = PLANE ( 'NONE',  #9183 ) ;
#10916 = VERTEX_POINT ( 'NONE', #2936 ) ;
#10917 = PRESENTATION_STYLE_ASSIGNMENT (( #3384 ) ) ;
#10918 = DIRECTION ( 'NONE',  ( 0.9659258262893465300, -0.2345697160088983900, 0.1093816549461006000 ) ) ;
#10919 = DIRECTION ( 'NONE',  ( -0.7071067811865473500, 0.2988362387300971800, 0.6408563820557994200 ) ) ;
#10920 = VERTEX_POINT ( 'NONE', #8933 ) ;
#10921 = PLANE ( 'NONE',  #6510 ) ;
#10922 = CARTESIAN_POINT ( 'NONE',  ( -51.32238325557899100, -4.239813837921150100, 7.421676540167699600 ) ) ;
#10923 = DIRECTION ( 'NONE',  ( -0.0000000000000000000, 0.4226182617400650600, 0.9063077870369458100 ) ) ;
#10924 = EDGE_LOOP ( 'NONE', ( #2814, #6846, #9045, #9619 ) ) ;
#10925 = DIRECTION ( 'NONE',  ( 0.0000000000000000000, 0.9063077870366609300, -0.4226182617406758500 ) ) ;
#10926 = ORIENTED_EDGE ( 'NONE', *, *, #451, .T. ) ;
#10927 = FACE_OUTER_BOUND ( 'NONE', #6776, .T. ) ;
#10928 = CARTESIAN_POINT ( 'NONE',  ( -47.37238325557900300, -10.34694469202634800, 2.810182436344261800 ) ) ;
#10929 = ORIENTED_EDGE ( 'NONE', *, *, #10244, .T. ) ;
#10930 = AXIS2_PLACEMENT_3D ( 'NONE', #175, #1925, #1736 ) ;
#10931 = CARTESIAN_POINT ( 'NONE',  ( -32.62238325557900300, -5.091768228908783600, 0.3596534066362392900 ) ) ;
#10932 = VERTEX_POINT ( 'NONE', #9818 ) ;
#10933 =( GEOMETRIC_REPRESENTATION_CONTEXT ( 3 ) GLOBAL_UNCERTAINTY_ASSIGNED_CONTEXT ( ( #182 ) ) GLOBAL_UNIT_ASSIGNED_CONTEXT ( ( #10353, #5250, #107 ) ) REPRESENTATION_CONTEXT ( 'NONE', 'WORKASPACE' ) );
#10934 = VERTEX_POINT ( 'NONE', #7254 ) ;
#10935 = CARTESIAN_POINT ( 'NONE',  ( -53.12238325557866100, -11.70884666412944200, 11.72058214781121400 ) ) ;
#10936 = ORIENTED_EDGE ( 'NONE', *, *, #7168, .T. ) ;
#10937 = ORIENTED_EDGE ( 'NONE', *, *, #2984, .F. ) ;
#10938 = PLANE ( 'NONE',  #6722 ) ;
#10939 = DIRECTION ( 'NONE',  ( 0.0000000000000000000, 0.4226182617406937800, 0.9063077870366526000 ) ) ;
#10940 = DIRECTION ( 'NONE',  ( -1.000000000000000000, 0.0000000000000000000, -0.0000000000000000000 ) ) ;
#10941 =( GEOMETRIC_REPRESENTATION_CONTEXT ( 3 ) GLOBAL_UNCERTAINTY_ASSIGNED_CONTEXT ( ( #5254 ) ) GLOBAL_UNIT_ASSIGNED_CONTEXT ( ( #6818, #6744, #6671 ) ) REPRESENTATION_CONTEXT ( 'NONE', 'WORKASPACE' ) );
#10942 = EDGE_LOOP ( 'NONE', ( #2001, #2885, #7820, #1478, #5511, #3884, #8412, #9556 ) ) ;
#10943 = ADVANCED_FACE ( 'F148', ( #5907 ), #1318, .T. ) ;
#10944 = ORIENTED_EDGE ( 'NONE', *, *, #10817, .F. ) ;
#10945 = SURFACE_STYLE_FILL_AREA ( #2989 ) ;
#10946 = CARTESIAN_POINT ( 'NONE',  ( -32.62238325557900300, -19.95380723459002000, 7.289936010783907100 ) ) ;
#10947 = CARTESIAN_POINT ( 'NONE',  ( -54.32238325557840100, -15.53676940950059100, 10.24141823171784800 ) ) ;
#10948 = AXIS2_PLACEMENT_3D ( 'NONE', #2553, #8496, #3431 ) ;
#10949 = DIRECTION ( 'NONE',  ( 1.000000000000000000, 0.0000000000000000000, 0.0000000000000000000 ) ) ;
#10950 = DIRECTION ( 'NONE',  ( -4.214079423258916300E-014, 0.4226182617407658900, 0.9063077870366189600 ) ) ;
#10951 = ADVANCED_FACE ( 'F230', ( #10454 ), #4770, .T. ) ;
#10952 = CARTESIAN_POINT ( 'NONE',  ( -43.02238325557900100, -2.978244335113775100, 8.201124380966353700 ) ) ;
#10953 = VERTEX_POINT ( 'NONE', #9856 ) ;
#10954 = COLOUR_RGB ( '',1.000000000000000000, 0.3294117647058823500, 0.0000000000000000000 ) ;
#10955 = CARTESIAN_POINT ( 'NONE',  ( -42.42238325557900700, -12.55164289603799900, 1.631494254870250000 ) ) ;
#10956 = ORIENTED_EDGE ( 'NONE', *, *, #8019, .T. ) ;
#10957 = EDGE_CURVE ( 'NONE', #5843, #8541, #3683, .T. ) ;
#10958 = EDGE_CURVE ( 'NONE', #3355, #4575, #10187, .T. ) ;
#10959 = LINE ( 'NONE', #460, #1901 ) ;
#10960 = DIRECTION ( 'NONE',  ( 1.000000000000000000, 0.0000000000000000000, 0.0000000000000000000 ) ) ;
#10961 = CARTESIAN_POINT ( 'NONE',  ( -51.32238325557886300, -9.165808997185154200, 7.069341948271865100 ) ) ;
#10962 = CARTESIAN_POINT ( 'NONE',  ( -33.92238325557900000, -3.218624922818200200, 3.899704014035000100 ) ) ;
#10963 = EDGE_CURVE ( 'NONE', #7646, #205, #5656, .T. ) ;
#10964 = LINE ( 'NONE', #3080, #1904 ) ;
#10965 = ORIENTED_EDGE ( 'NONE', *, *, #5808, .F. ) ;
#10966 = CARTESIAN_POINT ( 'NONE',  ( -39.92238325557900000, -12.07247110886398100, 5.380213289204038900 ) ) ;
#10967 = FACE_OUTER_BOUND ( 'NONE', #9302, .T. ) ;
#10968 = CARTESIAN_POINT ( 'NONE',  ( -32.62238325557900300, -15.93073115540712900, 11.37365070481343000 ) ) ;
#10969 = CARTESIAN_POINT ( 'NONE',  ( -32.62238325557900300, -8.990411361333945800, 12.10802182636297500 ) ) ;
#10970 = EDGE_CURVE ( 'NONE', #4508, #4575, #1654, .T. ) ;
#10971 = CARTESIAN_POINT ( 'NONE',  ( -37.52238325557900100, -4.501771808586915400, 7.267148744758688200 ) ) ;
#10972 = ORIENTED_EDGE ( 'NONE', *, *, #8592, .T. ) ;
#10973 = VECTOR ( 'NONE', #5037, 1000.000000000000000 ) ;
#10974 = EDGE_LOOP ( 'NONE', ( #3472, #10956, #7935, #1730, #1137, #3064, #7709, #3396 ) ) ;
#10975 = FILL_AREA_STYLE ('',( #2442 ) ) ;
#10976 = VECTOR ( 'NONE', #3415, 1000.000000000000000 ) ;
#10977 = CARTESIAN_POINT ( 'NONE',  ( -32.62238325557900300, -8.229309126535918400, 4.139373556068038700 ) ) ;
#10978 = VECTOR ( 'NONE', #4481, 1000.000000000000000 ) ;
#10979 = EDGE_CURVE ( 'NONE', #10644, #1442, #3409, .T. ) ;
#10980 = AXIS2_PLACEMENT_3D ( 'NONE', #2976, #10648, #5533 ) ;
#10981 = AXIS2_PLACEMENT_3D ( 'NONE', #10085, #10939, #5827 ) ;
#10982 = VERTEX_POINT ( 'NONE', #1392 ) ;
#10983 = CYLINDRICAL_SURFACE ( 'NONE', #2427, 7.749999999999968900 ) ;
#10984 = VERTEX_POINT ( 'NONE', #8192 ) ;
#10985 = CARTESIAN_POINT ( 'NONE',  ( -30.82238325557900200, -5.606945513719100700, -1.455008320874699100 ) ) ;
#10986 = CARTESIAN_POINT ( 'NONE',  ( -43.92238325557900000, -12.95104640072000600, 24.43698650652898900 ) ) ;
#10987 = LINE ( 'NONE', #5135, #6453 ) ;
#10988 = DIRECTION ( 'NONE',  ( 0.2588190451005311100, 0.8754260980661923200, -0.4082178936767114100 ) ) ;
#10989 = EDGE_CURVE ( 'NONE', #7273, #9920, #9658, .T. ) ;
#10990 = VERTEX_POINT ( 'NONE', #9047 ) ;
#10991 = ORIENTED_EDGE ( 'NONE', *, *, #520, .T. ) ;
#10992 = LINE ( 'NONE', #7395, #3967 ) ;
#10993 = EDGE_CURVE ( 'NONE', #2357, #327, #7618, .T. ) ;
#10994 = CIRCLE ( 'NONE', #1858, 1.599999999997775000 ) ;
#10995 = ORIENTED_EDGE ( 'NONE', *, *, #2004, .T. ) ;
#10996 =( LENGTH_UNIT ( ) NAMED_UNIT ( * ) SI_UNIT ( .MILLI., .METRE. ) );
#10997 = CYLINDRICAL_SURFACE ( 'NONE', #8649, 8.500000000000083500 ) ;
#10998 = CARTESIAN_POINT ( 'NONE',  ( -30.82238325557900200, -11.70884666413300000, 11.42058214781100000 ) ) ;
#10999 = DIRECTION ( 'NONE',  ( -1.418059170871768100E-014, 0.7660444431189888900, 0.6427876096865262600 ) ) ;
#11000 = ORIENTED_EDGE ( 'NONE', *, *, #7805, .F. ) ;
#11001 = LINE ( 'NONE', #2554, #4495 ) ;
#11002 = VECTOR ( 'NONE', #7681, 1000.000000000000000 ) ;
#11003 = ADVANCED_FACE ( 'F13', ( #5127 ), #1434, .T. ) ;
#11004 = ORIENTED_EDGE ( 'NONE', *, *, #5868, .F. ) ;
#11005 = CARTESIAN_POINT ( 'NONE',  ( -43.12238325557900300, -4.557812991048799700, -2.758116599192100200 ) ) ;
#11006 = AXIS2_PLACEMENT_3D ( 'NONE', #5658, #2238, #8216 ) ;
#11007 = PRESENTATION_STYLE_ASSIGNMENT (( #7007 ) ) ;
#11008 = CARTESIAN_POINT ( 'NONE',  ( -29.82238325557900200, -16.78863180043450500, 3.607234628508234800 ) ) ;
#11010 = CARTESIAN_POINT ( 'NONE',  ( -53.12238325557899500, -6.183152694576199000, 10.35994713495799900 ) ) ;
#11009 = CARTESIAN_POINT ( 'NONE',  ( -29.22238325557900000, -16.60534867041549800, 5.728524139294649800 ) ) ;
#11011 = AXIS2_PLACEMENT_3D ( 'NONE', #1213, #8017, #2950 ) ;
#11012 = ORIENTED_EDGE ( 'NONE', *, *, #10320, .T. ) ;
#11013 = LINE ( 'NONE', #4030, #9277 ) ;
#11014 = ORIENTED_EDGE ( 'NONE', *, *, #6933, .T. ) ;
#11015 = DIRECTION ( 'NONE',  ( 0.0000000000000000000, -0.9063077870366482700, 0.4226182617407029400 ) ) ;
#11016 = FACE_OUTER_BOUND ( 'NONE', #98, .T. ) ;
#11017 = EDGE_CURVE ( 'NONE', #8433, #2674, #3140, .T. ) ;
#11018 = DIRECTION ( 'NONE',  ( 0.0000000000000000000, -0.9063077870366492700, 0.4226182617407007200 ) ) ;
#11019 = SURFACE_STYLE_USAGE ( .BOTH. , #10689 ) ;
#11020 = EDGE_CURVE ( 'NONE', #4446, #1681, #2865, .T. ) ;
#11021 = ORIENTED_EDGE ( 'NONE', *, *, #10522, .T. ) ;
#11022 = CARTESIAN_POINT ( 'NONE',  ( -29.52238325557900100, -16.47166810412900200, 4.286965468785500600 ) ) ;
#11023 = DIRECTION ( 'NONE',  ( 0.0000000000000000000, -0.7660444431190065500, -0.6427876096865052800 ) ) ;
#11024 = LINE ( 'NONE', #8814, #10774 ) ;
#11025 = ORIENTED_EDGE ( 'NONE', *, *, #11098, .T. ) ;
#11026 = DIRECTION ( 'NONE',  ( 1.000000000000000000, -6.003389496264595400E-013, 5.037441912129634800E-013 ) ) ;
#11027 = AXIS2_PLACEMENT_3D ( 'NONE', #4639, #4594, #4574 ) ;
#11028 = CARTESIAN_POINT ( 'NONE',  ( -42.42238325557900700, -10.53712290980941500, 2.402343932177414500 ) ) ;
#11029 = DIRECTION ( 'NONE',  ( 3.235647610741396200E-014, 0.9396926207858861100, 0.3420201433257297200 ) ) ;
#11030 = CARTESIAN_POINT ( 'NONE',  ( -32.02238325557899400, -4.614547938994690800, 0.1371219308225592500 ) ) ;
#11031 = ORIENTED_EDGE ( 'NONE', *, *, #689, .T. ) ;
#11032 = CARTESIAN_POINT ( 'NONE',  ( -49.52238325557830500, -8.536769409500461600, 10.24141823171832800 ) ) ;
#11033 = CARTESIAN_POINT ( 'NONE',  ( -30.82238325557900200, -11.70884666413200200, 6.554627761702014300 ) ) ;
#11034 = ORIENTED_EDGE ( 'NONE', *, *, #9833, .F. ) ;
#11035 = EDGE_CURVE ( 'NONE', #2772, #5446, #564, .T. ) ;
#11036 = EDGE_CURVE ( 'NONE', #10478, #8079, #9370, .T. ) ;
#11037 = DIRECTION ( 'NONE',  ( 0.0000000000000000000, -0.4226182617406590300, -0.9063077870366688100 ) ) ;
#11038 = ORIENTED_EDGE ( 'NONE', *, *, #3867, .T. ) ;
#11039 = VECTOR ( 'NONE', #7363, 1000.000000000000100 ) ;
#11040 = EDGE_LOOP ( 'NONE', ( #8905, #5414, #8227, #249 ) ) ;
#11041 = CARTESIAN_POINT ( 'NONE',  ( -51.32238325557913300, -10.90382141096313800, 11.42058214876516200 ) ) ;
#11042 = EDGE_CURVE ( 'NONE', #3009, #10390, #4873, .T. ) ;
#11043 = CARTESIAN_POINT ( 'NONE',  ( -51.32238325557899100, -7.672809980036829500, 6.170485738298897800 ) ) ;
#11044 = PRESENTATION_LAYER_ASSIGNMENT (  '', '', ( #8747 ) ) ;
#11045 = CARTESIAN_POINT ( 'NONE',  ( -51.32238325557896300, -10.97556160356520600, 9.044348702606853900 ) ) ;
#11046 = DIRECTION ( 'NONE',  ( 1.000000000000000000, 0.0000000000000000000, 0.0000000000000000000 ) ) ;
#11048 = CARTESIAN_POINT ( 'NONE',  ( -51.32238325557899800, -6.111965748481497800, 9.186103157401529300 ) ) ;
#11047 = DIRECTION ( 'NONE',  ( 1.000000000000000000, 0.0000000000000000000, 0.0000000000000000000 ) ) ;
#11049 = CARTESIAN_POINT ( 'NONE',  ( -28.92238325557900300, -11.70640637255638200, 3.444109828943595200 ) ) ;
#11050 = DIRECTION ( 'NONE',  ( 0.0000000000000000000, 0.4226182617407016600, 0.9063077870366489400 ) ) ;
#11051 = CARTESIAN_POINT ( 'NONE',  ( -54.32238325557899800, -5.072350044968599600, 2.479472698113300000 ) ) ;
#11052 = ORIENTED_EDGE ( 'NONE', *, *, #4340, .F. ) ;
#11053 = ORIENTED_EDGE ( 'NONE', *, *, #5104, .F. ) ;
#11054 = ORIENTED_EDGE ( 'NONE', *, *, #6733, .F. ) ;
#11055 = EDGE_CURVE ( 'NONE', #6758, #1470, #289, .T. ) ;
#11056 = CARTESIAN_POINT ( 'NONE',  ( -53.12238325557899500, -11.11803839845500300, 5.652349654472300400 ) ) ;
#11057 = ADVANCED_FACE ( 'F61', ( #8830 ), #768, .T. ) ;
#11058 = CARTESIAN_POINT ( 'NONE',  ( -31.42238325557900000, -20.79904375807132100, 5.477320436710551000 ) ) ;
#11059 = ORIENTED_EDGE ( 'NONE', *, *, #6806, .F. ) ;
#11060 = ORIENTED_EDGE ( 'NONE', *, *, #10236, .F. ) ;
#11061 = FACE_OUTER_BOUND ( 'NONE', #4140, .T. ) ;
#11062 = DIRECTION ( 'NONE',  ( 0.0000000000000000000, -0.9063077870366155200, 0.4226182617407733300 ) ) ;
#11063 = VERTEX_POINT ( 'NONE', #9311 ) ;
#11064 = VERTEX_POINT ( 'NONE', #4247 ) ;
#11065 = CARTESIAN_POINT ( 'NONE',  ( -50.62238325557900300, -6.603963542684852900, 11.54689188932459300 ) ) ;
#11066 = CARTESIAN_POINT ( 'NONE',  ( -40.42238325557900000, -11.03021715377145100, 4.894202288202198900 ) ) ;
#11067 = CARTESIAN_POINT ( 'NONE',  ( -43.62238325557901000, -11.46407355159400000, 1.124352340781400000 ) ) ;
#11068 = ORIENTED_EDGE ( 'NONE', *, *, #2116, .F. ) ;
#11069 = DIRECTION ( 'NONE',  ( -1.000000000000000000, -0.0000000000000000000, -0.0000000000000000000 ) ) ;
#11070 = ORIENTED_EDGE ( 'NONE', *, *, #10906, .T. ) ;
#11071 = AXIS2_PLACEMENT_3D ( 'NONE', #2265, #1973, #1933 ) ;
#11072 = FILL_AREA_STYLE_COLOUR ( '', #9781 ) ;
#11073 = VECTOR ( 'NONE', #1461, 1000.000000000000000 ) ;
#11074 = CARTESIAN_POINT ( 'NONE',  ( -43.02238325557900100, -9.413761710546600300, 13.68465573498600000 ) ) ;
#11075 = FACE_OUTER_BOUND ( 'NONE', #8296, .T. ) ;
#11076 = EDGE_LOOP ( 'NONE', ( #2405, #6842, #1024, #8392 ) ) ;
#11077 = OPEN_SHELL ( 'NONE', ( #9468, #5289, #4501, #4517, #5592, #4930, #3944, #6596, #9087, #9945, #6052, #931, #10894, #7353, #1398, #6904, #8928, #251, #5796, #8133, #533, #5387, #10473, #5641, #9954, #2299, #5909, #10943, #7026, #2401, #9578, #2294, #3730, #3955, #4160, #6073, #6585, #7455, #162, #7682, #8035, #4000, #593, #317, #1028, #5481, #2883, #5146, #4105, #8369, #2239, #3155, #10311, #266, #7865, #5746, #6644, #2770, #6856, #10638, #105, #10573, #8359, #3687, #427, #4114, #4617, #8206, #8557, #4783, #1561, #10951, #10337, #3197, #8312, #8816, #4833, #7561, #1983, #7736, #8672, #9094, #5090, #9681, #5648, #9618, #7799, #8303, #5337, #7404, #5965, #4006, #4169, #1294, #10843, #9038, #8478, #2020, #10110, #1615, #3681, #636, #1569, #8731, #1792, #9794, #4876, #2356, #2718, #9892, #3515, #3040, #10421, #3479, #3842, #10787, #2576, #3086, #4364, #8770, #1349, #9197, #7512, #1412, #9258, #758, #1120, #6637, #7399, #3532, #1829, #4271, #2823, #586, #9525, #3665, #1509, #2629, #3573, #9372, #6477, #3362, #1135, #486, #697, #6695, #10483, #7830, #4324, #4669, #8199, #8258, #8620, #6803, #7983, #909, #7925, #2394, #70, #1514, #8527, #1463, #812, #10532, #5042, #5368, #7037, #9850, #7444, #705, #1082, #8588, #5540, #8250, #5752, #6108, #2082, #6534, #2666, #2512, #2867, #3746, #6484, #198, #5252, #6424, #9142, #10063, #6158, #10281, #2982, #6527, #10853, #7046, #2688, #3897, #6202, #4436, #9433, #6372, #1455, #10002, #10367, #1852, #10685, #2349, #3259, #6988, #4419, #10221, #3786, #10735, #540, #4463, #877, #8869, #4825, #4886, #5230, #7619, #5428, #476, #9043, #5845, #8414, #8760, #6214, #2188, #3247, #4388, #4047, #1885, #1726, #5707, #9317, #7093, #9897, #3303, #5849, #10458, #8638, #5803, #6019, #5698, #3204, #2931, #10792, #6747, #7076, #4569, #7300, #7503, #10119, #2831, #9496, #7249, #9997, #10903, #3628, #12, #366, #7344, #4056, #970 ) ) ;
#11078 = DIRECTION ( 'NONE',  ( -0.0000000000000000000, 0.7660444431190051000, 0.6427876096865070600 ) ) ;
#11079 =( LENGTH_UNIT ( ) NAMED_UNIT ( * ) SI_UNIT ( .MILLI., .METRE. ) );
#11080 = EDGE_LOOP ( 'NONE', ( #6865, #6503, #7326, #574, #363, #3530, #348, #10140, #9126, #4827, #5923, #7006, #4421, #9952, #5960, #6804, #6592, #10926 ) ) ;
#11081 = EDGE_CURVE ( 'NONE', #1566, #2050, #6839, .T. ) ;
#11082 = VECTOR ( 'NONE', #9505, 1000.000000000000000 ) ;
#11083 = LINE ( 'NONE', #5366, #6807 ) ;
#11084 = CARTESIAN_POINT ( 'NONE',  ( -37.32238325557867900, -5.944866372586314000, 0.3301642062730954500 ) ) ;
#11085 = LINE ( 'NONE', #1288, #10825 ) ;
#11086 = EDGE_CURVE ( 'NONE', #5724, #9012, #4612, .T. ) ;
#11087 = CARTESIAN_POINT ( 'NONE',  ( -53.12238325557878900, -8.536769409502307200, 10.24141823171902900 ) ) ;
#11088 = CARTESIAN_POINT ( 'NONE',  ( -47.37238325557901000, -10.93232023911900100, 5.814003374114200500 ) ) ;
#11089 = VECTOR ( 'NONE', #7648, 1000.000000000000200 ) ;
#11090 = ORIENTED_EDGE ( 'NONE', *, *, #65, .T. ) ;
#11091 = LINE ( 'NONE', #3926, #10568 ) ;
#11092 = CONICAL_SURFACE ( 'NONE', #1386, 0.9750000000005454300, 0.7853981633973372600 ) ;
#11093 = CARTESIAN_POINT ( 'NONE',  ( -32.62238325557900300, -15.96269416937500000, 11.30510580015900000 ) ) ;
#11094 = CYLINDRICAL_SURFACE ( 'NONE', #3034, 0.8499999999997519500 ) ;
#11095 = AXIS2_PLACEMENT_3D ( 'NONE', #3923, #4734, #5598 ) ;
#11096 = DIRECTION ( 'NONE',  ( 0.0000000000000000000, -0.9063077870366490500, 0.4226182617407014400 ) ) ;
#11097 = DIRECTION ( 'NONE',  ( 0.0000000000000000000, -0.9063077870366560400, 0.4226182617406864500 ) ) ;
#11098 = EDGE_CURVE ( 'NONE', #887, #7683, #6580, .T. ) ;
#11099 = ORIENTED_EDGE ( 'NONE', *, *, #3928, .F. ) ;
#11100 = LINE ( 'NONE', #5131, #10847 ) ;
#11101 = EDGE_CURVE ( 'NONE', #10696, #4513, #11, .T. ) ;
#11102 = DIRECTION ( 'NONE',  ( -0.9659258262887862000, -0.2345697160108596000, 0.1093816549468428200 ) ) ;
#11103 = DIRECTION ( 'NONE',  ( 0.0000000000000000000, -0.9063077870366615900, 0.4226182617406745700 ) ) ;
#11104 = VECTOR ( 'NONE', #8162, 1000.000000000000000 ) ;
#11105 = CARTESIAN_POINT ( 'NONE',  ( -53.12238325557866100, -11.82569358225205400, 9.044347730077504400 ) ) ;
ENDSEC;
END-ISO-10303-21;
